﻿"pitch_type","game_date","release_speed","release_pos_x","release_pos_z","player_name","batter","pitcher","events","description","spin_dir","spin_rate_deprecated","break_angle_deprecated","break_length_deprecated","zone","des","game_type","stand","p_throws","home_team","away_team","type","hit_location","bb_type","balls","strikes","game_year","pfx_x","pfx_z","plate_x","plate_z","on_3b","on_2b","on_1b","outs_when_up","inning","inning_topbot","hc_x","hc_y","tfs_deprecated","tfs_zulu_deprecated","umpire","sv_id","vx0","vy0","vz0","ax","ay","az","sz_top","sz_bot","hit_distance_sc","launch_speed","launch_angle","effective_speed","release_spin_rate","release_extension","game_pk","fielder_2","fielder_3","fielder_4","fielder_5","fielder_6","fielder_7","fielder_8","fielder_9","release_pos_y","estimated_ba_using_speedangle","estimated_woba_using_speedangle","woba_value","woba_denom","babip_value","iso_value","launch_speed_angle","at_bat_number","pitch_number","pitch_name","home_score","away_score","bat_score","fld_score","post_away_score","post_home_score","post_bat_score","post_fld_score","if_fielding_alignment","of_fielding_alignment","spin_axis","delta_home_win_exp","delta_run_exp","bat_speed","swing_length","estimated_slg_using_speedangle","delta_pitcher_run_exp","hyper_speed","home_score_diff","bat_score_diff","home_win_exp","bat_win_exp","age_pit_legacy","age_bat_legacy","age_pit","age_bat","n_thruorder_pitcher","n_priorpa_thisgame_player_at_bat","pitcher_days_since_prev_game","batter_days_since_prev_game","pitcher_days_until_next_game","batter_days_until_next_game","api_break_z_with_gravity","api_break_x_arm","api_break_x_batter_in","arm_angle"
"CU","2024-09-04","72.6","1.98","5.54","Hill, Rich",664056,448179,"sac_fly","hit_into_play",,,,,12,"Harrison Bader out on a sacrifice fly to left fielder Tyler O'Neill.   Tyrone Taylor scores.","R","R","L","NYM","BOS","X",7,"fly_ball",2,2,2024,"-1.51","-1.02","0.14","3.57",621438,643446,682626,1,8,"Bot",46.94,88.7,,,,,-1.0680318195318501,-105.42607193442178,5.341578449536753,-10.887849695888768,21.646998209688757,-40.987841477073125,"3.09","1.42",334,"90",36,"71.5",2619,"6.1",745776,657136,671213,665839,646240,663853,641933,680776,608701,"54.43",0.006,0.005,"0",1,0,0,3,69,5,"Curveball",7,3,7,3,3,8,8,3,"Strategic","Standard",307,"0.002","-0.232","60.1","7.0",0.008,"0.232","90.0",4,4,"0.994","0.994",44,30,44,30,1,3,3,3,,2,"5.43","-1.51","1.51","39.5"
"CU","2024-09-04","73.9","2.24","5.32","Hill, Rich",664056,448179,,"ball",,,,,13,"Harrison Bader out on a sacrifice fly to left fielder Tyler O'Neill.   Tyrone Taylor scores.","R","R","L","NYM","BOS","B",,,1,2,2024,"-1.52","-0.82","-1.74","1.66",621438,643446,682626,1,8,"Bot",,,,,,,-5.421406553394787,-107.29378228035598,1.4509828689885393,-10.418352795989051,22.788600586420518,-39.01325606690838,"3.12","1.46",,,,"72.8",2520,"6.1",745776,657136,671213,665839,646240,663853,641933,680776,608701,"54.36",,,,,,,,69,4,"Curveball",7,3,7,3,3,7,7,3,"Strategic","Standard",303,"0","0.11",,,,"-0.11",,4,4,"0.994","0.994",44,30,44,30,1,3,3,3,,2,"5.1","-1.52","1.52","36.2"
"FF","2024-09-04","88.3","1.84","5.72","Hill, Rich",664056,448179,,"called_strike",,,,,1,"Harrison Bader out on a sacrifice fly to left fielder Tyler O'Neill.   Tyrone Taylor scores.","R","R","L","NYM","BOS","S",,,1,1,2024,"0.26","1.47","-0.68","3.19",621438,643446,682626,1,8,"Bot",,,,,,,-6.67861993221086,-128.38711800545175,-3.1065893615718814,4.250727644883552,27.101975525509907,-15.435623167894514,"3.19","1.49",,,,"88.2",2113,"6.3",745776,657136,671213,665839,646240,663853,641933,680776,608701,"54.19",,,,,,,,69,3,"4-Seam Fastball",7,3,7,3,3,7,7,3,"Strategic","Standard",152,"0","-0.193",,,,"0.193",,4,4,"0.994","0.994",44,30,44,30,1,3,3,3,,2,"1.46","0.26","-0.26","42.2"
"FC","2024-09-04","84.5","2.08","5.57","Hill, Rich",664056,448179,,"ball",,,,,12,"Harrison Bader out on a sacrifice fly to left fielder Tyler O'Neill.   Tyrone Taylor scores.","R","R","L","NYM","BOS","B",,,0,1,2024,"-0.2","0.62","1.4","4.83",621438,643446,682626,1,8,"Bot",,,,,,,-1.1938606631992028,-123.12041870158167,3.3334647924561063,-1.809857659148385,22.986738371067602,-26.664831625197703,"3.14","1.58",,,,"84.6",2167,"6.1",745776,657136,671213,665839,646240,663853,641933,680776,608701,"54.38",,,,,,,,69,2,"Cutter",7,3,7,3,3,7,7,3,"Strategic","Standard",179,"0","0.048",,,,"-0.048",,4,4,"0.994","0.994",44,30,44,30,1,3,3,3,,2,"2.55","-0.2","0.2","40.9"
"FC","2024-09-04","85.7","1.9","5.59","Hill, Rich",664056,448179,,"foul",,,,,3,"Harrison Bader out on a sacrifice fly to left fielder Tyler O'Neill.   Tyrone Taylor scores.","R","R","L","NYM","BOS","S",,,0,0,2024,"-0.17","0.9","0.55","3.17",621438,643446,682626,1,8,"Bot",,,,,,,-2.859631780689468,-124.80977510251346,-1.2353616357625463,-1.1643162336259196,26.89966314897667,-22.82270058810238,"3.09","1.42",181,"66.9",44,"86",2348,"6.6",745776,657136,671213,665839,646240,663853,641933,680776,608701,"53.93",,,,,,,,69,1,"Cutter",7,3,7,3,3,7,7,3,"Strategic","Standard",169,"0","-0.112","69.3","6.5",,"0.112","88.0",4,4,"0.994","0.994",44,30,44,30,1,3,3,3,,2,"2.22","-0.17","0.17","37.5"
"CU","2024-09-04","72.5","2.09","5.5","Hill, Rich",682626,448179,"walk","ball",,,,,12,"Francisco Alvarez walks.   Jesse Winker scores.    Tyrone Taylor to 3rd.    Jeff McNeil to 2nd.","R","R","L","NYM","BOS","B",,,3,2,2024,"-1.54","-0.72","1.37","3.93",608385,621438,643446,1,8,"Bot",,,,,,,1.1847606712375442,-105.31794261942382,5.630439158218295,-11.546319711023433,21.124707654616678,-38.81560004876663,"3.3","1.56",,,,"71.7",2482,"6.2",745776,657136,671213,665839,646240,663853,641933,680776,608701,"54.33",,0.689131,"0.7",1,0,0,,68,7,"Curveball",6,3,6,3,3,7,7,3,"Strategic","Standard",306,"0.009","0.781",,,,"-0.781",,3,3,"0.985","0.985",44,22,44,23,1,3,3,1,,2,"5.13","-1.54","1.54","37.5"
"FC","2024-09-04","86.1","2.12","5.5","Hill, Rich",682626,448179,,"foul",,,,,4,"Francisco Alvarez walks.   Jesse Winker scores.    Tyrone Taylor to 3rd.    Jeff McNeil to 2nd.","R","R","L","NYM","BOS","S",,,3,2,2024,"-0.21","0.84","-0.69","2.19",608385,621438,643446,1,8,"Bot",,,,,,,-6.248843644512797,-125.19314539187107,-3.283480126167243,-0.8854496455434029,25.74603826804351,-22.861179979411798,"3.31","1.51",4,"84.8",-28,"85.9",2245,"6.3",745776,657136,671213,665839,646240,663853,641933,680776,608701,"54.23",,,,,,,,68,6,"Cutter",6,3,6,3,3,6,6,3,"Strategic","Standard",166,"0","0",,,,"0","88.0",3,3,"0.985","0.985",44,22,44,23,1,3,3,1,,2,"2.24","-0.21","0.21","35.4"
"FF","2024-09-04","88.8","1.92","5.73","Hill, Rich",682626,448179,,"ball",,,,,13,"Francisco Alvarez walks.   Jesse Winker scores.    Tyrone Taylor to 3rd.    Jeff McNeil to 2nd.","R","R","L","NYM","BOS","B",,,2,2,2024,"0.53","1.49","-1","1.63",608385,621438,643446,1,8,"Bot",,,,,,,-8.26684481268447,-128.8837325131901,-7.061506393551106,7.6594255824055075,27.994705948435318,-14.293562389272651,"3.43","1.61",,,,"88.7",2081,"6.5",745776,657136,671213,665839,646240,663853,641933,680776,608701,"54.01",,,,,,,,68,5,"4-Seam Fastball",6,3,6,3,3,6,6,3,"Strategic","Standard",147,"0","0.37",,,,"-0.37",,3,3,"0.985","0.985",44,22,44,23,1,3,3,1,,2,"1.43","0.53","-0.53","41.0"
"CU","2024-09-04","72.7","2.09","5.53","Hill, Rich",682626,448179,,"called_strike",,,,,1,"Francisco Alvarez walks.   Jesse Winker scores.    Tyrone Taylor to 3rd.    Jeff McNeil to 2nd.","R","R","L","NYM","BOS","S",,,2,1,2024,"-1.68","-1.1","-0.54","3.24",608385,621438,643446,1,8,"Bot",,,,,,,-2.3704379212287296,-105.55839367633102,4.896205549562632,-11.828311117845299,22.51648695375264,-41.52762989798946,"3.4","1.59",,,,"71.8",2568,"6.3",745776,657136,671213,665839,646240,663853,641933,680776,608701,"54.22",,,,,,,,68,4,"Curveball",6,3,6,3,3,6,6,3,"Strategic","Standard",310,"0","-0.242",,,,"0.242",,3,3,"0.985","0.985",44,22,44,23,1,3,3,1,,2,"5.52","-1.68","1.68","37.6"
"FF","2024-09-04","88.7","1.93","5.67","Hill, Rich",682626,448179,,"called_strike",,,,,8,"Francisco Alvarez walks.   Jesse Winker scores.    Tyrone Taylor to 3rd.    Jeff McNeil to 2nd.","R","R","L","NYM","BOS","S",,,2,0,2024,"0.76","1.51","0.02","1.65",608385,621438,643446,1,8,"Bot",,,,,,,-6.306514729024378,-128.89924703740735,-6.956619632677009,9.879359336870808,28.526234582436924,-14.01443773649339,"3.59","1.64",,,,"89.2",2112,"6.8",745776,657136,671213,665839,646240,663853,641933,680776,608701,"53.68",,,,,,,,68,3,"4-Seam Fastball",6,3,6,3,3,6,6,3,"Strategic","Standard",144,"0","-0.181",,,,"0.181",,3,3,"0.985","0.985",44,22,44,23,1,3,3,1,,2,"1.41","0.76","-0.76","42.3"
"FF","2024-09-04","87.8","1.75","5.76","Hill, Rich",682626,448179,,"ball",,,,,11,"Francisco Alvarez walks.   Jesse Winker scores.    Tyrone Taylor to 3rd.    Jeff McNeil to 2nd.","R","R","L","NYM","BOS","B",,,1,0,2024,"0.41","1.59","-1.6","2.67",608385,621438,643446,1,8,"Bot",,,,,,,-9.016322005460857,-127.46725316039786,-4.637946135486389,6.365847693085708,26.927519148353444,-14.088051127627715,"3.55","1.7",,,,"88.1",2216,"6.6",745776,657136,671213,665839,646240,663853,641933,680776,608701,"53.85",,,,,,,,68,2,"4-Seam Fastball",6,3,6,3,3,6,6,3,"Strategic","Standard",150,"0","0.17",,,,"-0.17",,3,3,"0.985","0.985",44,22,44,23,1,3,3,1,,2,"1.39","0.41","-0.41","43.1"
"FC","2024-09-04","85.1","2.12","5.55","Hill, Rich",682626,448179,,"ball",,,,,13,"Francisco Alvarez walks.   Jesse Winker scores.    Tyrone Taylor to 3rd.    Jeff McNeil to 2nd.","R","R","L","NYM","BOS","B",,,0,0,2024,"0.2","0.62","-1.29","1.88",608385,621438,643446,1,8,"Bot",,,,,,,-8.423524780455006,-123.65206831449186,-3.510438533612362,3.7884252158557716,25.645868349670334,-25.337717398779617,"3.38","1.59",,,,"85.2",2264,"6.5",745776,657136,671213,665839,646240,663853,641933,680776,608701,"53.96",,,,,,,,68,1,"Cutter",6,3,6,3,3,6,6,3,"Strategic","Standard",152,"0","0.106",,,,"-0.106",,3,3,"0.985","0.985",44,22,44,23,1,3,3,1,,2,"2.55","0.2","-0.2","35.0"
"SI","2024-09-04","86.9","2.87","4.28","Hill, Rich",643446,448179,"walk","ball",,,,,11,"Jeff McNeil walks.   Jose Iglesias scores.    Jesse Winker to 3rd.    Tyrone Taylor to 2nd.","R","L","L","NYM","BOS","B",,,3,0,2024,"1.06","0.79","-1.3","3.16",578428,608385,621438,1,8,"Bot",,,,,,,-12.16981315379677,-125.98196135124887,1.9429269153690298,13.829481907355406,25.842936253140255,-24.420245873316915,"3.59","1.77",,,,"86.9",2053,"6.5",745776,657136,671213,665839,646240,663853,641933,680776,608701,"53.99",,0.689131,"0.7",1,0,0,,67,4,"Sinker",5,3,5,3,3,6,6,3,"Strategic","Standard",118,"0.02","0.419",,,,"-0.419",,2,2,"0.965","0.965",44,32,44,32,1,3,3,1,,2,"2.25","1.06","1.06","7.9"
"ST","2024-09-04","72.1","2.77","4.07","Hill, Rich",643446,448179,,"ball",,,,,13,"Jeff McNeil walks.   Jose Iglesias scores.    Jesse Winker to 3rd.    Tyrone Taylor to 2nd.","R","L","L","NYM","BOS","B",,,2,0,2024,"-1.75","-0.08","-3.03","2.14",578428,608385,621438,1,8,"Bot",,,,,,,-8.498671318826776,-104.50375363913327,3.918279195612318,-11.016370349910265,20.307365606546476,-33.78432256664103,"3.64","1.78",,,,"71.4",2511,"6.3",745776,657136,671213,665839,646240,663853,641933,680776,608701,"54.22",,,,,,,,67,3,"Sweeper",5,3,5,3,3,5,5,3,"Strategic","Standard",281,"0","0.309",,,,"-0.309",,2,2,"0.965","0.965",44,32,44,32,1,3,3,1,,2,"4.55","-1.75","-1.75","7.9"
"SI","2024-09-04","85.9","2.85","4.16","Hill, Rich",643446,448179,,"ball",,,,,13,"Jeff McNeil walks.   Jose Iglesias scores.    Jesse Winker to 3rd.    Tyrone Taylor to 2nd.","R","L","L","NYM","BOS","B",,,1,0,2024,"0.91","0.9","-1.51","2.12",578428,608385,621438,1,8,"Bot",,,,,,,-12.063774225383648,-124.63111112101811,-0.39225648819171877,11.737413919047398,23.25823131882174,-22.912148810446045,"3.65","1.79",,,,"85.5",1979,"6.1",745776,657136,671213,665839,646240,663853,641933,680776,608701,"54.44",,,,,,,,67,2,"Sinker",5,3,5,3,3,5,5,3,"Strategic","Standard",113,"0","0.17",,,,"-0.17",,2,2,"0.965","0.965",44,32,44,32,1,3,3,1,,2,"2.19","0.91","0.91","5.6"
"ST","2024-09-04","71.5","2.85","4.14","Hill, Rich",643446,448179,,"ball",,,,,11,"Jeff McNeil walks.   Jose Iglesias scores.    Jesse Winker to 3rd.    Tyrone Taylor to 2nd.","R","L","L","NYM","BOS","B",,,0,0,2024,"-1.89","0","-1.63","3.11",578428,608385,621438,1,8,"Bot",,,,,,,-5.592301255980872,-103.69020199612287,5.588378099327183,-12.388050464842658,20.023759055028783,-33.51248795491889,"3.58","1.82",,,,"70.4",2468,"6",745776,657136,671213,665839,646240,663853,641933,680776,608701,"54.53",,,,,,,,67,1,"Sweeper",5,3,5,3,3,5,5,3,"Strategic","Standard",276,"0","0.106",,,,"-0.106",,2,2,"0.965","0.965",44,32,44,32,1,3,3,1,,2,"4.54","-1.89","-1.89","5.5"
"SI","2024-09-01","84.6","2.61","3.9","Hill, Rich",700242,448179,"strikeout","called_strike",,,,,9,"Trey Sweeney called out on strikes.","R","L","L","DET","BOS","S",2,,1,2,2024,"1.01","0.95","0.46","2.23",,,656716,1,5,"Bot",,,,,,,-7.066814238021305,-123.04688579637192,0.5690484822547678,11.713861155131132,24.393709719767315,-22.845778919757304,"3.82","1.87",,,,"84.9",2221,"6.5",746426,657136,671213,663853,646240,686765,608701,680776,677800,"54.01",,0,"0",1,0,0,,37,4,"Sinker",2,1,2,1,1,2,2,1,"Infield shade","Standard",114,"-0.026","-0.214",,,,"0.214",,1,1,"0.715","0.715",44,24,44,24,1,1,1,1,3,1,"2.24","1.01","1.01","5.5"
"ST","2024-09-01","71.4","2.64","3.88","Hill, Rich",700242,448179,,"swinging_strike",,,,,13,"Trey Sweeney called out on strikes.","R","L","L","DET","BOS","S",,,1,1,2024,"-1.95","-0.02","-0.86","1.58",,,656716,1,5,"Bot",,,,,,,-3.60345880928718,-103.77514408396881,3.1890642838320713,-13.190811045999213,20.533544698278522,-33.221904368545744,"3.49","1.6",,,,"70.9",2653,"6.4",746426,657136,671213,663853,646240,686765,608701,680776,677800,"54.15",,,,,,,,37,3,"Sweeper",2,1,2,1,1,2,2,1,"Standard","Standard",274,"0","-0.069","64.7","8.8",,"0.069",,1,1,"0.715","0.715",44,24,44,24,1,1,1,1,3,1,"4.57","-1.95","-1.95","4.0"
"SI","2024-09-01","85.1","2.52","4.12","Hill, Rich",700242,448179,,"ball",,,,,11,"Trey Sweeney called out on strikes.","R","L","L","DET","BOS","B",,,0,1,2024,"0.8","1.11","-1.19","2.99",,,656716,1,5,"Bot",,,,,,,-10.309741354421345,-123.57546936530598,1.4998677274741272,10.2561370390087,24.901975169483933,-21.40668019323499,"3.76","1.75",,,,"85.1",2165,"6.4",746426,657136,671213,663853,646240,686765,608701,680776,677800,"54.06",,,,,,,,37,2,"Sinker",2,1,2,1,1,2,2,1,"Standard","Standard",122,"0","0.035",,,,"-0.035",,1,1,"0.715","0.715",44,24,44,24,1,1,1,1,3,1,"2.06","0.8","0.8","7.6"
"ST","2024-09-01","70.4","2.7","3.96","Hill, Rich",700242,448179,,"called_strike",,,,,14,"Trey Sweeney called out on strikes.","R","L","L","DET","BOS","S",,,0,0,2024,"-2.05","-0.11","0.98","2.65",,,656716,1,5,"Bot",,,,,,,0.07271686502202379,-102.18753906656823,5.384660511680784,-14.234326513877342,19.15631332974417,-34.183486308684635,"3.77","1.75",,,,"69.9",2626,"6.3",746426,657136,671213,663853,646240,686765,608701,680776,677800,"54.17",,,,,,,,37,1,"Sweeper",2,1,2,1,1,2,2,1,"Standard","Standard",277,"0","-0.047",,,,"0.047",,1,1,"0.715","0.715",44,24,44,24,1,1,1,1,3,1,"4.78","-2.05","-2.05","4.2"
"ST","2024-09-01","71.3","2.66","4.07","Hill, Rich",656716,448179,"hit_by_pitch","hit_by_pitch",,,,,14,"Zach McKinstry hit by pitch.","R","L","L","DET","BOS","B",,,0,1,2024,"-1.84","0.06","2.08","1.56",,,,1,5,"Bot",,,,,,,1.97731502473649,-103.67301799414234,2.650586208761509,-13.496908371984238,20.523942561886024,-32.53529535977752,"3.28","1.55",,,,"70.7",2541,"6.3",746426,657136,671213,663853,646240,686765,608701,680776,677800,"54.18",,0.720192,"0.7",1,0,0,,36,2,"Sweeper",2,1,2,1,1,2,2,1,"Standard","Standard",279,"0.023","0.292",,,,"-0.292",,1,1,"0.692","0.692",44,29,44,29,1,1,1,1,3,3,"4.5","-1.84","-1.84","11.0"
"FF","2024-09-01","88.1","1.64","5.51","Hill, Rich",656716,448179,,"called_strike",,,,,12,"Zach McKinstry hit by pitch.","R","L","L","DET","BOS","S",,,0,0,2024,"0.38","1.44","0.09","3.45",,,,1,5,"Bot",,,,,,,-4.580266885100371,-128.25447217528188,-1.875018690555183,5.218650390848204,28.090582645537733,-16.16355624031097,"3.28","1.75",,,,"88.2",2275,"6.4",746426,657136,671213,663853,646240,686765,608701,680776,677800,"54.06",,,,,,,,36,1,"4-Seam Fastball",2,1,2,1,1,2,2,1,"Standard","Standard",152,"0","-0.023",,,,"0.023",,1,1,"0.692","0.692",44,29,44,29,1,1,1,1,3,3,"1.51","0.38","0.38","44.1"
"CU","2024-09-01","72.6","1.91","5.33","Hill, Rich",679529,448179,"home_run","hit_into_play",,,,,6,"Spencer Torkelson homers (8) on a fly ball to left field.   Kerry Carpenter scores.","R","R","L","DET","BOS","X",,"fly_ball",1,0,2024,"-1.65","-0.98","0.38","2.38",,,681481,1,5,"Bot",41.8,74.86,,,,,-0.22789700935348156,-105.53993998754127,3.286874224031684,-12.184937874478212,20.504038996405676,-40.268471026896975,"3.45","1.57",370,"101.1",26,"72.1",2688,"6.3",746426,657136,671213,663853,646240,686765,608701,680776,677800,"54.2",0.591,1.041,"2",1,0,3,6,35,2,"Curveball",0,1,0,1,1,2,2,1,"Standard","Standard",310,"0.28","1.649","75.6","8.0",1.932,"-1.649","101.1",-1,-1,"0.412","0.412",44,24,44,25,1,1,1,1,3,1,"5.36","-1.65","1.65","37.3"
"FC","2024-09-01","84.8","1.95","5.31","Hill, Rich",679529,448179,,"ball",,,,,4,"Spencer Torkelson homers (8) on a fly ball to left field.   Kerry Carpenter scores.","R","R","L","DET","BOS","B",,,0,0,2024,"-0.19","0.53","-0.81","2.49",,,681481,1,5,"Bot",,,,,,,-6.084212692315914,-123.51662713028719,-1.3666298118335725,-0.849780922012683,22.877693280596997,-26.6966396121653,"3.48","1.59",,,,"85.2",2388,"6.4",746426,657136,671213,663853,646240,686765,608701,680776,677800,"54.13",,,,,,,,35,1,"Cutter",0,1,0,1,1,0,0,1,"Standard","Standard",180,"0","0.043",,,,"-0.043",,-1,-1,"0.412","0.412",44,24,44,25,1,1,1,1,3,1,"2.62","-0.19","0.19","41.3"
"SI","2024-09-01","86.6","2.75","3.94","Hill, Rich",690291,448179,"strikeout","swinging_strike",,,,,8,"Jace Jung strikes out swinging.","R","L","L","DET","BOS","S",2,,2,2,2024,"0.9","0.8","-0.24","2.04",,,681481,0,5,"Bot",,,,,,,-8.97813923218913,-125.87042841854151,-0.02422853618041587,11.21086299177753,22.531590644901122,-23.733456124905718,"3.42","1.65",,,,"87.1",2196,"6.4",746426,657136,671213,663853,646240,686765,608701,680776,677800,"54.09",,0,"0",1,0,0,,34,5,"Sinker",0,1,0,1,1,0,0,1,"Infield shade","Standard",109,"-0.05","-0.342","65.3","6.2",,"0.342",,-1,-1,"0.462","0.462",44,23,44,24,1,1,1,2,3,1,"2.21","0.9","0.9","3.5"
"ST","2024-09-01","71.8","2.74","3.75","Hill, Rich",690291,448179,,"ball",,,,,13,"Jace Jung strikes out swinging.","R","L","L","DET","BOS","B",,,1,2,2024,"-1.97","0.11","-2.4","1.87",,,681481,0,5,"Bot",,,,,,,-6.832419580555719,-104.14003724909043,3.7896966532722303,-12.806923380482022,20.567779536537586,-32.430408345320025,"3.25","1.67",,,,"71.4",2709,"6.6",746426,657136,671213,663853,646240,686765,608701,680776,677800,"53.95",,,,,,,,34,4,"Sweeper",0,1,0,1,1,0,0,1,"Infield shade","Standard",276,"0","0.067",,,,"-0.067",,-1,-1,"0.462","0.462",44,23,44,24,1,1,1,2,3,1,"4.41","-1.97","-1.97","1.9"
"ST","2024-09-01","70.1","2.59","3.86","Hill, Rich",690291,448179,,"swinging_strike",,,,,5,"Jace Jung strikes out swinging.","R","L","L","DET","BOS","S",,,1,1,2024,"-1.82","0.09","0.09","2.49",,,681481,0,5,"Bot",,,,,,,-1.818426597268644,-101.99333552407487,4.877839613952876,-12.387089464923719,17.186764103139,-32.567804671913755,"3.42","1.65",,,,"69.9",2639,"6.2",746426,657136,671213,663853,646240,686765,608701,680776,677800,"54.28",,,,,,,,34,3,"Sweeper",0,1,0,1,1,0,0,1,"Infield shade","Standard",274,"0","-0.074","67.6","8.1",,"0.074",,-1,-1,"0.462","0.462",44,23,44,24,1,1,1,2,3,1,"4.56","-1.82","-1.82","4.8"
"FF","2024-09-01","87.3","1.84","5.56","Hill, Rich",690291,448179,,"called_strike",,,,,2,"Jace Jung strikes out swinging.","R","L","L","DET","BOS","S",,,1,0,2024,"0.32","1.35","0.16","3.67",,,681481,0,5,"Bot",,,,,,,-4.701050912380561,-127.2194072327239,-1.2288444602045037,4.418594706106031,24.031084343914383,-17.400642456122217,"3.64","1.9",,,,"87.9",2075,"6.4",746426,657136,671213,663853,646240,686765,608701,680776,677800,"54.11",,,,,,,,34,2,"4-Seam Fastball",0,1,0,1,1,0,0,1,"Standard","Standard",149,"0","-0.074",,,,"0.074",,-1,-1,"0.462","0.462",44,23,44,24,1,1,1,2,3,1,"1.61","0.32","0.32","40.2"
"SI","2024-09-01","85","2.63","4.1","Hill, Rich",690291,448179,,"ball",,,,,12,"Jace Jung strikes out swinging.","R","L","L","DET","BOS","B",,,0,0,2024,"0.75","0.77","0.05","4.34",,,681481,0,5,"Bot",,,,,,,-7.562489367588972,-123.4089640430754,5.375213466491875,9.1362126075272,23.746396859745552,-25.624365448059542,"3.46","1.67",,,,"85.1",2114,"6.4",746426,657136,671213,663853,646240,686765,608701,680776,677800,"54.11",,,,,,,,34,1,"Sinker",0,1,0,1,1,0,0,1,"Standard","Standard",115,"0","0.062",,,,"-0.062",,-1,-1,"0.462","0.462",44,23,44,24,1,1,1,2,3,1,"2.39","0.75","0.75","5.7"
"ST","2024-09-01","71.7","2.64","3.98","Hill, Rich",681481,448179,"walk","ball",,,,,13,"Kerry Carpenter walks.","R","L","L","DET","BOS","B",,,3,2,2024,"-1.87","0","-1.1","2.47",,,,0,5,"Bot",,,,,,,-4.227065007004947,-104.16917708137187,4.667627653785868,-12.614312677457061,20.489414305867925,-33.38877385930109,"3.35","1.69",,,,"71.1",2620,"6.3",746426,657136,671213,663853,646240,686765,608701,680776,677800,"54.16",,0.689131,"0.7",1,0,0,,33,12,"Sweeper",0,1,0,1,1,0,0,1,"Standard","Standard",278,"0.055","0.333",,,,"-0.333",,-1,-1,"0.407","0.407",44,26,44,27,1,1,1,2,3,1,"4.52","-1.87","-1.87","7.6"
"ST","2024-09-01","70.2","2.61","3.87","Hill, Rich",681481,448179,,"ball",,,,,13,"Kerry Carpenter walks.","R","L","L","DET","BOS","B",,,2,2,2024,"-1.83","0.17","-1.08","1.58",,,,0,5,"Bot",,,,,,,-4.0865151305991,-102.03416073904168,3.060693977608265,-11.885081522056861,19.308146536375045,-31.829842412059957,"3.3","1.69",,,,"69.5",2536,"6.2",746426,657136,671213,663853,646240,686765,608701,680776,677800,"54.34",,,,,,,,33,11,"Sweeper",0,1,0,1,1,0,0,1,"Standard","Standard",272,"0","0.096",,,,"-0.096",,-1,-1,"0.407","0.407",44,26,44,27,1,1,1,2,3,1,"4.52","-1.83","-1.83","2.1"
"ST","2024-09-01","70.3","2.62","3.88","Hill, Rich",681481,448179,,"foul",,,,,14,"Kerry Carpenter walks.","R","L","L","DET","BOS","S",,,2,2,2024,"-1.74","0.09","0.84","2.03",,,,0,5,"Bot",,,,,,,-0.5581910755209178,-102.25258636650791,3.8955232445956045,-12.125526129501706,16.9714889598503,-32.37608060411899,"3.44","1.61",20,"67.9",-4,"70.1",2373,"6.1",746426,657136,671213,663853,646240,686765,608701,680776,677800,"54.35",,,,,,,,33,10,"Sweeper",0,1,0,1,1,0,0,1,"Standard","Standard",275,"0","0","74.7","7.8",,"0","88.0",-1,-1,"0.407","0.407",44,26,44,27,1,1,1,2,3,1,"4.52","-1.74","-1.74","3.3"
"CU","2024-09-01","71.4","1.91","5.2","Hill, Rich",681481,448179,,"foul",,,,,12,"Kerry Carpenter walks.","R","L","L","DET","BOS","S",,,2,2,2024,"-1.58","-0.74","1.26","3.03",,,,0,5,"Bot",,,,,,,1.3822493274876158,-103.9055758919885,4.474552696969852,-11.708140610006167,17.04487618097604,-38.4855669519624,"3.44","1.61",219,"95.6",18,"71.5",2670,"6.3",746426,657136,671213,663853,646240,686765,608701,680776,677800,"54.18",,,,,,,,33,9,"Curveball",0,1,0,1,1,0,0,1,"Standard","Standard",305,"0","0","71.6","7.4",,"0","95.6",-1,-1,"0.407","0.407",44,26,44,27,1,1,1,2,3,1,"5.2","-1.58","-1.58","34.8"
"SI","2024-09-01","86","2.73","3.92","Hill, Rich",681481,448179,,"foul",,,,,4,"Kerry Carpenter walks.","R","L","L","DET","BOS","S",,,2,2,2024,"0.89","0.64","-0.48","2.48",,,,0,5,"Bot",,,,,,,-9.440443329850986,-125.0643344895389,1.4884544578048104,11.073029012993699,20.98744812683264,-25.88192074081543,"3.44","1.61",254,"80.8",39,"87",2129,"6.6",746426,657136,671213,663853,646240,686765,608701,680776,677800,"53.93",,,,,,,,33,8,"Sinker",0,1,0,1,1,0,0,1,"Standard","Standard",112,"0","0","55.7","6.5",,"0","88.0",-1,-1,"0.407","0.407",44,26,44,27,1,1,1,2,3,1,"2.41","0.89","0.89","3.7"
"ST","2024-09-01","70.6","2.55","3.91","Hill, Rich",681481,448179,,"foul",,,,,6,"Kerry Carpenter walks.","R","L","L","DET","BOS","S",,,2,2,2024,"-1.89","0.12","0.8","2.6",,,,0,5,"Bot",,,,,,,-0.2503498467540785,-102.66760205288918,4.903846520202949,-13.28123256896615,18.086425193361602,-32.386732642059066,"3.44","1.61",157,"63",56,"70.4",2575,"6.3",746426,657136,671213,663853,646240,686765,608701,680776,677800,"54.22",,,,,,,,33,7,"Sweeper",0,1,0,1,1,0,0,1,"Infield shade","Standard",274,"0","0","73.2","6.7",,"0","88.0",-1,-1,"0.407","0.407",44,26,44,27,1,1,1,2,3,1,"4.48","-1.89","-1.89","0.7"
"SI","2024-09-01","85.2","2.66","4.01","Hill, Rich",681481,448179,,"foul",,,,,12,"Kerry Carpenter walks.","R","L","L","DET","BOS","S",,,2,2,2024,"0.79","0.91","0.39","3.65",,,,0,5,"Bot",,,,,,,-6.939236544835141,-123.86206451779677,3.6134057059213,9.432486304601342,22.523290968010986,-23.641480405949316,"3.44","1.61",3,"57.7",-47,"85.8",2166,"6.6",746426,657136,671213,663853,646240,686765,608701,680776,677800,"53.95",,,,,,,,33,6,"Sinker",0,1,0,1,1,0,0,1,"Standard","Standard",119,"0","0","66.2","6.7",,"0","88.0",-1,-1,"0.407","0.407",44,26,44,27,1,1,1,2,3,1,"2.21","0.79","0.79","4.7"
"ST","2024-09-01","70.2","2.62","3.83","Hill, Rich",681481,448179,,"foul",,,,,8,"Kerry Carpenter walks.","R","L","L","DET","BOS","S",,,2,2,2024,"-1.61","0.1","-0.23","1.86",,,,0,5,"Bot",,,,,,,-2.83289822652542,-102.13433799844351,3.7289173942509892,-10.732062477255035,17.893764921602106,-32.39051312151545,"3.44","1.61",2,"53.8",-40,"70",2580,"6.3",746426,657136,671213,663853,646240,686765,608701,680776,677800,"54.24",,,,,,,,33,5,"Sweeper",0,1,0,1,1,0,0,1,"Infield shade","Standard",274,"0","0","62.8","8.6",,"0","88.0",-1,-1,"0.407","0.407",44,26,44,27,1,1,1,2,3,1,"4.55","-1.61","-1.61","0.0"
"SI","2024-09-01","84.8","2.5","3.85","Hill, Rich",681481,448179,,"ball",,,,,11,"Kerry Carpenter walks.","R","L","L","DET","BOS","B",,,1,2,2024,"0.76","0.86","-1.97","2.63",,,,0,5,"Bot",,,,,,,-11.965755163121122,-123.00329008523836,1.76363154687754,9.942453862561852,22.206265756698354,-23.970168602150096,"3.3","1.72",,,,"85.1",2211,"6.5",746426,657136,671213,663853,646240,686765,608701,680776,677800,"54.01",,,,,,,,33,4,"Sinker",0,1,0,1,1,0,0,1,"Standard","Standard",106,"0","0.036",,,,"-0.036",,-1,-1,"0.407","0.407",44,26,44,27,1,1,1,2,3,1,"2.31","0.76","0.76","3.6"
"ST","2024-09-01","71","2.37","3.94","Hill, Rich",681481,448179,,"ball",,,,,13,"Kerry Carpenter walks.","R","L","L","DET","BOS","B",,,0,2,2024,"-1.91","-0.06","-2.49","1.34",,,,0,5,"Bot",,,,,,,-6.276587463034469,-103.0396643445318,2.761268584169853,-12.116795583293202,20.885361394504894,-33.41854629894276,"3.33","1.69",,,,"70",2601,"6.2",746426,657136,671213,663853,646240,686765,608701,680776,677800,"54.32",,,,,,,,33,3,"Sweeper",0,1,0,1,1,0,0,1,"Standard","Standard",276,"0","0.021",,,,"-0.021",,-1,-1,"0.407","0.407",44,26,44,27,1,1,1,2,3,1,"4.69","-1.91","-1.91","1.3"
"ST","2024-09-01","70.3","2.51","3.88","Hill, Rich",681481,448179,,"foul_tip",,,,,4,"Kerry Carpenter walks.","R","L","L","DET","BOS","S",,,0,1,2024,"-1.67","0.07","-0.77","2.52",,,,0,5,"Bot",,,,,,,-3.5823147422592347,-102.11455504861745,4.914357578983009,-11.065352687618365,17.154197476154817,-32.74456126745922,"3.44","1.61",,,,"70",2628,"6.2",746426,657136,671213,663853,646240,686765,608701,680776,677800,"54.31",,,,,,,,33,2,"Sweeper",0,1,0,1,1,0,0,1,"Standard","Standard",277,"0","-0.049","69.6","8.1",,"0.049",,-1,-1,"0.407","0.407",44,26,44,27,1,1,1,2,3,1,"4.57","-1.67","-1.67","3.1"
"FF","2024-09-01","86.8","1.55","5.48","Hill, Rich",681481,448179,,"called_strike",,,,,5,"Kerry Carpenter walks.","R","L","L","DET","BOS","S",,,0,0,2024,"0.48","1.29","-0.07","2.43",,,,0,5,"Bot",,,,,,,-4.866038537833929,-126.31554376909472,-3.794407070444039,6.116765495609802,24.816716575536358,-17.756004882027376,"3.41","1.67",,,,"87",2153,"6.3",746426,657136,671213,663853,646240,686765,608701,680776,677800,"54.16",,,,,,,,33,1,"4-Seam Fastball",0,1,0,1,1,0,0,1,"Standard","Standard",152,"0","-0.033",,,,"0.033",,-1,-1,"0.407","0.407",44,26,44,27,1,1,1,2,3,1,"1.72","0.48","0.48","42.3"
"FF","2024-08-31","87.8","1.93","5.47","Hill, Rich",628451,448179,"strikeout","called_strike",,,,,5,"Andy Ibáñez called out on strikes.","R","R","L","DET","BOS","S",2,,0,2,2024,"0.43","1.3","-0.02","2.33",,,,2,8,"Bot",,,,,,,-5.623775173441641,-127.71163570746036,-4.188320908117401,5.876125932702381,25.635945952848406,-17.23503069827379,"3.07","1.48",,,,"88.1",2172,"6.5",746424,643376,671213,657136,663853,678882,608701,680776,641933,"54.03",,0,"0",1,0,0,,59,3,"4-Seam Fastball",2,1,2,1,1,2,2,1,"Standard","Standard",150,"-0.007","-0.061",,,,"0.061",,1,1,"0.849","0.849",44,31,44,31,1,0,2,1,1,2,"1.65","0.43","-0.43","41.5"
"FC","2024-08-31","84.7","2.32","5.26","Hill, Rich",628451,448179,,"called_strike",,,,,3,"Andy Ibáñez called out on strikes.","R","R","L","DET","BOS","S",,,0,1,2024,"-0.1","0.72","0.71","2.67",,,,2,8,"Bot",,,,,,,-3.574736342496674,-123.33589722332405,-1.1818516108201862,-0.352174213665526,23.718466262029448,-24.787886982303622,"3.02","1.52",,,,"85.3",2291,"6.6",746424,643376,671213,657136,663853,678882,608701,680776,641933,"53.95",,,,,,,,59,2,"Cutter",2,1,2,1,1,2,2,1,"Standard","Standard",179,"0","-0.022",,,,"0.022",,1,1,"0.849","0.849",44,31,44,31,1,0,2,1,1,2,"2.44","-0.1","0.1","35.0"
"CU","2024-08-31","72.2","2.29","5.2","Hill, Rich",628451,448179,,"called_strike",,,,,4,"Andy Ibáñez called out on strikes.","R","R","L","DET","BOS","S",,,0,0,2024,"-1.56","-0.86","-0.53","2.12",,,,2,8,"Bot",,,,,,,-2.962599686533115,-104.90307156747389,2.919724468359318,-10.793279757912488,20.462399185035988,-39.29053578417007,"3.07","1.49",,,,"72",2610,"6.5",746424,643376,671213,657136,663853,678882,608701,680776,641933,"53.96",,,,,,,,59,1,"Curveball",2,1,2,1,1,2,2,1,"Standard","Standard",308,"0","-0.016",,,,"0.016",,1,1,"0.849","0.849",44,31,44,31,1,0,2,1,1,2,"5.3","-1.56","1.56","34.0"
"FF","2024-08-31","87.2","2.07","5.51","Hill, Rich",663837,448179,"field_out","hit_into_play",,,,,6,"Matt Vierling grounds out, shortstop Ceddanne Rafaela to first baseman Triston Casas.","R","R","L","DET","BOS","X",6,"ground_ball",1,2,2024,"0.55","1.35","0.44","2.7",,,,1,8,"Bot",116.24,149.88,,,,,-5.081839548717513,-126.92544260925422,-3.42123719739361,6.964896639591448,24.870034055762297,-17.02085343709428,"3.48","1.69",33,"105.2",-3,"87.8",2139,"6.5",746424,643376,671213,657136,663853,678882,608701,680776,641933,"53.96",0.4,0.399,"0",1,0,0,2,58,4,"4-Seam Fastball",2,1,2,1,1,2,2,1,"Standard","Standard",145,"-0.009","-0.115","70.7","7.3",0.416,"0.115","105.2",1,1,"0.858","0.858",44,27,44,28,1,3,2,1,1,1,"1.63","0.55","-0.55","41.5"
"CU","2024-08-31","71.5","2.29","5.38","Hill, Rich",663837,448179,,"called_strike",,,,,6,"Matt Vierling grounds out, shortstop Ceddanne Rafaela to first baseman Triston Casas.","R","R","L","DET","BOS","S",,,1,1,2024,"-1.5","-0.96","0.74","2.76",,,,1,8,"Bot",,,,,,,-0.5230214767918107,-103.87155800224923,4.082559391873848,-10.665542408423171,19.47419546265852,-40.101450217944176,"3.48","1.77",,,,"71.2",2632,"6.4",746424,643376,671213,657136,663853,678882,608701,680776,641933,"54.06",,,,,,,,58,3,"Curveball",2,1,2,1,1,2,2,1,"Standard","Standard",313,"0","-0.039",,,,"0.039",,1,1,"0.858","0.858",44,27,44,28,1,3,2,1,1,1,"5.48","-1.5","1.5","43.0"
"FF","2024-08-31","87.8","2.02","5.51","Hill, Rich",663837,448179,,"ball",,,,,1,"Matt Vierling grounds out, shortstop Ceddanne Rafaela to first baseman Triston Casas.","R","R","L","DET","BOS","B",,,0,1,2024,"0.45","1.29","-0.72","3.12",,,,1,8,"Bot",,,,,,,-7.5751185994957,-127.75589651508443,-2.4273152315461264,6.3706249026178625,23.500910069289123,-17.619241069945865,"3.56","1.75",,,,"88.5",2148,"6.5",746424,643376,671213,657136,663853,678882,608701,680776,641933,"54.01",,,,,,,,58,2,"4-Seam Fastball",2,1,2,1,1,2,2,1,"Standard","Standard",149,"0","0.015",,,,"-0.015",,1,1,"0.858","0.858",44,27,44,28,1,3,2,1,1,1,"1.64","0.45","-0.45","44.7"
"FC","2024-08-31","82.8","2.26","5.35","Hill, Rich",663837,448179,,"called_strike",,,,,14,"Matt Vierling grounds out, shortstop Ceddanne Rafaela to first baseman Triston Casas.","R","R","L","DET","BOS","S",,,0,0,2024,"-0.09","0.45","1.05","2.6",,,,1,8,"Bot",,,,,,,-2.5972049181338948,-120.78172184330019,-0.773036905446656,-0.48056000528837944,20.487572179355176,-27.78341205965487,"3.56","1.75",,,,"83.5",2223,"6.3",746424,643376,671213,657136,663853,678882,608701,680776,641933,"54.15",,,,,,,,58,1,"Cutter",2,1,2,1,1,2,2,1,"Standard","Standard",183,"0","-0.023",,,,"0.023",,1,1,"0.858","0.858",44,27,44,28,1,3,2,1,1,1,"2.82","-0.09","0.09","32.9"
"ST","2024-08-31","68.9","2.91","4.01","Hill, Rich",682985,448179,"field_out","hit_into_play",,,,,5,"Riley Greene lines out sharply to center fielder Jarren Duran.","R","L","L","DET","BOS","X",8,"line_drive",1,0,2024,"-1.8","-0.02","-0.05","2.46",,,,0,8,"Bot",118.61,66.55,,,,,-2.6816793044230898,-100.1825422689307,4.927148207861277,-11.591197464475426,17.496343889398567,-33.37762817172996,"3.58","1.63",329,"107.8",18,"68.3",2546,"6",746424,643376,671213,657136,663853,678882,608701,680776,641933,"54.46",0.669,0.862,"0",1,0,0,6,57,2,"Sweeper",2,1,2,1,1,2,2,1,"Standard","Standard",279,"-0.013","-0.262","76.4","6.9",1.386,"0.262","107.8",1,1,"0.871","0.871",44,23,44,24,1,3,2,1,1,1,"4.86","-1.8","-1.8","4.8"
"FF","2024-08-31","86.6","1.68","5.52","Hill, Rich",682985,448179,,"ball",,,,,11,"Riley Greene lines out sharply to center fielder Jarren Duran.","R","L","L","DET","BOS","B",,,0,0,2024,"0.26","1.33","-1.63","3.22",,,,0,8,"Bot",,,,,,,-8.4553586449102,-125.92807850572324,-2.0534255370536902,4.295571229689826,23.156810758510353,-17.69429611265131,"3.66","1.75",,,,"87.4",2127,"6.6",746424,643376,671213,657136,663853,678882,608701,680776,641933,"53.9",,,,,,,,57,1,"4-Seam Fastball",2,1,2,1,1,2,2,1,"Standard","Standard",150,"0","0.034",,,,"-0.034",,1,1,"0.871","0.871",44,23,44,24,1,3,2,1,1,1,"1.69","0.26","0.26","43.7"
"SI","2024-08-31","85.9","2.88","4.08","Hill, Rich",682985,448179,,"ball",,,,,13,"With Riley Greene batting, Parker Meadows picked off and caught stealing 2nd base, shortstop Ceddanne Rafaela.","R","L","L","DET","BOS","B",,,0,0,2024,"1.14","0.76","-1.41","1.83",,,678009,2,7,"Bot",,,,,,,-12.44926735086436,-124.52096207981295,-0.5786777120780229,14.207494397322453,23.396560262138127,-24.345776243753065,"3.58","1.72",,,,"86.2",2046,"6.5",746424,643376,671213,657136,663853,678882,608701,680776,641933,"53.97",,,,,,,,53,1,"Sinker",2,1,2,1,1,2,2,1,"Standard","Standard",102,"0","0.028",,,,"-0.028",,1,1,"0.773","0.773",44,23,44,24,1,3,2,1,1,1,"2.34","1.14","1.14","6.0"
"ST","2024-08-29","70.5","2.61","4.03","Hill, Rich",680718,448179,"strikeout","foul_tip",,,,,11,"Addison Barger strikes out on a foul tip.","R","L","L","BOS","TOR","S",2,,3,2,2024,"-1.96","0.02","-0.93","2.62",,,,2,8,"Top",,,,,,,-3.5885039915555415,-102.29620841176292,5.066446866207196,-12.75404162668387,21.48706062489916,-33.36530764189662,"3.57","1.67",,,,"69.3",2614,"6.1",746914,643376,671213,681508,686765,678882,641933,680776,677800,"54.39",,0,"0",1,0,0,,54,6,"Sweeper",0,2,2,0,2,0,2,0,"Strategic","Standard",277,"0.006","-0.125","71.9","8.0",,"0.125",,-2,2,"0.15","0.85",44,24,44,25,1,3,,1,2,1,"4.7","-1.96","-1.96","3.9"
"SI","2024-08-29","85.7","2.56","4.04","Hill, Rich",680718,448179,,"called_strike",,,,,6,"Addison Barger strikes out on a foul tip.","R","L","L","BOS","TOR","S",,,3,1,2024,"1.1","1.08","0.47","2.46",,,,2,8,"Top",,,,,,,-7.185618884377725,-124.68421801756757,0.3554745269416659,12.910139708380102,25.61933508914237,-21.18403364966248,"3.68","1.71",,,,"85.8",2237,"6.4",746914,643376,671213,681508,686765,678882,641933,680776,677800,"54.07",,,,,,,,54,5,"Sinker",0,2,2,0,2,0,2,0,"Strategic","Standard",101,"0","-0.034",,,,"0.034",,-2,2,"0.15","0.85",44,24,44,25,1,3,,1,2,1,"2.03","1.1","1.1","6.6"
"ST","2024-08-29","70.6","2.7","4.04","Hill, Rich",680718,448179,,"ball",,,,,13,"Addison Barger strikes out on a foul tip.","R","L","L","BOS","TOR","B",,,2,1,2024,"-1.98","-0.09","-1.34","1.61",,,,2,8,"Top",,,,,,,-4.5277916528335584,-102.42841442828862,3.261863095446154,-12.697566359540783,21.58645071950851,-33.78239243965045,"3.74","1.71",,,,"69.3",2604,"6.1",746914,643376,671213,681508,686765,678882,641933,680776,677800,"54.41",,,,,,,,54,4,"Sweeper",0,2,2,0,2,0,2,0,"Strategic","Standard",274,"0","0.043",,,,"-0.043",,-2,2,"0.15","0.85",44,24,44,25,1,3,,1,2,1,"4.8","-1.98","-1.98","3.7"
"SI","2024-08-29","85","2.71","4.03","Hill, Rich",680718,448179,,"called_strike",,,,,6,"Addison Barger strikes out on a foul tip.","R","L","L","BOS","TOR","S",,,2,0,2024,"1.09","0.59","0.54","2.79",,,,2,8,"Top",,,,,,,-7.265685716222699,-123.56557622214275,2.229692234642685,12.605261058580075,23.929473374508067,-26.800544992997374,"3.66","1.69",,,,"85",2234,"6.3",746914,643376,671213,681508,686765,678882,641933,680776,677800,"54.2",,,,,,,,54,3,"Sinker",0,2,2,0,2,0,2,0,"Standard","Standard",109,"0","-0.023",,,,"0.023",,-2,2,"0.15","0.85",44,24,44,25,1,3,,1,2,1,"2.57","1.09","1.09","1.8"
"ST","2024-08-29","70","2.56","3.98","Hill, Rich",680718,448179,,"ball",,,,,13,"Addison Barger strikes out on a foul tip.","R","L","L","BOS","TOR","B",,,1,0,2024,"-1.99","0.06","-0.87","1.81",,,,2,8,"Top",,,,,,,-3.319148708806867,-101.8046371126133,3.4655351079295986,-13.084512095481712,18.82418097833817,-32.65076275486814,"3.7","1.72",,,,"69.2",2618,"6",746914,643376,671213,681508,686765,678882,641933,680776,677800,"54.53",,,,,,,,54,2,"Sweeper",0,2,2,0,2,0,2,0,"Infield shade","Standard",275,"0","0.026",,,,"-0.026",,-2,2,"0.15","0.85",44,24,44,25,1,3,,1,2,1,"4.65","-1.99","-1.99","0.9"
"ST","2024-08-29","71.6","2.52","4.01","Hill, Rich",680718,448179,,"ball",,,,,11,"Addison Barger strikes out on a foul tip.","R","L","L","BOS","TOR","B",,,0,0,2024,"-1.9","0.06","-1.01","3.05",,,,2,8,"Top",,,,,,,-3.723348494675382,-103.97376348883051,5.583950003902496,-13.050758711691769,18.94256477978083,-32.987421646819236,"3.75","1.81",,,,"71.2",2582,"6.3",746914,643376,671213,681508,686765,678882,641933,680776,677800,"54.21",,,,,,,,54,1,"Sweeper",0,2,2,0,2,0,2,0,"Infield shade","Standard",277,"0","0.015",,,,"-0.015",,-2,2,"0.15","0.85",44,24,44,25,1,3,,1,2,1,"4.43","-1.9","-1.9","3.1"
"ST","2024-08-29","70.9","2.54","4.08","Hill, Rich",687462,448179,"field_out","hit_into_play",,,,,7,"Spencer Horwitz grounds out, second baseman Mickey Gasper to first baseman Triston Casas.","R","L","L","BOS","TOR","X",4,"ground_ball",1,1,2024,"-1.78","-0.19","-0.77","1.98",,,,1,8,"Top",151.68,132.79,,,,,-3.4834557865304645,-103.07298506110253,3.886573323786025,-11.906113791990029,19.249978483741973,-34.51848473915074,"3.56","1.71",133,"70.4",17,"70.3",2604,"6.1",746914,643376,671213,681508,686765,678882,641933,680776,677800,"54.36",0.603,0.543,"0",1,0,0,4,53,3,"Sweeper",0,2,2,0,2,0,2,0,"Standard","Standard",273,"0.009","-0.154","71.8","7.7",0.64,"0.154","88.0",-2,2,"0.141","0.859",44,26,44,27,1,3,,1,2,1,"4.78","-1.78","-1.78","4.9"
"ST","2024-08-29","71.5","2.71","4.04","Hill, Rich",687462,448179,,"ball",,,,,11,"Spencer Horwitz grounds out, second baseman Mickey Gasper to first baseman Triston Casas.","R","L","L","BOS","TOR","B",,,0,1,2024,"-1.94","0.13","-1.51","3.16",,,,1,8,"Top",,,,,,,-5.000551154588412,-103.67372538130864,5.7272760615374185,-12.842803717090515,20.466346062649073,-32.68754663584019,"3.65","1.66",,,,"70.6",2694,"6.2",746914,643376,671213,681508,686765,678882,641933,680776,677800,"54.32",,,,,,,,53,2,"Sweeper",0,2,2,0,2,0,2,0,"Standard","Standard",279,"0","0.015",,,,"-0.015",,-2,2,"0.141","0.859",44,26,44,27,1,3,,1,2,1,"4.43","-1.94","-1.94","4.3"
"SI","2024-08-29","87.1","2.61","4.14","Hill, Rich",687462,448179,,"called_strike",,,,,4,"Spencer Horwitz grounds out, second baseman Mickey Gasper to first baseman Triston Casas.","R","L","L","BOS","TOR","S",,,0,0,2024,"1.17","0.8","-0.41","2.38",,,,1,8,"Top",,,,,,,-9.661685533863706,-126.52106948764097,0.31935492985503533,14.473370013917112,24.723623119685556,-23.816476400935095,"3.75","1.67",,,,"87.4",2161,"6.5",746914,643376,671213,681508,686765,678882,641933,680776,677800,"54.02",,,,,,,,53,1,"Sinker",0,2,2,0,2,0,2,0,"Standard","Standard",116,"0","-0.023",,,,"0.023",,-2,2,"0.141","0.859",44,26,44,27,1,3,,1,2,1,"2.2","1.17","1.17","6.8"
"FC","2024-08-29","83","1.9","5.55","Hill, Rich",665489,448179,"field_out","hit_into_play",,,,,4,"Vladimir Guerrero Jr.  grounds out, third baseman Nick Sogard to first baseman Triston Casas.","R","R","L","BOS","TOR","X",5,"ground_ball",2,1,2024,"-0.26","0.52","-0.39","2.6",,,,0,8,"Top",90.29,155.49,,,,,-4.717828978661767,-120.77250321960966,-1.258630131612286,-1.5945642288293265,24.106730822005137,-27.106114131602226,"3.62","1.62",43,"98.7",-1,"82.8",2243,"6.2",746914,643376,671213,681508,686765,678882,641933,680776,677800,"54.29",0.371,0.327,"0",1,0,0,2,52,4,"Cutter",0,2,2,0,2,0,2,0,"Standard","Standard",195,"0.011","-0.265","84.4","8.0",0.407,"0.265","98.7",-2,2,"0.13","0.87",44,25,44,25,1,3,,1,2,1,"2.8","-0.26","0.26","36.7"
"SI","2024-08-29","82","1.81","5.51","Hill, Rich",665489,448179,,"ball",,,,,13,"Vladimir Guerrero Jr.  grounds out, third baseman Nick Sogard to first baseman Triston Casas.","R","R","L","BOS","TOR","B",,,1,1,2024,"1.46","0.61","-1.72","-0.2",,,,0,8,"Top",,,,,,,-10.8167587433332,-118.69864293363248,-7.5058914015553695,15.85229463507229,22.881036456013934,-25.08075262446435,"3.62","1.68",,,,"82.1",1972,"6.7",746914,643376,671213,681508,686765,678882,641933,680776,677800,"53.82",,,,,,,,52,3,"Sinker",0,2,2,0,2,0,2,0,"Infield shade","Standard",131,"0","0.048",,,,"-0.048",,-2,2,"0.13","0.87",44,25,44,25,1,3,,1,2,1,"2.82","1.46","-1.46","34.7"
"FC","2024-08-29","81.8","1.91","5.46","Hill, Rich",665489,448179,,"ball",,,,,12,"Vladimir Guerrero Jr.  grounds out, third baseman Nick Sogard to first baseman Triston Casas.","R","R","L","BOS","TOR","B",,,0,1,2024,"-0.28","0.54","1.07","3.73",,,,0,8,"Top",,,,,,,-1.3418716238666366,-119.13425888138293,1.6382297262561005,-2.423721255076445,23.869826549748094,-27.62340999374062,"3.7","1.66",,,,"81.6",2307,"6.2",746914,643376,671213,681508,686765,678882,641933,680776,677800,"54.26",,,,,,,,52,2,"Cutter",0,2,2,0,2,0,2,0,"Infield shade","Standard",202,"0","0.023",,,,"-0.023",,-2,2,"0.13","0.87",44,25,44,25,1,3,,1,2,1,"2.88","-0.28","0.28","36.9"
"FF","2024-08-29","85.7","1.51","5.69","Hill, Rich",665489,448179,,"called_strike",,,,,11,"Vladimir Guerrero Jr.  grounds out, third baseman Nick Sogard to first baseman Triston Casas.","R","R","L","BOS","TOR","S",,,0,0,2024,"0.58","1.43","-0.91","2.79",,,,0,8,"Top",,,,,,,-6.8916082927490105,-124.50908248827635,-3.392082234846316,7.524474495763048,26.97963565888975,-16.910767289700715,"3.72","1.65",,,,"85.5",2111,"6.4",746914,643376,671213,681508,686765,678882,641933,680776,677800,"54.1",,,,,,,,52,1,"4-Seam Fastball",0,2,2,0,2,0,2,0,"Infield shade","Standard",151,"0","-0.033",,,,"0.033",,-2,2,"0.13","0.87",44,25,44,25,1,3,,1,2,1,"1.71","0.58","-0.58","45.1"
"ST","2024-08-29","70.3","2.72","4","Hill, Rich",662139,448179,"strikeout","swinging_strike",,,,,13,"Daulton Varsho strikes out swinging.","R","L","L","BOS","TOR","S",2,,3,2,2024,"-1.88","0.31","-1.24","2.34",,543807,,2,7,"Top",,,,,,,-4.53051183579815,-102.14485060208837,3.998618243902742,-12.190469196434389,19.163649985553292,-31.03010814647252,"3.31","1.54",,,,"69.5",2589,"6.1",746914,643376,671213,681508,686765,678882,641933,680776,677800,"54.45",,0,"0",1,0,0,,48,7,"Sweeper",0,2,2,0,2,0,2,0,"Standard","Standard",279,"0.025","-0.331","75.0","8.7",,"0.331",,-2,2,"0.184","0.816",44,27,44,28,1,3,,1,2,1,"4.37","-1.88","-1.88","2.3"
"SI","2024-08-29","83.5","2.81","4.03","Hill, Rich",662139,448179,,"foul",,,,,12,"Daulton Varsho strikes out swinging.","R","L","L","BOS","TOR","S",,,3,2,2024,"0.9","0.96","1.01","3.58",,543807,,2,7,"Top",,,,,,,-5.890574982746689,-121.38556774077412,3.5239936381141206,10.10509273221636,24.37378460083637,-23.605575028851902,"3.31","1.54",81,"55.5",76,"83.2",2067,"6.2",746914,643376,671213,681508,686765,678882,641933,680776,677800,"54.31",,,,,,,,48,6,"Sinker",0,2,2,0,2,0,2,0,"Standard","Standard",115,"0","0","67.0","6.3",,"0","88.0",-2,2,"0.184","0.816",44,27,44,28,1,3,,1,2,1,"2.32","0.9","0.9","0.6"
"ST","2024-08-29","70.5","2.66","3.99","Hill, Rich",662139,448179,,"ball",,,,,11,"Daulton Varsho strikes out swinging.","R","L","L","BOS","TOR","B",,,2,2,2024,"-1.82","0.19","-2.03","3.38",,,543807,2,7,"Top",,,,,,,-6.011377629502855,-102.14960665332782,6.2804394687438645,-11.318013600373646,20.45327303992406,-32.454253170692695,"3.4","1.5",,,,"69.1",2488,"5.9",746914,643376,671213,681508,686765,678882,641933,680776,677800,"54.62",,,,,,,,48,5,"Sweeper",0,2,2,0,2,0,2,0,"Infield shade","Standard",278,"-0.009","0.072",,,,"-0.072",,-2,2,"0.193","0.807",44,27,44,28,1,3,,1,2,1,"4.52","-1.82","-1.82","3.2"
"ST","2024-08-29","69.1","2.62","4.07","Hill, Rich",662139,448179,,"ball",,,,,12,"Daulton Varsho strikes out swinging.","R","L","L","BOS","TOR","B",,,1,2,2024,"-1.78","0.21","0.48","3.58",,,543807,2,7,"Top",,,,,,,-1.180614103682046,-100.25973743872501,6.632863232807074,-11.643093151404004,18.812880592569567,-32.29203216671417,"3.35","1.52",,,,"68.3",2424,"6.1",746914,643376,671213,681508,686765,678882,641933,680776,677800,"54.35",,,,,,,,48,4,"Sweeper",0,2,2,0,2,0,2,0,"Infield shade","Standard",272,"0","0.032",,,,"-0.032",,-2,2,"0.193","0.807",44,27,44,28,1,3,,1,2,1,"4.66","-1.78","-1.78","4.6"
"ST","2024-08-29","70.6","2.63","4.12","Hill, Rich",662139,448179,,"swinging_strike",,,,,11,"Daulton Varsho strikes out swinging.","R","L","L","BOS","TOR","S",,,1,1,2024,"-1.93","-0.02","-1.15","2.54",,,543807,2,7,"Top",,,,,,,-4.09532483625143,-102.42401451097545,4.743365964816015,-12.50409450724957,21.050427291561984,-33.55848473797421,"3.31","1.54",,,,"69.3",2573,"6",746914,643376,671213,681508,686765,678882,641933,680776,677800,"54.55",,,,,,,,48,3,"Sweeper",0,2,2,0,2,0,2,0,"Standard","Standard",276,"0","-0.05","67.8","7.8",,"0.05",,-2,2,"0.193","0.807",44,27,44,28,1,3,,1,2,1,"4.71","-1.93","-1.93","4.8"
"SI","2024-08-29","83.2","2.63","4.07","Hill, Rich",662139,448179,,"swinging_strike",,,,,12,"Daulton Varsho strikes out swinging.","R","L","L","BOS","TOR","S",,,1,0,2024,"0.95","0.92","0.32","3.49",,,543807,2,7,"Top",,,,,,,-7.140066875567237,-120.89849229612014,3.3289305636013684,10.717520499684277,23.111557856986895,-24.064978539754474,"3.31","1.54",,,,"83",2076,"6.2",746914,643376,671213,681508,686765,678882,641933,680776,677800,"54.31",,,,,,,,48,2,"Sinker",0,2,2,0,2,0,2,0,"Infield shade","Standard",113,"0","-0.04","56.1","6.2",,"0.04",,-2,2,"0.193","0.807",44,27,44,28,1,3,,1,2,1,"2.38","0.95","0.95","1.9"
"ST","2024-08-29","69.1","2.54","4.08","Hill, Rich",662139,448179,,"ball",,,,,13,"Daulton Varsho strikes out swinging.","R","L","L","BOS","TOR","B",,,0,0,2024,"-1.85","-0.01","-2.37","2.37",,,543807,2,7,"Top",,,,,,,-6.305463705328697,-100.19551585531512,4.735360522326735,-10.997318529742,19.65691533531897,-33.45493759971992,"3.45","1.58",,,,"68.1",2487,"6.2",746914,643376,671213,681508,686765,678882,641933,680776,677800,"54.3",,,,,,,,48,1,"Sweeper",0,2,2,0,2,0,2,0,"Infield shade","Standard",275,"0","0.028",,,,"-0.028",,-2,2,"0.193","0.807",44,27,44,28,1,3,,1,2,1,"4.9","-1.85","-1.85","2.2"