﻿"pitch_type","game_date","release_speed","release_pos_x","release_pos_z","player_name","batter","pitcher","events","description","spin_dir","spin_rate_deprecated","break_angle_deprecated","break_length_deprecated","zone","des","game_type","stand","p_throws","home_team","away_team","type","hit_location","bb_type","balls","strikes","game_year","pfx_x","pfx_z","plate_x","plate_z","on_3b","on_2b","on_1b","outs_when_up","inning","inning_topbot","hc_x","hc_y","tfs_deprecated","tfs_zulu_deprecated","umpire","sv_id","vx0","vy0","vz0","ax","ay","az","sz_top","sz_bot","hit_distance_sc","launch_speed","launch_angle","effective_speed","release_spin_rate","release_extension","game_pk","fielder_2","fielder_3","fielder_4","fielder_5","fielder_6","fielder_7","fielder_8","fielder_9","release_pos_y","estimated_ba_using_speedangle","estimated_woba_using_speedangle","woba_value","woba_denom","babip_value","iso_value","launch_speed_angle","at_bat_number","pitch_number","pitch_name","home_score","away_score","bat_score","fld_score","post_away_score","post_home_score","post_bat_score","post_fld_score","if_fielding_alignment","of_fielding_alignment","spin_axis","delta_home_win_exp","delta_run_exp","bat_speed","swing_length","estimated_slg_using_speedangle","delta_pitcher_run_exp","hyper_speed","home_score_diff","bat_score_diff","home_win_exp","bat_win_exp","age_pit_legacy","age_bat_legacy","age_pit","age_bat","n_thruorder_pitcher","n_priorpa_thisgame_player_at_bat","pitcher_days_since_prev_game","batter_days_since_prev_game","pitcher_days_until_next_game","batter_days_until_next_game","api_break_z_with_gravity","api_break_x_arm","api_break_x_batter_in","arm_angle"
"FA","2024-06-20","56.5","-1.23","6.64","Trevino, Jose",656811,624431,"field_out","hit_into_play",,,,,5,"Ryan O'Hearn lines out to center fielder Trent Grisham.","R","L","R","NYY","BAL","X",8,"line_drive",3,2,2024,"-0.13","1.63","-0.27","2.29",602104,668939,663624,2,9,"Top",128.66,56.43,,,,,1.6385806087884824,-82.31985301901734,0.49515078249454647,-0.8271156354148171,11.020103373044016,-25.04135472832054,"3.52","1.68",352,"95.8",21,"55.3",,"5.1",745734,669224,700250,665828,518934,683011,657077,663757,663330,"55.43",0.211,0.252,"0",1,0,0,3,90,6,"Other",5,17,17,5,17,5,17,5,"Strategic","Standard",,"0","-1.069","75.3","6.7",0.406,"1.069","95.8",-12,12,"0","1",31,30,32,31,1,6,54,1,,1,"5.5","0.13","-0.13","50.8"
"KN","2024-06-20","58.2","-1.67","6.29","Trevino, Jose",656811,624431,,"ball",,,,,11,"Ryan O'Hearn lines out to center fielder Trent Grisham.","R","L","R","NYY","BAL","B",,,2,2,2024,"0.28","0.17","-2.44","4.55",602104,668939,663624,2,9,"Top",,,,,,,-1.5562063151168375,-84.19603267069755,6.297545467833674,1.5620086940079811,14.82239683058702,-32.76941647344332,"3.76","1.7",,,,"55.5",,"4.6",745734,669224,700250,665828,518934,683011,657077,663757,663330,"55.91",,,,,,,,90,5,"Knuckleball",5,17,17,5,17,5,17,5,"Strategic","Standard",,"0","0.3",,,,"-0.3",,-12,12,"0","1",31,30,32,31,1,6,54,1,,1,"6.81","-0.28","0.28","38.2"
"KN","2024-06-20","61.4","-1.64","6.38","Trevino, Jose",656811,624431,,"ball",,,,,13,"Ryan O'Hearn lines out to center fielder Trent Grisham.","R","L","R","NYY","BAL","B",,,1,2,2024,"-0.2","-0.39","-2.71","2.26",602104,668939,663624,2,9,"Top",,,,,,,-1.48679757505153,-89.1408080309895,2.571545110718289,-0.7683078050602276,16.491328122019063,-34.97731627828055,"3.76","1.68",,,,"59.8",,"5.6",745734,669224,700250,665828,518934,683011,657077,663757,663330,"54.87",,,,,,,,90,4,"Knuckleball",5,17,17,5,17,5,17,5,"Strategic","Standard",,"0","0.152",,,,"-0.152",,-12,12,"0","1",31,30,32,31,1,6,54,1,,1,"6.61","0.2","-0.2","38.5"
"FA","2024-06-20","55.9","-1.18","6.72","Trevino, Jose",656811,624431,,"foul",,,,,3,"Ryan O'Hearn lines out to center fielder Trent Grisham.","R","L","R","NYY","BAL","S",,,1,1,2024,"-0.05","1.68","0.43","3.22",602104,668939,663624,2,9,"Top",,,,,,,2.4680595014528657,-81.27531880299426,1.9171285328984702,-0.5277166496034335,10.604820182479315,-25.176150222622482,"3.52","1.68",102,"46.6",29,"54.5",,"4.9",745734,669224,700250,665828,518934,683011,657077,663757,663330,"55.58",,,,,,,,90,3,"Other",5,17,17,5,17,5,17,5,"Strategic","Standard",,"0","-0.146","73.6","6.5",,"0.146","88.0",-12,12,"0","1",31,30,32,31,1,6,54,1,,1,"5.62","0.05","-0.05","52.8"
"KN","2024-06-20","59.2","-1.66","6.65","Trevino, Jose",656811,624431,,"ball",,,,,11,"Ryan O'Hearn lines out to center fielder Trent Grisham.","R","L","R","NYY","BAL","B",,,0,1,2024,"-0.17","1.54","-1.12","4.71",602104,668939,663624,2,9,"Top",,,,,,,1.0854378245990284,-85.95361753059794,3.8418575733817373,-1.0237353613548965,14.793847263492218,-25.623229609439562,"3.78","1.68",,,,"56.8",,"4.6",745734,669224,700250,665828,518934,683011,657077,663757,663330,"55.86",,,,,,,,90,2,"Knuckleball",5,17,17,5,17,5,17,5,"Strategic","Standard",,"0","0.092",,,,"-0.092",,-12,12,"0","1",31,30,32,31,1,6,54,1,,1,"5.13","0.17","-0.17","43.6"
"FA","2024-06-20","60.5","-1.31","6.87","Trevino, Jose",656811,624431,,"foul",,,,,2,"Ryan O'Hearn lines out to center fielder Trent Grisham.","R","L","R","NYY","BAL","S",,,0,0,2024,"-0.18","1.96","-0.26","3.19",602104,668939,663624,2,9,"Top",,,,,,,1.9465414657492466,-88.12588615920825,-0.03273316104591384,-1.2370040455883877,13.709876297146305,-22.25702983807517,"3.52","1.68",191,"70.6",51,"58.6",,"4.6",745734,669224,700250,665828,518934,683011,657077,663757,663330,"55.88",,,,,,,,90,1,"Other",5,17,17,5,17,5,17,5,"Infield shade","Standard",,"0","-0.129","70.3","5.9",,"0.129","88.0",-12,12,"0","1",31,30,32,31,1,6,54,1,,1,"4.3","0.18","-0.18","49.1"
"FA","2024-06-20","68.9","-1.02","6.84","Trevino, Jose",663624,624431,"single","hit_into_play",,,,,12,"Ryan Mountcastle singles on a line drive to center fielder Trent Grisham.   Cedric Mullins scores.    Ramón Urías to 3rd.    Adley Rutschman to 2nd.","R","R","R","NYY","BAL","X",8,"line_drive",0,2,2024,"-0.19","1.85","1.16","3.2",656775,602104,668939,2,9,"Top",104.05,76.77,,,,,4.365446317199638,-100.28531528197163,-2.1004580237724952,-2.013746343938358,16.324609671690236,-19.568218797130687,"3.68","1.83",276,"90.3",15,"67.5",,"5.1",745734,669224,700250,665828,518934,683011,657077,663757,663330,"55.37",0.966,0.918,"0.9",1,1,0,4,89,3,"Other",5,16,16,5,17,5,17,5,"Standard","Standard",,"0","1.766","68.4","7.7",1.135,"-1.766","90.3",-11,11,"0","1",31,27,32,27,1,6,54,1,,1,"2.95","0.19","0.19","53.5"
"KN","2024-06-20","58.6","-1.21","6.77","Trevino, Jose",663624,624431,,"foul",,,,,2,"Ryan Mountcastle singles on a line drive to center fielder Trent Grisham.   Cedric Mullins scores.    Ramón Urías to 3rd.    Adley Rutschman to 2nd.","R","R","R","NYY","BAL","S",,,0,1,2024,"0.99","0.54","0.03","3.3",656775,602104,668939,2,9,"Top",,,,,,,0.6263311757851162,-85.13988874069942,2.927331957576774,4.608396913394714,14.471066024570465,-30.343278547265363,"3.68","1.83",231,"78.5",22,"56.5",,"4.8",745734,669224,700250,665828,518934,683011,657077,663757,663330,"55.66",,,,,,,,89,2,"Knuckleball",5,16,16,5,16,5,16,5,"Standard","Standard",,"0","-0.121","67.8","6.0",,"0.121","88.0",-11,11,"0","1",31,27,32,27,1,6,54,1,,1,"6.25","-0.99","-0.99","51.5"
"FA","2024-06-20","61.2","-1.01","6.89","Trevino, Jose",663624,624431,,"swinging_strike",,,,,8,"Ryan Mountcastle singles on a line drive to center fielder Trent Grisham.   Cedric Mullins scores.    Ramón Urías to 3rd.    Adley Rutschman to 2nd.","R","R","R","NYY","BAL","S",,,0,0,2024,"-0.41","1.63","0.16","2.14",656775,602104,668939,2,9,"Top",,,,,,,2.5002418640265387,-89.21372128336057,-1.6379849722791997,-2.534123047660199,12.498732124999432,-23.43984000016629,"3.68","1.83",,,,"59.9",,"4.9",745734,669224,700250,665828,518934,683011,657077,663757,663330,"55.62",,,,,,,,89,1,"Other",5,16,16,5,16,5,16,5,"Standard","Standard",,"0","-0.129","77.9","8.4",,"0.129",,-11,11,"0","1",31,27,32,27,1,6,54,1,,1,"4.42","0.41","0.41","54.6"
"KN","2024-06-20","60.1","-1.42","6.52","Trevino, Jose",668939,624431,"walk","ball",,,,,11,"Adley Rutschman walks.   Ramón Urías to 2nd.","R","L","R","NYY","BAL","B",,,3,2,2024,"0.6","0.34","-1.38","3.4",656775,,602104,2,9,"Top",,,,,,,-0.7617311594554088,-87.26325576327194,3.3934146585524143,3.131211841822237,15.335794616018184,-31.35434114600271,"3.51","1.76",,,,"57.6",,"4.6",745734,669224,700250,665828,518934,683011,657077,663757,663330,"55.87",,0.689131,"0.7",1,0,0,,88,7,"Knuckleball",5,16,16,5,16,5,16,5,"Infield shade","Standard",,"0","0.299",,,,"-0.299",,-11,11,"0","1",31,26,32,26,1,6,54,1,,1,"6.13","-0.6","0.6","47.4"
"FA","2024-06-20","63.6","-1.27","6.65","Trevino, Jose",668939,624431,,"foul",,,,,3,"Adley Rutschman walks.   Ramón Urías to 2nd.","R","L","R","NYY","BAL","S",,,3,2,2024,"-0.59","1.71","0.55","2.95",656775,,602104,2,9,"Top",,,,,,,3.9894338371819065,-92.45106618268268,-0.531127202509557,-3.983163895113003,14.911013236362757,-22.56148290769054,"3.47","1.69",244,"88.9",24,"62.1",,"5.2",745734,669224,700250,665828,518934,683011,657077,663757,663330,"55.32",,,,,,,,88,6,"Other",5,16,16,5,16,5,16,5,"Infield shade","Standard",,"0","0","70.6","6.8",,"0","88.9",-11,11,"0","1",31,26,32,26,1,6,54,1,,1,"3.97","0.59","-0.59","50.7"
"KN","2024-06-20","62.2","-1.39","6.36","Trevino, Jose",668939,624431,,"blocked_ball",,,,,13,"Adley Rutschman walks.   Ramón Urías to 2nd.","R","L","R","NYY","BAL","B",,,2,2,2024,"0.65","0.79","-0.4","1.3",656775,,602104,2,9,"Top",,,,,,,0.7359294649258342,-90.44444671880724,-1.0427934946656183,3.3964186436511272,15.581285755346407,-27.943978125334077,"3.51","1.73",,,,"59.8",,"4.6",745734,669224,700250,665828,518934,683011,657077,663757,663330,"55.93",,,,,,,,88,5,"Knuckleball",5,16,16,5,16,5,16,5,"Infield shade","Standard",,"0","0.135",,,,"-0.135",,-11,11,"0","1",31,26,32,26,1,6,54,1,,1,"5.19","-0.65","0.65","41.6"
"KN","2024-06-20","57.4","-1.47","6.72","Trevino, Jose",668939,624431,,"foul",,,,,11,"Adley Rutschman walks.   Ramón Urías to 2nd.","R","L","R","NYY","BAL","S",,,2,1,2024,"-0.23","0.5","-1.36","2.64",656775,,602104,2,9,"Top",,,,,,,0.4815215046548327,-83.31483470346406,2.562603652448841,-1.1316415958498884,15.210591542892143,-30.661124363238102,"3.47","1.69",,,,"55.9",,"5.8",745734,669224,700250,665828,518934,683011,657077,663757,663330,"54.73",,,,,,,,88,4,"Knuckleball",5,16,16,5,16,5,16,5,"Infield shade","Standard",,"0","-0.096","73.1","6.7",,"0.096",,-11,11,"0","1",31,26,32,26,1,6,54,1,,1,"6.66","0.23","-0.23","44.8"
"FA","2024-06-20","59.3","-1.12","6.88","Trevino, Jose",668939,624431,,"called_strike",,,,,4,"Adley Rutschman walks.   Ramón Urías to 2nd.","R","L","R","NYY","BAL","S",,,2,0,2024,"-0.34","1.56","-0.41","2.7",656775,,602104,2,9,"Top",,,,,,,1.5881998032849876,-86.35697235732418,0.04711491479729024,-1.939108540108563,13.097064643978062,-24.640517396545565,"3.54","1.73",,,,"57.2",,"4.4",745734,669224,700250,665828,518934,683011,657077,663757,663330,"56.05",,,,,,,,88,3,"Other",5,16,16,5,16,5,16,5,"Infield shade","Standard",,"0","-0.135",,,,"0.135",,-11,11,"0","1",31,26,32,26,1,6,54,1,,1,"4.96","0.34","-0.34","51.0"
"KN","2024-06-20","58.1","-1.39","6.52","Trevino, Jose",668939,624431,,"ball",,,,,13,"Adley Rutschman walks.   Ramón Urías to 2nd.","R","L","R","NYY","BAL","B",,,1,0,2024,"-0.61","0.89","-1.48","1.88",656775,,602104,2,9,"Top",,,,,,,0.6708727021790017,-84.48314824553303,0.7497758433111685,-2.9983590405364065,14.396492362178417,-28.383074560215555,"3.54","1.8",,,,"55.8",,"4.6",745734,669224,700250,665828,518934,683011,657077,663757,663330,"55.89",,,,,,,,88,2,"Knuckleball",5,16,16,5,16,5,16,5,"Infield shade","Standard",,"0","0.1",,,,"-0.1",,-11,11,"0","1",31,26,32,26,1,6,54,1,,1,"6.01","0.61","-0.61","42.9"
"KN","2024-06-20","57.3","-1.28","6.62","Trevino, Jose",668939,624431,,"ball",,,,,11,"Adley Rutschman walks.   Ramón Urías to 2nd.","R","L","R","NYY","BAL","B",,,0,0,2024,"0.7","0.02","-1.42","2.89",656775,,602104,2,9,"Top",,,,,,,-1.1148550101268664,-83.2311706119336,3.5223890071107977,3.369337649539386,14.05232548751207,-32.95323152185835,"3.58","1.76",,,,"54.7",,"4.4",745734,669224,700250,665828,518934,683011,657077,663757,663330,"56.14",,,,,,,,88,1,"Knuckleball",5,16,16,5,16,5,16,5,"Infield shade","Standard",,"0","0.05",,,,"-0.05",,-11,11,"0","1",31,26,32,26,1,6,54,1,,1,"7.1","-0.7","0.7","45.3"
"KN","2024-06-20","59.2","-1.05","6.69","Trevino, Jose",622761,624431,"field_out","hit_into_play",,,,,7,"Jorge Mateo lines out sharply to third baseman DJ LeMahieu.","R","R","R","NYY","BAL","X",5,"line_drive",0,2,2024,"0.51","0.22","-0.66","1.73",656775,,602104,1,9,"Top",82.18,145.87,,,,,-0.08291165297074708,-86.04055621455639,0.8155544833078503,2.502480291456619,14.821456646699604,-31.50746750593399,"3.48","1.66",173,"108.6",9,"56.7",,"4.5",745734,669224,700250,665828,518934,683011,657077,663757,663330,"56.02",0.806,0.782,"0",1,0,0,4,87,3,"Knuckleball",5,16,16,5,16,5,16,5,"Standard","Standard",,"0","-0.05","78.7","7.7",1.015,"0.05","108.6",-11,11,"0","1",31,29,32,29,1,0,54,1,,1,"6.43","-0.51","-0.51","48.6"
"FA","2024-06-20","58.3","-0.85","6.98","Trevino, Jose",622761,624431,,"foul",,,,,14,"Jorge Mateo lines out sharply to third baseman DJ LeMahieu.","R","R","R","NYY","BAL","S",,,0,1,2024,"0.07","1.74","1.39","2.16",656775,,602104,1,9,"Top",,,,,,,3.3848479119129333,-84.86961488489854,-0.9562360510830329,-0.09378021377934492,11.39159035492377,-23.85062786281346,"3.48","1.66",91,"45",62,"56.7",,"4.6",745734,669224,700250,665828,518934,683011,657077,663757,663330,"55.88",,,,,,,,87,2,"Other",5,16,16,5,16,5,16,5,"Standard","Standard",,"0","-0.118","67.0","8.1",,"0.118","88.0",-11,11,"0","1",31,29,32,29,1,0,54,1,,1,"4.95","-0.07","-0.07","55.7"
"FA","2024-06-20","57.5","-0.95","6.9","Trevino, Jose",622761,624431,,"called_strike",,,,,9,"Jorge Mateo lines out sharply to third baseman DJ LeMahieu.","R","R","R","NYY","BAL","S",,,0,0,2024,"-0.08","1.77","0.64","2.01",656775,,602104,1,9,"Top",,,,,,,2.542238900084681,-83.7062973212133,-0.8385770161615017,-0.7041494530743995,11.296563247596527,-23.932892613575724,"3.62","1.73",,,,"55.6",,"4.4",745734,669224,700250,665828,518934,683011,657077,663757,663330,"56.1",,,,,,,,87,1,"Other",5,16,16,5,16,5,16,5,"Standard","Standard",,"0","-0.081",,,,"0.081",,-11,11,"0","1",31,29,32,29,1,0,54,1,,1,"5.11","0.08","0.08","51.0"
"FA","2024-06-20","56.7","-1.05","6.92","Trevino, Jose",602104,624431,"single","hit_into_play",,,,,12,"Ramón Urías singles on a ground ball to right fielder Jahmai Jones.   Cedric Mullins to 3rd.","R","R","R","NYY","BAL","X",9,"ground_ball",1,0,2024,"0.14","1.61","1.09","3.14",,656775,,1,9,"Top",158.48,100.14,,,,,3.029848056295541,-82.54082980445516,1.299565650137907,0.21187420182977948,11.163336468599358,-25.22120032094713,"3.17","1.49",141,"91.5",9,"54.6",,"4.1",745734,669224,700250,665828,518934,683011,657077,663757,663330,"56.37",0.534,0.486,"0.9",1,1,0,4,86,2,"Other",5,16,16,5,16,5,16,5,"Standard","Standard",,"0","0.647","69.8","7.5",0.593,"-0.647","91.5",-11,11,"0","1",31,30,32,30,1,5,54,1,,2,"5.48","-0.14","-0.14","50.3"
"FA","2024-06-20","57.2","-1.14","7.01","Trevino, Jose",602104,624431,,"ball",,,,,12,"Ramón Urías singles on a ground ball to right fielder Jahmai Jones.   Cedric Mullins to 3rd.","R","R","R","NYY","BAL","B",,,0,0,2024,"-0.21","1.68","0.6","3.95",,656775,,1,9,"Top",,,,,,,2.915752658779392,-83.22913043994701,2.1915187557766975,-1.3630631169228389,11.321696287034976,-24.88990627786234,"3.19","1.47",,,,"55.4",,"4.5",745734,669224,700250,665828,518934,683011,657077,663757,663330,"55.96",,,,,,,,86,1,"Other",5,16,16,5,16,5,16,5,"Standard","Standard",,"0","0.033",,,,"-0.033",,-11,11,"0","1",31,30,32,30,1,5,54,1,,2,"5.29","0.21","0.21","54.9"
"FA","2024-06-20","57","-0.99","7.02","Trevino, Jose",669720,624431,"field_out","hit_into_play",,,,,2,"Austin Hays grounds out, third baseman DJ LeMahieu to first baseman Ben Rice.","R","R","R","NYY","BAL","X",5,"ground_ball",0,0,2024,"-0.19","1.53","-0.12","2.87",,656775,,0,9,"Top",96.62,158.81,,,,,1.5730886705309899,-82.94718017047846,0.773440643886232,-1.0975131813428662,11.191881667292447,-25.44098879617579,"3.3","1.52",14,"80.3",-13,"55.3",,"4.6",745734,669224,700250,665828,518934,683011,657077,663757,663330,"55.89",0.06,0.066,"0",1,0,0,2,85,1,"Other",5,16,16,5,16,5,16,5,"Standard","Standard",,"0","-0.264","78.1","7.1",0.063,"0.264","88.0",-11,11,"0","1",31,28,32,29,1,5,54,1,,1,"5.49","0.19","0.19","54.0"
"KN","2024-06-20","58.7","-1.49","6.46","Trevino, Jose",656775,624431,"double","hit_into_play",,,,,11,"Cedric Mullins doubles (6) on a line drive to right fielder Jahmai Jones.","R","L","R","NYY","BAL","X",9,"line_drive",0,2,2024,"0.16","0.94","-0.95","3.43",,,,0,9,"Top",191.31,80.09,,,,,0.6503390084887671,-85.27774110861495,3.138923994623491,0.6389151470548813,14.809700095786798,-28.49419992393585,"3.33","1.53",336,"95.6",18,"57.3",,"5.6",745734,669224,700250,665828,518934,683011,657077,663757,663330,"54.89",0.44,0.478,"1.25",1,1,1,4,84,3,"Knuckleball",5,16,16,5,16,5,16,5,"Infield shade","Standard",,"0","0.704","73.6","8.0",0.664,"-0.704","95.6",-11,11,"0","1",31,29,32,30,1,5,54,1,,1,"5.84","-0.16","0.16","37.9"
"KN","2024-06-20","57.8","-1.29","6.51","Trevino, Jose",656775,624431,,"foul",,,,,3,"Cedric Mullins doubles (6) on a line drive to right fielder Jahmai Jones.","R","L","R","NYY","BAL","S",,,0,1,2024,"0.62","2.09","0.28","3.22",,,,0,9,"Top",,,,,,,1.5898622318880928,-84.08933071942053,1.3147829343549196,2.647276785813298,14.010473173242339,-22.91775215252537,"3.33","1.53",82,"72.4",76,"55.4",,"4.4",745734,669224,700250,665828,518934,683011,657077,663757,663330,"56.1",,,,,,,,84,2,"Knuckleball",5,16,16,5,16,5,16,5,"Infield shade","Standard",,"0","-0.049","73.8","7.0",,"0.049","88.0",-11,11,"0","1",31,29,32,30,1,5,54,1,,1,"4.87","-0.62","0.62","41.9"
"FA","2024-06-20","59.8","-1.17","6.8","Trevino, Jose",656775,624431,,"called_strike",,,,,2,"Cedric Mullins doubles (6) on a line drive to right fielder Jahmai Jones.","R","L","R","NYY","BAL","S",,,0,0,2024,"-0.6","1.66","-0.15","3.63",,,,0,9,"Top",,,,,,,2.422189648791472,-87.07381454578258,1.325078315251694,-3.4124399656394657,12.508811537049324,-24.13010824505329,"3.62","1.44",,,,"57.7",,"4.3",745734,669224,700250,665828,518934,683011,657077,663757,663330,"56.16",,,,,,,,84,1,"Other",5,16,16,5,16,5,16,5,"Infield shade","Standard",,"0","-0.033",,,,"0.033",,-11,11,"0","1",31,29,32,30,1,5,54,1,,1,"4.71","0.6","-0.6","44.6"
"KN","2024-04-27","54.4","-1.03","6.45","Trevino, Jose",694192,624431,"field_out","hit_into_play",,,,,11,"Jackson Chourio grounds out sharply, shortstop Anthony Volpe to first baseman Oswaldo Cabrera.","R","R","R","MIL","NYY","X",6,"ground_ball",1,1,2024,"-1.28","1.54","-0.92","3.48",687401,,,2,9,"Bot",111.67,149.88,,,,,1.7306299131768583,-78.88909372064674,3.590499193481479,-5.502826296202449,12.763699645229574,-26.7248490924556,"3.41","1.61",33,"100.3",-4,"52",2332,"4.6",745998,669224,665828,650402,663330,683011,657077,663757,666211,"55.9",0.326,0.348,"0",1,0,0,2,88,3,"Knuckleball",3,15,3,15,15,3,3,15,"Strategic","Standard",234,"0","-0.329",,,0.384,"0.329","100.3",-12,-12,"0","0",31,20,32,20,1,3,,1,54,1,"6.39","1.28","1.28","45.8"
"KN","2024-04-27","53.8","-1.07","6.63","Trevino, Jose",694192,624431,,"ball",,,,,14,"Jackson Chourio grounds out sharply, shortstop Anthony Volpe to first baseman Oswaldo Cabrera.","R","R","R","MIL","NYY","B",,,0,1,2024,"-0.48","0.54","0.04","1.24",687401,,,2,9,"Bot",,,,,,,2.182450468834318,-78.17430235043604,1.4309185006861511,-2.2706205581052314,11.950758961468162,-30.492132508375043,"3.75","1.7",,,,"51.6",2534,"4.5",745998,669224,665828,650402,663330,683011,657077,663757,666211,"56.02",,,,,,,,88,2,"Knuckleball",3,15,3,15,15,3,3,15,"Strategic","Standard",248,"0","0.039",,,,"-0.039",,-12,-12,"0","0",31,20,32,20,1,3,,1,54,1,"7.5","0.48","0.48","51.1"
"FA","2024-04-27","56","-0.94","6.72","Trevino, Jose",694192,624431,,"called_strike",,,,,6,"Jackson Chourio grounds out sharply, shortstop Anthony Volpe to first baseman Oswaldo Cabrera.","R","R","R","MIL","NYY","S",,,0,0,2024,"-0.26","1.62","0.65","2.97",687401,,,2,9,"Bot",,,,,,,2.7211412945758293,-81.4567373166564,1.5877076272932436,-1.5342756211703477,10.634856896776268,-25.403201981130426,"3.78","1.74",,,,"54.5",1495,"4.8",745998,669224,665828,650402,663330,683011,657077,663757,666211,"55.73",,,,,,,,88,1,"Other",3,15,3,15,15,3,3,15,"Strategic","Standard",198,"0","-0.047",,,,"0.047",,-12,-12,"0","0",31,20,32,20,1,3,,1,54,1,"5.65","0.26","0.26","55.2"
"FA","2024-04-27","56.5","-1.23","6.57","Trevino, Jose",680911,624431,"field_out","hit_into_play",,,,,3,"Owen Miller grounds out sharply, second baseman Gleyber Torres to first baseman Oswaldo Cabrera.   Joey Ortiz to 3rd.","R","R","R","MIL","NYY","X",4,"ground_ball",0,1,2024,"0.71","0.57","0.54","2.74",,687401,,1,9,"Bot",145.17,146.83,,,,,1.7725602185803053,-82.19680869213944,2.689788638397793,2.948559270496706,11.244738065525961,-30.206827752880997,"3.04","1.35",89,"102.4",4,"54.9",1720,"4.7",745998,669224,665828,650402,663330,683011,657077,663757,666211,"55.77",0.566,0.509,"0",1,0,0,4,87,2,"Other",3,15,3,15,15,3,3,15,"Strategic","Standard",139,"0","-0.272","73.1","6.4",0.597,"0.272","102.4",-12,-12,"0","0",31,27,32,28,1,3,,3,54,1,"6.6","-0.71","-0.71","46.1"
"FA","2024-04-27","57.6","-1.12","6.78","Trevino, Jose",680911,624431,,"called_strike",,,,,8,"Owen Miller grounds out sharply, second baseman Gleyber Torres to first baseman Oswaldo Cabrera.   Joey Ortiz to 3rd.","R","R","R","MIL","NYY","S",,,0,0,2024,"-0.37","1.79","0.25","1.84",,687401,,1,9,"Bot",,,,,,,2.592422587046247,-83.90062835300648,-0.9762528228634686,-2.0980704592772144,11.422803072699018,-23.810463169846223,"3.56","1.42",,,,"55.9",1527,"4.6",745998,669224,665828,650402,663330,683011,657077,663757,666211,"55.9",,,,,,,,87,1,"Other",3,15,3,15,15,3,3,15,"Strategic","Standard",202,"0","-0.045",,,,"0.045",,-12,-12,"0","0",31,27,32,28,1,3,,3,54,1,"5.07","0.37","0.37","55.3"
"FA","2024-04-27","56.7","-1.1","6.6","Trevino, Jose",687401,624431,"double","hit_into_play",,,,,3,"Joey Ortiz doubles (3) on a sharp line drive to left fielder Alex Verdugo.   Gary Sánchez scores.","R","R","R","MIL","NYY","X",7,"line_drive",0,1,2024,"0.21","0.7","0.58","3.05",,596142,,1,9,"Bot",69.68,88.47,,,,,2.2671934463989643,-82.46394898415872,2.804140992882558,0.6823321806199623,10.355769775720539,-29.52748950340835,"3.3","1.47",375,"105",22,"55.2",1569,"4.6",745998,669224,665828,650402,663330,683011,657077,663757,666211,"55.86",0.786,1.321,"1.25",1,1,1,6,86,2,"Other",2,15,2,15,15,3,3,15,"Strategic","Standard",161,"0","1.036","77.8","7.6",2.391,"-1.036","105.0",-13,-13,"0","0",31,25,32,26,1,3,,1,54,1,"6.37","-0.21","-0.21","48.7"
"FA","2024-04-27","54.2","-0.96","6.79","Trevino, Jose",687401,624431,,"called_strike",,,,,14,"Joey Ortiz doubles (3) on a sharp line drive to left fielder Alex Verdugo.   Gary Sánchez scores.","R","R","R","MIL","NYY","S",,,0,0,2024,"-0.04","2.04","0.93","2.52",,596142,,1,9,"Bot",,,,,,,2.7746678005474954,-78.93344097557957,0.8339124833950133,-0.5107452021061171,10.13967895029765,-23.961097589493203,"3.49","1.59",,,,"52.5",1531,"4.5",745998,669224,665828,650402,663330,683011,657077,663757,666211,"56.02",,,,,,,,86,1,"Other",2,15,2,15,15,2,2,15,"Strategic","Standard",194,"0","-0.045",,,,"0.045",,-13,-13,"0","0",31,25,32,26,1,3,,1,54,1,"5.71","0.04","0.04","54.4"
"FA","2024-04-27","56.7","-0.94","6.66","Trevino, Jose",596142,624431,"double","hit_into_play",,,,,14,"Gary Sánchez doubles (3) on a sharp line drive to center fielder Trent Grisham.   Jake Bauers scores.","R","R","R","MIL","NYY","X",8,"line_drive",1,1,2024,"0.27","0.39","1.17","2.48",,641343,,1,9,"Bot",123.5,48.05,,,,,2.856022668286926,-82.42061807900143,2.3274736046434343,0.865424476417234,11.100238742682697,-30.94145909615735,"3.42","1.66",372,"105.8",19,"55.1",1625,"4.8",745998,669224,665828,650402,663330,683011,657077,663757,666211,"55.68",0.611,0.824,"1.25",1,1,1,6,85,3,"Other",1,15,1,15,15,2,2,15,"Strategic","Standard",154,"0","1.011",,,1.382,"-1.011","105.8",-14,-14,"0","0",31,31,32,32,1,3,,1,54,1,"6.72","-0.27","-0.27","52.7"
"FA","2024-04-27","55.7","-1.15","6.81","Trevino, Jose",596142,624431,,"called_strike",,,,,11,"Gary Sánchez doubles (3) on a sharp line drive to center fielder Trent Grisham.   Jake Bauers scores.","R","R","R","MIL","NYY","S",,,1,0,2024,"0.53","1.15","-0.08","3.75",,641343,,1,9,"Bot",,,,,,,0.9146135859297339,-81.00515588250553,3.2200161684645403,2.242165253220626,9.9694350064736,-27.66884843490343,"3.49","1.76",,,,"54",1580,"4.5",745998,669224,665828,650402,663330,683011,657077,663757,666211,"56.04",,,,,,,,85,2,"Other",1,15,1,15,15,1,1,15,"Strategic","Standard",178,"0","-0.052",,,,"0.052",,-14,-14,"0","0",31,31,32,32,1,3,,1,54,1,"6.17","-0.53","-0.53","51.6"
"FA","2024-04-27","56.8","-1.01","6.72","Trevino, Jose",596142,624431,,"ball",,,,,14,"Gary Sánchez doubles (3) on a sharp line drive to center fielder Trent Grisham.   Jake Bauers scores.","R","R","R","MIL","NYY","B",,,0,0,2024,"0.46","1.08","0.99","1.09",,641343,,1,9,"Bot",,,,,,,2.438728143110229,-82.7546325163032,-0.9383799932776051,1.8530787943359341,9.93654816428747,-27.258442851004485,"3.49","1.76",,,,"55.4",1532,"4.6",745998,669224,665828,650402,663330,683011,657077,663757,666211,"55.88",,,,,,,,85,1,"Other",1,15,1,15,15,1,1,15,"Strategic","Standard",182,"0","0.033",,,,"-0.033",,-14,-14,"0","0",31,31,32,32,1,3,,1,54,1,"5.91","-0.46","-0.46","54.9"
"FA","2024-04-27","58.1","-0.88","6.91","Trevino, Jose",663368,624431,"field_out","hit_into_play",,,,,12,"Blake Perkins grounds out, second baseman Gleyber Torres to first baseman Oswaldo Cabrera.   Jake Bauers to 2nd.","R","R","R","MIL","NYY","X",4,"ground_ball",1,2,2024,"-0.21","1.82","1.1","3.1",,,641343,0,9,"Bot",148.22,156.49,,,,,3.3410424740895546,-84.54539427062893,0.5620260546554328,-1.4802056853635208,11.380539416019506,-23.7240309999347,"3.38","1.58",15,"97.9",-11,"56.3",1449,"4.5",745998,669224,665828,650402,663330,683011,657077,663757,666211,"56.04",0.237,0.266,"0",1,0,0,2,84,4,"Other",1,15,1,15,15,1,1,15,"Strategic","Standard",199,"0","-0.443","68.9","6.9",0.277,"0.443","97.9",-14,-14,"0","0",31,27,32,28,1,3,,1,54,1,"4.92","0.21","0.21","57.6"
"FA","2024-04-27","55.8","-0.71","6.88","Trevino, Jose",663368,624431,,"foul",,,,,6,"Blake Perkins grounds out, second baseman Gleyber Torres to first baseman Oswaldo Cabrera.   Jake Bauers to 2nd.","R","R","R","MIL","NYY","S",,,1,1,2024,"0.13","1.95","0.44","2.7",,,641343,0,9,"Bot",,,,,,,1.558134311396293,-81.32139191996038,0.5422067460455173,0.3528381028990559,10.916078099110784,-23.823814209830513,"3.38","1.58",163,"63.1",54,"54",1505,"4.4",745998,669224,665828,650402,663330,683011,657077,663757,666211,"56.07",,,,,,,,84,3,"Other",1,15,1,15,15,1,1,15,"Strategic","Standard",200,"0","-0.074","70.3","7.3",,"0.074","88.0",-14,-14,"0","0",31,27,32,28,1,3,,1,54,1,"5.36","-0.13","-0.13","57.2"
"FA","2024-04-27","54.4","-0.76","6.85","Trevino, Jose",663368,624431,,"blocked_ball",,,,,13,"Blake Perkins grounds out, second baseman Gleyber Torres to first baseman Oswaldo Cabrera.   Jake Bauers to 2nd.","R","R","R","MIL","NYY","B",,,0,1,2024,"0.08","1.93","0","1.07",,,641343,0,9,"Bot",,,,,,,0.9937362124248678,-79.21066773044636,-1.2890671892399628,0.20577665554011076,10.153740560866593,-24.08234373789798,"3.72","1.83",,,,"52.5",1486,"4.3",745998,669224,665828,650402,663330,683011,657077,663757,666211,"56.24",,,,,,,,84,2,"Other",1,15,1,15,15,1,1,15,"Strategic","Standard",201,"0","0.052",,,,"-0.052",,-14,-14,"0","0",31,27,32,28,1,3,,1,54,1,"5.76","-0.08","-0.08","54.6"
"FA","2024-04-27","54.4","-0.81","6.92","Trevino, Jose",663368,624431,,"called_strike",,,,,5,"Blake Perkins grounds out, second baseman Gleyber Torres to first baseman Oswaldo Cabrera.   Jake Bauers to 2nd.","R","R","R","MIL","NYY","S",,,0,0,2024,"0.36","1.91","0.08","3.13",,,641343,0,9,"Bot",,,,,,,0.8554546274438866,-79.21062087262052,1.6318896606531421,1.394669200124256,10.421624154452383,-24.583260791868657,"3.76","1.84",,,,"52.6",1440,"4.4",745998,669224,665828,650402,663330,683011,657077,663757,666211,"56.08",,,,,,,,84,1,"Other",1,15,1,15,15,1,1,15,"Strategic","Standard",198,"0","-0.063",,,,"0.063",,-14,-14,"0","0",31,27,32,28,1,3,,1,54,1,"5.8","-0.36","-0.36","58.4"
"FA","2024-04-27","54.2","-1.2","6.9","Trevino, Jose",641343,624431,"walk","ball",,,,,12,"Jake Bauers walks.","R","L","R","MIL","NYY","B",,,3,0,2024,"-0.36","1.62","0.84","3.68",,,,0,9,"Bot",,,,,,,3.3883758183638357,-78.79584310496833,2.923197950819551,-1.9483187193783282,10.404045931387763,-26.077216623205153,"3.58","1.56",,,,"52.3",1495,"4.5",745998,669224,665828,650402,663330,683011,657077,663757,666211,"56.04",,0.689131,"0.7",1,0,0,,83,4,"Other",1,15,1,15,15,1,1,15,"Infield shade","Standard",201,"0","0.177",,,,"-0.177",,-14,-14,"0","0",31,28,32,29,1,0,,2,54,1,"6.18","0.36","-0.36","54.3"
"FA","2024-04-27","55.1","-1.04","6.76","Trevino, Jose",641343,624431,,"ball",,,,,14,"Jake Bauers walks.","R","L","R","MIL","NYY","B",,,2,0,2024,"-0.14","1.87","1.12","0.98",,,,0,9,"Bot",,,,,,,3.338168492210391,-80.19222792913304,-1.469952351759815,-1.043716196596898,10.31374730913518,-24.116725842387392,"3.57","1.59",,,,"53.3",1478,"4.4",745998,669224,665828,650402,663330,683011,657077,663757,666211,"56.06",,,,,,,,83,3,"Other",1,15,1,15,15,1,1,15,"Infield shade","Standard",205,"0","0.132",,,,"-0.132",,-14,-14,"0","0",31,28,32,29,1,0,,2,54,1,"5.63","0.14","-0.14","52.9"
"FA","2024-04-27","53.5","-1.06","6.82","Trevino, Jose",641343,624431,,"ball",,,,,13,"Jake Bauers walks.","R","L","R","MIL","NYY","B",,,1,0,2024,"-0.53","1.48","-0.13","0.71",,,,0,9,"Bot",,,,,,,1.9625711216701975,-77.87079197284805,-0.8631678165500688,-2.3889169965712473,9.966938169465072,-26.27287806112962,"3.63","1.71",,,,"51.7",1345,"4.4",745998,669224,665828,650402,663330,683011,657077,663757,666211,"56.1",,,,,,,,83,2,"Other",1,15,1,15,15,1,1,15,"Infield shade","Standard",201,"0","0.062",,,,"-0.062",,-14,-14,"0","0",31,28,32,29,1,0,,2,54,1,"6.49","0.53","-0.53","54.5"
"FA","2024-04-27","54.7","-1.12","6.76","Trevino, Jose",641343,624431,,"ball",,,,,14,"Jake Bauers walks.","R","L","R","MIL","NYY","B",,,0,0,2024,"-0.45","1.4","1.12","1.83",,,,0,9,"Bot",,,,,,,3.821990749468114,-79.64681070171159,0.49473508208956596,-2.3897250204315585,10.30305760389333,-26.505444075999595,"3.66","1.68",,,,"53",1367,"4.5",745998,669224,665828,650402,663330,683011,657077,663757,666211,"56.03",,,,,,,,83,1,"Other",1,15,1,15,15,1,1,15,"Infield shade","Strategic",202,"0","0.034",,,,"-0.034",,-14,-14,"0","0",31,28,32,29,1,0,,2,54,1,"6.21","0.45","-0.45","51.6"