﻿"pitch_type","game_date","release_speed","release_pos_x","release_pos_z","player_name","batter","pitcher","events","description","spin_dir","spin_rate_deprecated","break_angle_deprecated","break_length_deprecated","zone","des","game_type","stand","p_throws","home_team","away_team","type","hit_location","bb_type","balls","strikes","game_year","pfx_x","pfx_z","plate_x","plate_z","on_3b","on_2b","on_1b","outs_when_up","inning","inning_topbot","hc_x","hc_y","tfs_deprecated","tfs_zulu_deprecated","umpire","sv_id","vx0","vy0","vz0","ax","ay","az","sz_top","sz_bot","hit_distance_sc","launch_speed","launch_angle","effective_speed","release_spin_rate","release_extension","game_pk","fielder_2","fielder_3","fielder_4","fielder_5","fielder_6","fielder_7","fielder_8","fielder_9","release_pos_y","estimated_ba_using_speedangle","estimated_woba_using_speedangle","woba_value","woba_denom","babip_value","iso_value","launch_speed_angle","at_bat_number","pitch_number","pitch_name","home_score","away_score","bat_score","fld_score","post_away_score","post_home_score","post_bat_score","post_fld_score","if_fielding_alignment","of_fielding_alignment","spin_axis","delta_home_win_exp","delta_run_exp","bat_speed","swing_length","estimated_slg_using_speedangle","delta_pitcher_run_exp","hyper_speed","home_score_diff","bat_score_diff","home_win_exp","bat_win_exp","age_pit_legacy","age_bat_legacy","age_pit","age_bat","n_thruorder_pitcher","n_priorpa_thisgame_player_at_bat","pitcher_days_since_prev_game","batter_days_since_prev_game","pitcher_days_until_next_game","batter_days_until_next_game","api_break_z_with_gravity","api_break_x_arm","api_break_x_batter_in","arm_angle"
"CH","2024-04-03","88.6","-2.45","5.57","Loáisiga, Jonathan",678489,642528,"field_out","hit_into_play",,,,,2,"Jorge Barrosa grounds out, shortstop Anthony Volpe to first baseman Anthony Rizzo.","R","L","R","AZ","NYY","X",6,"ground_ball",2,2,2024,"-1.45","0.93","0.1","2.61",,,,2,9,"Bot",109.81,132.94,,,,,9.270433367215585,-128.67518902156326,-3.099846601606422,-18.062394403890508,27.488272481387543,-21.374195597812477,"2.8","1.34",126,"67.6",15,"88.6",1928,"6.4",747219,669224,519203,650402,542932,683011,665828,657077,665742,"54.06",0.391,0.352,"0",1,0,0,2,67,5,"Changeup",2,2,2,2,2,2,2,2,"Standard","Standard",231,"-0.033","-0.084","67.3","7.6",0.414,"0.084","88.0",0,0,"0.533","0.533",29,23,30,23,1,3,3,1,,151,"1.99","1.45","-1.45","43.5"
"CH","2024-04-03","88.7","-2.49","5.63","Loáisiga, Jonathan",678489,642528,,"ball",,,,,11,"Jorge Barrosa grounds out, shortstop Anthony Volpe to first baseman Anthony Rizzo.","R","L","R","AZ","NYY","B",,,1,2,2024,"-1.4","0.88","-1.12","3.91",,,,2,9,"Bot",,,,,,,6.261990449763976,-129.0323251391413,0.01620444713576208,-16.906237615453257,27.1219657006763,-22.575838623476447,"3.18","1.41",,,,"88.6",2042,"6.2",747219,669224,519203,650402,542932,683011,665828,657077,665742,"54.26",,,,,,,,67,4,"Changeup",2,2,2,2,2,2,2,2,"Standard","Standard",231,"0","0.015",,,,"-0.015",,0,0,"0.533","0.533",29,23,30,23,1,3,3,1,,151,"2.02","1.4","-1.4","45.0"
"CH","2024-04-03","89.6","-2.33","5.56","Loáisiga, Jonathan",678489,642528,,"foul",,,,,13,"Jorge Barrosa grounds out, shortstop Anthony Volpe to first baseman Anthony Rizzo.","R","L","R","AZ","NYY","S",,,1,1,2024,"-1.27","0.59","-0.92","1.59",,,,2,9,"Bot",,,,,,,6.1968119428245725,-130.27901856070324,-5.077102669281606,-15.77801489454881,27.692540097935808,-24.53847815547502,"2.8","1.34",2,"61.4",-37,"89.8",1850,"6.5",747219,669224,519203,650402,542932,683011,665828,657077,665742,"53.99",,,,,,,,67,3,"Changeup",2,2,2,2,2,2,2,2,"Standard","Standard",232,"0","-0.025","66.7","8.4",,"0.025","88.0",0,0,"0.533","0.533",29,23,30,23,1,3,3,1,,151,"2.25","1.27","-1.27","46.1"
"SI","2024-04-03","97.2","-2.26","5.24","Loáisiga, Jonathan",678489,642528,,"foul",,,,,2,"Jorge Barrosa grounds out, shortstop Anthony Volpe to first baseman Anthony Rizzo.","R","L","R","AZ","NYY","S",,,1,0,2024,"-1.49","0.68","0.07","2.57",,,,2,9,"Bot",,,,,,,9.715082722617215,-141.23217920528202,-3.1612162177243084,-22.22520209178695,33.27958113922768,-22.492253166566105,"2.8","1.34",223,"75.2",58,"97.4",2305,"6.6",747219,669224,519203,650402,542932,683011,665828,657077,665742,"53.94",,,,,,,,67,2,"Sinker",2,2,2,2,2,2,2,2,"Standard","Standard",225,"0","-0.02","67.4","7.6",,"0.02","88.0",0,0,"0.533","0.533",29,23,30,23,1,3,3,1,,151,"1.74","1.49","-1.49","39.9"
"SI","2024-04-03","98.2","-2.43","5.28","Loáisiga, Jonathan",678489,642528,,"ball",,,,,11,"Jorge Barrosa grounds out, shortstop Anthony Volpe to first baseman Anthony Rizzo.","R","L","R","AZ","NYY","B",,,0,0,2024,"-1.65","0.77","-0.43","4.29",,,,2,9,"Bot",,,,,,,9.21545736830325,-142.74333502832013,1.020617617711979,-24.667760095267727,33.52487201712907,-22.145103760224156,"3.15","1.44",,,,"98.1",2310,"6.3",747219,669224,519203,650402,542932,683011,665828,657077,665742,"54.18",,,,,,,,67,1,"Sinker",2,2,2,2,2,2,2,2,"Standard","Standard",232,"0","0.015",,,,"-0.015",,0,0,"0.533","0.533",29,23,30,23,1,3,3,1,,151,"1.6","1.65","-1.65","41.4"
"CH","2024-04-03","91.1","-2.4","5.55","Loáisiga, Jonathan",607054,642528,"field_out","hit_into_play",,,,,7,"Jace Peterson grounds out softly, pitcher Jonathan Loáisiga to first baseman Anthony Rizzo.","R","L","R","AZ","NYY","X",1,"ground_ball",1,2,2024,"-1.54","0.87","-0.38","1.57",,,,1,9,"Bot",118.63,184.92,,,,,8.421854231001559,-132.29741530531618,-6.011407635101038,-19.860555497637705,26.695674827614884,-20.89111347862638,"3.28","1.51",2,"80.6",-43,"91.8",2014,"6.7",747219,669224,519203,650402,542932,683011,665828,657077,665742,"53.81",0.077,0.085,"0",1,0,0,2,66,4,"Changeup",2,2,2,2,2,2,2,2,"Infield shade","Standard",236,"-0.044","-0.115","73.7","7.5",0.077,"0.115","88.0",0,0,"0.577","0.577",29,34,30,34,1,0,3,1,,2,"1.88","1.54","-1.54","45.9"
"FF","2024-04-03","98.4","-2.61","5.23","Loáisiga, Jonathan",607054,642528,,"ball",,,,,11,"Jace Peterson grounds out softly, pitcher Jonathan Loáisiga to first baseman Anthony Rizzo.","R","L","R","AZ","NYY","B",,,0,2,2024,"-0.8","1.27","-1.04","5.6",,,,1,9,"Bot",,,,,,,6.103043584840222,-143.20046138231686,3.512715907778754,-12.401581055055425,34.296267305896485,-15.778400725580125,"3.41","1.57",,,,"98.4",2388,"6.4",747219,669224,519203,650402,542932,683011,665828,657077,665742,"54.13",,,,,,,,66,3,"4-Seam Fastball",2,2,2,2,2,2,2,2,"Infield shade","Standard",229,"0","0.013",,,,"-0.013",,0,0,"0.577","0.577",29,34,30,34,1,0,3,1,,2,"1.09","0.8","-0.8","39.4"
"CH","2024-04-03","90","-2.29","5.63","Loáisiga, Jonathan",607054,642528,,"called_strike",,,,,5,"Jace Peterson grounds out softly, pitcher Jonathan Loáisiga to first baseman Anthony Rizzo.","R","L","R","AZ","NYY","S",,,0,1,2024,"-1.38","0.53","-0.09","2.37",,,,1,9,"Bot",,,,,,,8.424040220152097,-130.79733159230452,-3.224527149146816,-17.578773704477893,27.86388252197128,-25.605109507854515,"3.44","1.54",,,,"90.2",1626,"6.5",747219,669224,519203,650402,542932,683011,665828,657077,665742,"53.99",,,,,,,,66,2,"Changeup",2,2,2,2,2,2,2,2,"Standard","Standard",241,"0","-0.036",,,,"0.036",,0,0,"0.577","0.577",29,34,30,34,1,0,3,1,,2,"2.29","1.38","-1.38","46.2"
"SI","2024-04-03","98.1","-2.48","5.22","Loáisiga, Jonathan",607054,642528,,"called_strike",,,,,1,"Jace Peterson grounds out softly, pitcher Jonathan Loáisiga to first baseman Anthony Rizzo.","R","L","R","AZ","NYY","S",,,0,0,2024,"-1.52","0.4","-0.67","3.13",,,,1,9,"Bot",,,,,,,8.4281810935729,-142.68694036960426,-1.0978845539734232,-22.67743361438805,32.742868277920756,-26.71912472731161,"3.36","1.51",,,,"98.4",2232,"6.5",747219,669224,519203,650402,542932,683011,665828,657077,665742,"54.03",,,,,,,,66,1,"Sinker",2,2,2,2,2,2,2,2,"Standard","Standard",227,"0","-0.023",,,,"0.023",,0,0,"0.577","0.577",29,34,30,34,1,0,3,1,,2,"1.97","1.52","-1.52","38.2"
"SI","2024-04-03","98.8","-2.36","5.26","Loáisiga, Jonathan",553993,642528,"strikeout","called_strike",,,,,3,"Eugenio Suárez called out on strikes.","R","R","R","AZ","NYY","S",2,,1,2,2024,"-1.47","0.38","0.41","3.09",,,,0,9,"Bot",,,,,,,10.969280556345284,-143.50679145862705,-1.366957078110437,-22.73328625508863,31.121993421090437,-26.727195389471706,"3.47","1.62",,,,"99.3",2290,"6.5",747219,669224,519203,650402,542932,683011,665828,657077,665742,"53.99",,0,"0",1,0,0,,65,4,"Sinker",2,2,2,2,2,2,2,2,"Standard","Standard",234,"-0.057","-0.167",,,,"0.167",,0,0,"0.634","0.634",29,32,30,33,1,3,3,1,,2,"1.95","1.47","1.47","40.2"
"CU","2024-04-03","89.1","-2.38","5.4","Loáisiga, Jonathan",553993,642528,,"ball",,,,,14,"Eugenio Suárez called out on strikes.","R","R","R","AZ","NYY","B",,,0,2,2024,"0.72","0.57","2.39","1.59",,,,0,9,"Bot",,,,,,,10.24457472076549,-129.494715119008,-4.572316363247331,6.213244784196413,24.506873816250923,-25.01418673213814,"3.47","1.62",,,,"89.8",2526,"6.6",747219,669224,519203,650402,542932,683011,665828,657077,665742,"53.95",,,,,,,,65,3,"Curveball",2,2,2,2,2,2,2,2,"Standard","Standard",91,"0","0.021",,,,"-0.021",,0,0,"0.634","0.634",29,32,30,33,1,3,3,1,,2,"2.29","-0.72","-0.72","45.3"
"SI","2024-04-03","98.6","-2.45","5.31","Loáisiga, Jonathan",553993,642528,,"foul",,,,,5,"Eugenio Suárez called out on strikes.","R","R","R","AZ","NYY","S",,,0,1,2024,"-1.45","0.63","0.22","2.3",,,,0,9,"Bot",,,,,,,10.691302516701061,-143.23192121315185,-4.211285422435239,-22.45294261996892,32.135797025776135,-22.62115051100885,"3.45","1.62",,,,"99.2",2326,"6.6",747219,669224,519203,650402,542932,683011,665828,657077,665742,"53.86",,,,,,,,65,2,"Sinker",2,2,2,2,2,2,2,2,"Standard","Standard",222,"0","-0.049","69.3","7.9",,"0.049",,0,0,"0.634","0.634",29,32,30,33,1,3,3,1,,2,"1.71","1.45","1.45","46.0"
"SI","2024-04-03","98","-2.55","5.29","Loáisiga, Jonathan",553993,642528,,"called_strike",,,,,2,"Eugenio Suárez called out on strikes.","R","R","R","AZ","NYY","S",,,0,0,2024,"-1.53","0.58","-0.21","3.25",,,,0,9,"Bot",,,,,,,9.916662956939613,-142.39944828071768,-1.3697235353156212,-23.158045300588608,32.79541229607343,-24.1114661666803,"3.49","1.62",,,,"98.4",2303,"6.6",747219,669224,519203,650402,542932,683011,665828,657077,665742,"53.91",,,,,,,,65,1,"Sinker",2,2,2,2,2,2,2,2,"Standard","Standard",228,"0","-0.033",,,,"0.033",,0,0,"0.634","0.634",29,32,30,33,1,3,3,1,,2,"1.8","1.53","1.53","38.6"
"SI","2024-03-31","97.6","-2.29","5.33","Loáisiga, Jonathan",514888,642528,"walk","ball",,,,,11,"Jose Altuve walks.","R","R","R","HOU","NYY","B",,,3,2,2024,"-1.61","0.62","-1.47","2.91",,,,1,7,"Bot",,,,,,,5.964133449813752,-141.9387248672269,-2.4101974973924194,-23.084139134928982,34.59150109625577,-23.528412176272063,"2.85","1.37",,,,"98.3",2350,"6.9",746413,624431,519203,650402,542932,665828,657077,592450,665742,"53.63",,0.689131,"0.7",1,0,0,,57,9,"Sinker",3,3,3,3,3,3,3,3,"Standard","Standard",228,"0.041","0.22",,,,"-0.22",,0,0,"0.548","0.548",29,34,30,34,1,3,3,1,3,1,"1.79","1.61","1.61","37.9"
"SI","2024-03-31","98.2","-2.11","5.35","Loáisiga, Jonathan",514888,642528,,"foul",,,,,7,"Jose Altuve walks.","R","R","R","HOU","NYY","S",,,3,2,2024,"-1.7","0.63","-0.4","1.73",,,,1,7,"Bot",,,,,,,8.604247438152997,-142.6197105927719,-5.767152459934727,-25.2024026681279,34.811567137486335,-22.365275014907034,"2.85","1.3",,,,"98.4",2287,"6.6",746413,624431,519203,650402,542932,665828,657077,592450,665742,"53.85",,,,,,,,57,8,"Sinker",3,3,3,3,3,3,3,3,"Standard","Standard",227,"0","0",,,,"0",,0,0,"0.548","0.548",29,34,30,34,1,3,3,1,3,1,"1.75","1.7","1.7","45.2"
"SI","2024-03-31","97.9","-2.31","5.34","Loáisiga, Jonathan",514888,642528,,"ball",,,,,11,"Jose Altuve walks.","R","R","R","HOU","NYY","B",,,2,2,2024,"-1.59","0.31","-0.27","3.47",,,,1,7,"Bot",,,,,,,9.189606794968094,-142.30060325913095,-0.23794472037545256,-23.6681457041507,33.85623138233545,-28.09096253933833,"2.88","1.37",,,,"98.2",2302,"6.6",746413,624431,519203,650402,542932,665828,657077,592450,665742,"53.91",,,,,,,,57,7,"Sinker",3,3,3,3,3,3,3,3,"Standard","Standard",229,"0","0.068",,,,"-0.068",,0,0,"0.548","0.548",29,34,30,34,1,3,3,1,3,1,"2.08","1.59","1.59","38.5"
"CH","2024-03-31","90.5","-2.04","5.69","Loáisiga, Jonathan",514888,642528,,"foul",,,,,5,"Jose Altuve walks.","R","R","R","HOU","NYY","S",,,2,2,2024,"-1.52","0.7","-0.16","2.28",,,,1,7,"Bot",,,,,,,7.971244237947864,-131.4114338291618,-4.0193010625548276,-19.326281599930343,29.890139881222982,-23.35539198435981,"2.85","1.3",4,"83.9",-31,"90.6",1721,"6.6",746413,624431,519203,650402,542932,665828,657077,592450,665742,"53.87",,,,,,,,57,6,"Changeup",3,3,3,3,3,3,3,3,"Standard","Standard",239,"0","0",,,,"0","88.0",0,0,"0.548","0.548",29,34,30,34,1,3,3,1,3,1,"2.11","1.52","1.52","49.1"
"CU","2024-03-31","88.5","-2.25","5.45","Loáisiga, Jonathan",514888,642528,,"ball",,,,,14,"Jose Altuve walks.","R","R","R","HOU","NYY","B",,,1,2,2024,"0.61","0.46","1.43","0.2",,,,1,7,"Bot",,,,,,,7.733975013459638,-128.47496904778842,-7.660859803479063,4.9590554996515674,29.517344055299322,-25.513539332369984,"2.82","1.35",,,,"88.5",2707,"6.7",746413,624431,519203,650402,542932,665828,657077,592450,665742,"53.81",,,,,,,,57,5,"Curveball",3,3,3,3,3,3,3,3,"Standard","Standard",74,"0","0.027",,,,"-0.027",,0,0,"0.548","0.548",29,34,30,34,1,3,3,1,3,1,"2.49","-0.61","-0.61","45.0"
"SI","2024-03-31","97.8","-2.14","5.34","Loáisiga, Jonathan",514888,642528,,"ball",,,,,12,"Jose Altuve walks.","R","R","R","HOU","NYY","B",,,0,2,2024,"-1.59","0.75","1.58","2.22",,,,1,7,"Bot",,,,,,,13.688423457064449,-141.62800054483534,-4.544552597028157,-24.612815198095117,34.747170611466686,-21.164951187242906,"2.85","1.38",,,,"97.4",2291,"6.5",746413,624431,519203,650402,542932,665828,657077,592450,665742,"54.01",,,,,,,,57,4,"Sinker",3,3,3,3,3,3,3,3,"Standard","Standard",236,"0","0.013",,,,"-0.013",,0,0,"0.548","0.548",29,34,30,34,1,3,3,1,3,1,"1.67","1.59","1.59","38.8"
"CU","2024-03-31","86.1","-2.31","5.54","Loáisiga, Jonathan",514888,642528,,"foul",,,,,14,"Jose Altuve walks.","R","R","R","HOU","NYY","S",,,0,2,2024,"1.18","0.41","1.46","2",,,,1,7,"Bot",,,,,,,6.570731619052738,-125.27657476513275,-2.959832016293139,10.937048108708028,27.070814970470973,-27.43678082829092,"2.85","1.3",9,"61.4",-13,"86.3",2668,"6.6",746413,624431,519203,650402,542932,665828,657077,592450,665742,"53.94",,,,,,,,57,3,"Curveball",3,3,3,3,3,3,3,3,"Standard","Standard",71,"0","0",,,,"0","88.0",0,0,"0.548","0.548",29,34,30,34,1,3,3,1,3,1,"2.68","-1.18","-1.18","44.6"
"CH","2024-03-31","90.8","-2.18","5.66","Loáisiga, Jonathan",514888,642528,,"foul",,,,,6,"Jose Altuve walks.","R","R","R","HOU","NYY","S",,,0,1,2024,"-1.4","0.87","0.81","1.81",,,,1,7,"Bot",,,,,,,10.526849880502743,-131.6990092792695,-5.546771769558848,-18.536858959204057,28.882047951891,-20.99066161708433,"2.85","1.3",6,"55.3",-19,"91",1983,"6.6",746413,624431,519203,650402,542932,665828,657077,592450,665742,"53.86",,,,,,,,57,2,"Changeup",3,3,3,3,3,3,3,3,"Standard","Standard",240,"0","-0.036",,,,"0.036","88.0",0,0,"0.548","0.548",29,34,30,34,1,3,3,1,3,1,"1.92","1.4","1.4","42.3"
"CU","2024-03-31","87.4","-2.33","5.54","Loáisiga, Jonathan",514888,642528,,"swinging_strike",,,,,14,"Jose Altuve walks.","R","R","R","HOU","NYY","S",,,0,0,2024,"1.14","0.28","1.3","0.46",,,,1,7,"Bot",,,,,,,6.437532253479789,-127.0187147833916,-6.658798485606926,10.802688395148609,28.267264291451504,-27.880096804745552,"2.85","1.3",,,,"87.6",2506,"6.7",746413,624431,519203,650402,542932,665828,657077,592450,665742,"53.85",,,,,,,,57,1,"Curveball",3,3,3,3,3,3,3,3,"Standard","Standard",76,"0","-0.023",,,,"0.023",,0,0,"0.548","0.548",29,34,30,34,1,3,3,1,3,1,"2.73","-1.14","-1.14","44.6"
"CH","2024-03-31","89.8","-2.1","5.7","Loáisiga, Jonathan",676694,642528,"strikeout","swinging_strike",,,,,14,"Jake Meyers strikes out swinging.","R","R","R","HOU","NYY","S",2,,0,2,2024,"-1.43","0.49","0.03","1.36",,,,0,7,"Bot",,,,,,,8.333347179155227,-130.41126745464248,-5.752897664132813,-18.111664864953177,29.411099745832665,-25.474188700599942,"3.24","1.56",,,,"89.7",1668,"6.5",746413,624431,519203,650402,542932,665828,657077,592450,665742,"53.97",,0,"0",1,0,0,,56,3,"Changeup",3,3,3,3,3,3,3,3,"Standard","Standard",243,"-0.038","-0.146",,,,"0.146",,0,0,"0.586","0.586",29,28,30,28,1,2,3,2,3,1,"2.36","1.43","1.43","48.8"
"SI","2024-03-31","97.4","-2.25","5.43","Loáisiga, Jonathan",676694,642528,,"called_strike",,,,,6,"Jake Meyers strikes out swinging.","R","R","R","HOU","NYY","S",,,0,1,2024,"-1.46","0.63","0.71","2.08",,,,0,7,"Bot",,,,,,,11.29595954504409,-141.3014052392582,-4.885359961972065,-22.07301229941329,32.00501000709296,-22.81489772657145,"3.17","1.57",,,,"97.5",2201,"6.5",746413,624431,519203,650402,542932,665828,657077,592450,665742,"54.02",,,,,,,,56,2,"Sinker",3,3,3,3,3,3,3,3,"Standard","Standard",231,"0","-0.049",,,,"0.049",,0,0,"0.586","0.586",29,28,30,28,1,2,3,2,3,1,"1.79","1.46","1.46","42.0"
"CU","2024-03-31","87.3","-2.31","5.68","Loáisiga, Jonathan",676694,642528,,"swinging_strike",,,,,14,"Jake Meyers strikes out swinging.","R","R","R","HOU","NYY","S",,,0,0,2024,"0.86","0.65","0.66","1.27",,,,0,7,"Bot",,,,,,,5.386594891200268,-126.96084905942178,-5.766934816654731,8.106890396795464,27.799656693205673,-24.12180522722382,"3.24","1.56",,,,"87.4",2324,"6.6",746413,624431,519203,650402,542932,665828,657077,592450,665742,"53.95",,,,,,,,56,1,"Curveball",3,3,3,3,3,3,3,3,"Standard","Standard",108,"0","-0.033",,,,"0.033",,0,0,"0.586","0.586",29,28,30,28,1,2,3,2,3,1,"2.36","-0.86","-0.86","48.0"
"SI","2024-03-31","98.3","-2.24","5.42","Loáisiga, Jonathan",665161,642528,"field_out","hit_into_play",,,,,4,"Jeremy Peña grounds out, first baseman Anthony Rizzo to pitcher Jonathan Loáisiga.","R","R","R","HOU","NYY","X",3,"ground_ball",1,1,2024,"-1.5","0.7","-0.7","2.67",673237,572138,676801,2,6,"Bot",146.95,163.77,,,,,7.699724563988184,-142.85663307894777,-3.5617202889920208,-22.388260575633584,34.33056238857035,-21.962300735867355,"3.63","1.75",16,"55.4",-6,"98.5",2332,"6.5",746413,624431,519203,650402,542932,665828,657077,592450,665742,"53.95",0.094,0.109,"0",1,0,0,1,51,3,"Sinker",3,3,3,3,3,3,3,3,"Standard","Standard",224,"-0.104","-0.772",,,0.094,"0.772","88.0",0,0,"0.604","0.604",29,26,30,27,1,2,3,1,3,1,"1.67","1.5","1.5","38.2"
"CH","2024-03-31","90.5","-2.17","5.64","Loáisiga, Jonathan",665161,642528,,"blocked_ball",,,,,14,"Jeremy Peña grounds out, first baseman Anthony Rizzo to pitcher Jonathan Loáisiga.","R","R","R","HOU","NYY","B",,,0,1,2024,"-1.63","0.7","0.26","0.66",673237,572138,676801,2,6,"Bot",,,,,,,9.569525878405717,-131.19698163594018,-7.92735925118877,-20.89200143215322,30.561649213583973,-22.445910028652975,"3.73","1.85",,,,"90.4",1915,"6.7",746413,624431,519203,650402,542932,665828,657077,592450,665742,"53.82",,,,,,,,51,2,"Changeup",3,3,3,3,3,3,3,3,"Standard","Standard",238,"0","0.092",,,,"-0.092",,0,0,"0.604","0.604",29,26,30,27,1,2,3,1,3,1,"2.13","1.63","1.63","43.3"
"CU","2024-03-31","87.9","-2.22","5.49","Loáisiga, Jonathan",665161,642528,,"swinging_strike",,,,,14,"Jeremy Peña grounds out, first baseman Anthony Rizzo to pitcher Jonathan Loáisiga.","R","R","R","HOU","NYY","S",,,0,0,2024,"0.67","0.5","1.32","1.41",673237,572138,676801,2,6,"Bot",,,,,,,7.228737306317639,-127.69856395438943,-4.739179098419699,5.676725174997995,28.801263657441364,-25.878862099211243,"3.63","1.75",,,,"88",2629,"6.6",746413,624431,519203,650402,542932,665828,657077,592450,665742,"53.86",,,,,,,,51,1,"Curveball",3,3,3,3,3,3,3,3,"Standard","Standard",78,"0","-0.129",,,,"0.129",,0,0,"0.604","0.604",29,26,30,27,1,2,3,1,3,1,"2.48","-0.67","-0.67","49.4"
"SI","2024-03-31","98.3","-2.37","5.38","Loáisiga, Jonathan",676801,642528,"single","hit_into_play",,,,,13,"Chas McCormick singles on a ground ball to shortstop Oswaldo Cabrera.   Yainer Diaz to 3rd.    Jon Singleton to 2nd.","R","R","R","HOU","NYY","X",6,"ground_ball",1,0,2024,"-1.6","0.72","-1.41","2.39",,673237,572138,2,6,"Bot",112.46,154.59,,,,,6.34079163823965,-142.9927855105497,-4.299456548841431,-23.464206528731175,34.556864746953735,-21.55445979796912,"3.3","1.61",5,"55.2",-25,"98.6",2167,"6.6",746413,624431,519203,650402,542932,665828,657077,592450,665742,"53.92",0.074,0.08,"0.9",1,1,0,1,50,2,"Sinker",3,3,3,3,3,3,3,3,"Standard","Standard",226,"0.039","0.856",,,0.077,"-0.856","88.0",0,0,"0.565","0.565",29,29,30,29,1,2,3,2,3,1,"1.65","1.6","1.6","42.5"
"CU","2024-03-31","89.7","-2.22","5.56","Loáisiga, Jonathan",676801,642528,,"blocked_ball",,,,,13,"Chas McCormick singles on a ground ball to shortstop Oswaldo Cabrera.   Yainer Diaz to 3rd.    Jon Singleton to 2nd.","R","R","R","HOU","NYY","B",,,0,0,2024,"-0.03","0.85","-0.21","0.66",,673237,572138,2,6,"Bot",,,,,,,5.052201635963058,-130.39801053630808,-7.916073260497214,-1.4342989616223685,28.359340536751446,-21.01801204047934,"3.29","1.65",,,,"90.1",2433,"6.6",746413,624431,519203,650402,542932,665828,657077,592450,665742,"53.85",,,,,,,,50,1,"Curveball",3,3,3,3,3,3,3,3,"Standard","Standard",156,"0","0.042",,,,"-0.042",,0,0,"0.565","0.565",29,29,30,29,1,2,3,2,3,1,"2","0.03","0.03","48.0"
"SI","2024-03-31","98","-2.27","5.49","Loáisiga, Jonathan",572138,642528,"single","hit_into_play",,,,,1,"Jon Singleton singles on a sharp line drive to left fielder Alex Verdugo.   Yainer Diaz to 2nd.","R","L","R","HOU","NYY","X",7,"line_drive",0,0,2024,"-1.52","0.74","-0.59","3.06",,,673237,2,6,"Bot",57.36,105.11,,,,,8.076417659010101,-142.40500825776684,-2.752295647718514,-22.619367281057283,34.05192895507078,-21.67919876867827,"3.14","1.47",212,"103.5",9,"98.1",2344,"6.5",746413,624431,519203,650402,542932,665828,657077,592450,665742,"53.99",0.743,0.719,"0.9",1,1,0,4,49,1,"Sinker",3,3,3,3,3,3,3,3,"Infield shade","Standard",223,"0.029","0.301",,,0.891,"-0.301","103.5",0,0,"0.536","0.536",29,32,30,33,1,2,3,3,3,3,"1.65","1.52","-1.52","43.9"
"SI","2024-03-31","97.6","-2.16","5.38","Loáisiga, Jonathan",673237,642528,"single","hit_into_play",,,,,4,"Yainer Diaz singles on a ground ball to center fielder Aaron Judge.   Kyle Tucker scores.","R","R","R","HOU","NYY","X",8,"ground_ball",0,1,2024,"-1.62","0.7","-0.52","2.6",663656,,,2,6,"Bot",120.08,103.42,,,,,8.23141908951034,-141.9050774458984,-3.5781183572039317,-23.794612255534204,34.2752816022238,-22.037574082712887,"3.2","1.52",108,"91.2",6,"98.2",2292,"6.8",746413,624431,519203,650402,542932,665828,657077,592450,665742,"53.71",0.466,0.419,"0.9",1,1,0,4,48,2,"Sinker",2,3,2,3,3,3,3,3,"Standard","Standard",225,"0.168","0.934",,,0.509,"-0.934","91.2",-1,-1,"0.368","0.368",29,25,30,26,1,2,3,1,3,1,"1.7","1.62","1.62","38.2"
"SI","2024-03-31","98.2","-2.19","5.43","Loáisiga, Jonathan",673237,642528,,"called_strike",,,,,8,"Yainer Diaz singles on a ground ball to center fielder Aaron Judge.   Kyle Tucker scores.","R","R","R","HOU","NYY","S",,,0,0,2024,"-1.56","0.76","-0.03","1.97",663656,,,2,6,"Bot",,,,,,,9.501063158913169,-142.61335567971335,-5.60867807574997,-23.463562152448088,34.250202961589956,-20.715998622625136,"3.13","1.51",,,,"98.4",2332,"6.6",746413,624431,519203,650402,542932,665828,657077,592450,665742,"53.89",,,,,,,,48,1,"Sinker",2,3,2,3,3,2,2,3,"Standard","Standard",224,"0","-0.047",,,,"0.047",,-1,-1,"0.368","0.368",29,25,30,26,1,2,3,1,3,1,"1.63","1.56","1.56","45.4"
"SI","2024-03-31","98.1","-2.1","5.47","Loáisiga, Jonathan",608324,642528,"field_out","hit_into_play",,,,,5,"Alex Bregman grounds out to first baseman Anthony Rizzo.   Kyle Tucker to 3rd.","R","R","R","HOU","NYY","X",3,"ground_ball",0,2,2024,"-1.51","0.77","-0.21","2.34",,663656,,1,6,"Bot",156.58,161.72,,,,,8.612386343849073,-142.49130437414007,-4.743415708296247,-22.560270914760228,35.76106847833215,-20.71620291199198,"3.05","1.5",117,"87.4",6,"98",2287,"6.5",746413,624431,519203,650402,542932,665828,657077,592450,665742,"53.97",0.477,0.455,"0",1,0,0,4,47,3,"Sinker",2,3,2,3,3,2,2,3,"Standard","Standard",226,"-0.054","-0.192",,,0.55,"0.192","88.0",-1,-1,"0.422","0.422",29,30,30,30,1,2,3,1,3,1,"1.62","1.51","1.51","41.2"
"CU","2024-03-31","87.4","-2.3","5.58","Loáisiga, Jonathan",608324,642528,,"foul",,,,,6,"Alex Bregman grounds out to first baseman Anthony Rizzo.   Kyle Tucker to 3rd.","R","R","R","HOU","NYY","S",,,0,1,2024,"1.1","0.38","0.56","2.1",,663656,,1,6,"Bot",,,,,,,4.619625994836722,-127.18211170831455,-2.989307400317181,10.835872099642625,28.546915694562248,-27.584368783087957,"3.05","1.5",82,"67.4",82,"87.4",2626,"6.5",746413,624431,519203,650402,542932,665828,657077,592450,665742,"54.01",,,,,,,,47,2,"Curveball",2,3,2,3,3,2,2,3,"Standard","Standard",86,"0","-0.08",,,,"0.08","88.0",-1,-1,"0.422","0.422",29,30,30,30,1,2,3,1,3,1,"2.62","-1.1","-1.1","44.9"
"SI","2024-03-31","97.3","-2.37","5.41","Loáisiga, Jonathan",608324,642528,,"called_strike",,,,,9,"Alex Bregman grounds out to first baseman Anthony Rizzo.   Kyle Tucker to 3rd.","R","R","R","HOU","NYY","S",,,0,0,2024,"-1.59","0.57","0.49","1.97",,663656,,1,6,"Bot",,,,,,,11.348611186553079,-141.14820681937658,-5.003059664709103,-23.854884816706647,33.733471516463744,-23.51174784312745,"3.18","1.59",,,,"97.4",2255,"6.6",746413,624431,519203,650402,542932,665828,657077,592450,665742,"53.86",,,,,,,,47,1,"Sinker",2,3,2,3,3,2,2,3,"Standard","Standard",225,"0","-0.045",,,,"0.045",,-1,-1,"0.422","0.422",29,30,30,30,1,2,3,1,3,1,"1.86","1.59","1.59","43.2"
"SI","2024-03-28","98.1","-2.08","5.23","Loáisiga, Jonathan",547989,642528,"strikeout","swinging_strike",,,,,3,"José Abreu strikes out swinging.","R","R","R","HOU","NYY","S",2,,0,2,2024,"-1.67","0.87","0.81","2.84",,514888,608324,2,7,"Bot",,,,,,,11.729524890129655,-142.25613531844007,-2.9391212720246003,-25.36551326571228,34.18613321782074,-19.881377027183138,"3.36","1.55",,,,"98.3",2368,"6.7",746418,624431,519203,650402,665828,683011,657077,592450,665742,"53.8",,0,"0",1,0,0,,67,3,"Sinker",4,5,4,5,5,4,4,5,"Standard","Standard",231,"-0.095","-0.296",,,,"0.296",,-1,-1,"0.342","0.342",29,37,30,37,2,3,,,3,1,"1.52","1.67","1.67","38.1"
"SI","2024-03-28","98.1","-2.14","5.27","Loáisiga, Jonathan",547989,642528,,"called_strike",,,,,6,"José Abreu strikes out swinging.","R","R","R","HOU","NYY","S",,,0,1,2024,"-1.67","0.73","0.56","2.3",,514888,608324,2,7,"Bot",,,,,,,11.190791142096527,-142.32884486874758,-4.209091825067863,-25.250258918612918,33.91389718624946,-21.458983511950898,"3.38","1.75",,,,"98.2",2321,"6.6",746418,624431,519203,650402,665828,683011,657077,592450,665742,"53.9",,,,,,,,67,2,"Sinker",4,5,4,5,5,4,4,5,"Standard","Standard",234,"0","-0.073",,,,"0.073",,-1,-1,"0.342","0.342",29,37,30,37,2,3,,,3,1,"1.66","1.67","1.67","36.0"
"SI","2024-03-28","98.3","-2.19","5.27","Loáisiga, Jonathan",547989,642528,,"called_strike",,,,,9,"José Abreu strikes out swinging.","R","R","R","HOU","NYY","S",,,0,0,2024,"-1.56","0.83","0.77","1.84",,514888,608324,2,7,"Bot",,,,,,,11.763739369511171,-142.52800103211754,-5.736135917406989,-24.037676361828634,33.88042338713539,-19.70097292328896,"3.33","1.74",,,,"99.1",2310,"7",746418,624431,519203,650402,665828,683011,657077,592450,665742,"53.52",,,,,,,,67,1,"Sinker",4,5,4,5,5,4,4,5,"Standard","Standard",232,"0","-0.077",,,,"0.077",,-1,-1,"0.342","0.342",29,37,30,37,2,3,,,3,1,"1.56","1.56","1.56","36.9"
"SI","2024-03-28","97.4","-1.87","5.32","Loáisiga, Jonathan",608324,642528,"single","hit_into_play",,,,,9,"Alex Bregman singles on a line drive to right fielder Juan Soto.   Jose Altuve to 2nd.","R","R","R","HOU","NYY","X",9,"line_drive",0,1,2024,"-1.56","0.68","0.45","1.88",,,514888,2,7,"Bot",162.16,94.8,,,,,9.8659220804843,-141.4898929475303,-5.306352515887069,-23.16037872951363,32.26326315025755,-21.918664923269343,"3.03","1.46",207,"102",9,"97.9",2323,"6.7",746418,624431,519203,650402,665828,683011,657077,592450,665742,"53.82",0.697,0.628,"0.9",1,1,0,4,66,2,"Sinker",4,5,4,5,5,4,4,5,"Standard","Standard",231,"0.043","0.34",,,0.786,"-0.34","102.0",-1,-1,"0.299","0.299",29,30,30,30,1,3,,,3,1,"1.73","1.56","1.56","39.4"
"SI","2024-03-28","97.9","-2.26","5.33","Loáisiga, Jonathan",608324,642528,,"foul",,,,,8,"Alex Bregman singles on a line drive to right fielder Juan Soto.   Jose Altuve to 2nd.","R","R","R","HOU","NYY","S",,,0,0,2024,"-1.72","0.86","0","1.71",,,514888,2,7,"Bot",,,,,,,10.152025822998636,-141.95050020104128,-6.206510802552517,-25.735947585349034,37.95582598813836,-19.187043012769596,"3.03","1.46",138,"80.2",68,"97.9",2389,"6.8",746418,624431,519203,650402,665828,683011,657077,592450,665742,"53.65",,,,,,,,66,1,"Sinker",4,5,4,5,5,4,4,5,"Standard","Standard",226,"0","-0.039",,,,"0.039","88.0",-1,-1,"0.299","0.299",29,30,30,30,1,3,,,3,1,"1.57","1.72","1.72","42.6"
"SI","2024-03-28","98.2","-2.17","5.35","Loáisiga, Jonathan",663656,642528,"field_out","hit_into_play",,,,,7,"Kyle Tucker lines out to left fielder Alex Verdugo.","R","L","R","HOU","NYY","X",7,"line_drive",1,0,2024,"-1.55","1.06","-0.35","2.02",,,514888,1,7,"Bot",82.73,68.36,,,,,8.569286761522166,-142.5891307759683,-5.968203968034534,-23.141618594415274,35.94242068979438,-16.453374635199392,"3.53","1.68",342,"99.8",19,"98.5",2434,"6.8",746418,624431,519203,650402,665828,683011,657077,592450,665742,"53.73",0.343,0.402,"0",1,0,0,5,65,2,"Sinker",4,5,4,5,5,4,4,5,"Standard","Standard",227,"-0.061","-0.343",,,0.62,"0.343","99.8",-1,-1,"0.36","0.36",29,27,30,27,1,3,,,3,1,"1.33","1.55","-1.55","40.5"
"SI","2024-03-28","98.6","-2.17","5.39","Loáisiga, Jonathan",663656,642528,,"ball",,,,,13,"Kyle Tucker lines out to left fielder Alex Verdugo.","R","L","R","HOU","NYY","B",,,0,0,2024,"-1.51","1.07","-0.2","1.47",,,514888,1,7,"Bot",,,,,,,8.91763363795182,-143.020568229715,-7.649346908218754,-22.86208640309361,36.316098700729654,-15.856545401738265,"3.43","1.77",,,,"98.7",2443,"6.8",746418,624431,519203,650402,665828,683011,657077,592450,665742,"53.75",,,,,,,,65,1,"Sinker",4,5,4,5,5,4,4,5,"Standard","Standard",227,"0","0.043",,,,"-0.043",,-1,-1,"0.36","0.36",29,27,30,27,1,3,,,3,1,"1.31","1.51","-1.51","42.6"
"SI","2024-03-28","96.8","-1.98","5.33","Loáisiga, Jonathan",670541,642528,"field_out","hit_into_play",,,,,1,"Yordan Alvarez flies out to left fielder Alex Verdugo.","R","L","R","HOU","NYY","X",7,"fly_ball",1,1,2024,"-1.56","0.89","-0.33","3.22",,,514888,0,7,"Bot",68.48,102.09,,,,,8.023142756981505,-140.74082217971537,-2.0590917342715933,-22.521273119376485,35.027709352553345,-20.174819578379456,"3.54","1.75",280,"91.4",44,"97.3",2368,"6.8",746418,624431,519203,650402,665828,683011,657077,592450,665742,"53.68",0.011,0.02,"0",1,0,0,3,64,3,"Sinker",4,5,4,5,5,4,4,5,"Infield shade","Standard",225,"-0.071","-0.357",,,0.034,"0.357","91.4",-1,-1,"0.431","0.431",29,27,30,27,1,3,,,3,1,"1.57","1.56","-1.56","40.1"
"SI","2024-03-28","97.6","-2.27","5.34","Loáisiga, Jonathan",670541,642528,,"ball",,,,,13,"Yordan Alvarez flies out to left fielder Alex Verdugo.","R","L","R","HOU","NYY","B",,,0,1,2024,"-1.52","0.88","-1.29","1.17",,,514888,0,7,"Bot",,,,,,,6.1777738124019566,-141.74552881951996,-7.715508416031586,-21.8663970335042,35.201168811604205,-18.697976612481906,"3.53","1.84",,,,"97.8",2362,"6.7",746418,624431,519203,650402,665828,683011,657077,592450,665742,"53.77",,,,,,,,64,2,"Sinker",4,5,4,5,5,4,4,5,"Infield shade","Standard",229,"0","0.052",,,,"-0.052",,-1,-1,"0.431","0.431",29,27,30,27,1,3,,,3,1,"1.54","1.52","-1.52","40.0"
"SI","2024-03-28","96.7","-2","5.37","Loáisiga, Jonathan",670541,642528,,"called_strike",,,,,6,"Yordan Alvarez flies out to left fielder Alex Verdugo.","R","L","R","HOU","NYY","S",,,0,0,2024,"-1.59","0.81","0.78","2.42",,,514888,0,7,"Bot",,,,,,,11.112032393966459,-140.3069451107054,-4.116481221586466,-23.62198788615422,33.62233835036865,-20.72130792277284,"3.44","1.8",,,,"96.9",2298,"6.7",746418,624431,519203,650402,665828,683011,657077,592450,665742,"53.78",,,,,,,,64,1,"Sinker",4,5,4,5,5,4,4,5,"Infield shade","Standard",226,"0","-0.063",,,,"0.063",,-1,-1,"0.431","0.431",29,27,30,27,1,3,,,3,1,"1.66","1.59","-1.59","41.9"
"SI","2024-03-28","97.6","-2.12","5.36","Loáisiga, Jonathan",514888,642528,"single","hit_into_play",,,,,1,"Jose Altuve singles on a ground ball to center fielder Aaron Judge, deflected by second baseman Gleyber Torres.","R","R","R","HOU","NYY","X",4,"ground_ball",0,2,2024,"-1.64","0.52","-0.36","2.85",,,,0,7,"Bot",114.72,113.2,,,,,8.569747983538335,-141.83267116025308,-2.4385436171305197,-24.104437426048552,33.14718517022952,-24.829635396894993,"2.85","1.26",138,"80",12,"98",2281,"6.6",746418,624431,519203,650402,665828,683011,657077,592450,665742,"53.86",0.491,0.442,"0.9",1,1,0,4,63,3,"Sinker",4,5,4,5,5,4,4,5,"Standard","Standard",232,"0.077","0.484",,,0.509,"-0.484","88.0",-1,-1,"0.354","0.354",29,34,30,34,1,3,,,3,1,"1.89","1.64","1.64","38.5"
"CH","2024-03-28","88.7","-2.07","5.68","Loáisiga, Jonathan",514888,642528,,"foul",,,,,9,"Jose Altuve singles on a ground ball to center fielder Aaron Judge, deflected by second baseman Gleyber Torres.","R","R","R","HOU","NYY","S",,,0,1,2024,"-1.47","0.69","0.47","1.18",,,,0,7,"Bot",,,,,,,9.32110505004291,-128.61859191359923,-6.324744823405634,-18.247571951631027,28.429191248189056,-23.34259350462597,"2.85","1.26",3,"65",-31,"88.9",1935,"6.8",746418,624431,519203,650402,665828,683011,657077,592450,665742,"53.75",,,,,,,,63,2,"Changeup",4,5,4,5,5,4,4,5,"Standard","Standard",240,"0","-0.049",,,,"0.049","88.0",-1,-1,"0.354","0.354",29,34,30,34,1,3,,,3,1,"2.25","1.47","1.47","44.5"
"SI","2024-03-28","96.9","-2.18","5.41","Loáisiga, Jonathan",514888,642528,,"called_strike",,,,,8,"Jose Altuve singles on a ground ball to center fielder Aaron Judge, deflected by second baseman Gleyber Torres.","R","R","R","HOU","NYY","S",,,0,0,2024,"-1.62","0.56","0.27","1.71",,,,0,7,"Bot",,,,,,,10.328145654616408,-140.6088403217291,-5.614494560025608,-23.91896772668596,33.082448529074725,-23.58053192655932,"2.87","1.37",,,,"97.5",2337,"6.8",746418,624431,519203,650402,665828,683011,657077,592450,665742,"53.65",,,,,,,,63,1,"Sinker",4,5,4,5,5,4,4,5,"Standard","Standard",228,"0","-0.033",,,,"0.033",,-1,-1,"0.354","0.354",29,34,30,34,1,3,,,3,1,"1.89","1.62","1.62","38.0"
"SI","2024-03-28","97.4","-2.32","5.4","Loáisiga, Jonathan",572138,642528,"field_out","hit_into_play",,,,,13,"Jon Singleton grounds out softly, pitcher Jonathan Loáisiga to first baseman Anthony Rizzo.","R","L","R","HOU","NYY","X",1,"ground_ball",0,0,2024,"-1.35","0.74","-0.95","2.13",673237,,665161,2,6,"Bot",128.7,187.07,,,,,6.811964252990211,-141.551634387104,-4.962940976350228,-19.69137989103418,33.87021055412872,-21.264384492172873,"3.14","1.47",1,"78.7",-70,"97.7",2375,"6.6",746418,624431,519203,650402,665828,683011,657077,592450,665742,"53.86",0.317,0.259,"0",1,0,0,2,56,1,"Sinker",4,4,4,4,4,4,4,4,"Standard","Standard",226,"-0.075","-0.483",,,0.339,"0.483","88.0",0,0,"0.575","0.575",29,32,30,33,1,0,,,3,3,"1.68","1.35","-1.35","39.0"
"SI","2024-03-28","98","-2.22","5.4","Loáisiga, Jonathan",665161,642528,"single","hit_into_play",,,,,13,"Jeremy Peña singles on a line drive to center fielder Aaron Judge.   Yainer Diaz to 3rd.","R","R","R","HOU","NYY","X",8,"line_drive",1,0,2024,"-1.54","0.94","-0.86","2.41",,,673237,2,6,"Bot",144.34,93.04,,,,,7.2828658733174745,-142.41389456536865,-4.74809741272563,-22.572258725568663,34.846431991116624,-18.541144973870228,"3.62","1.72",225,"75.8",21,"98.4",2492,"6.8",746418,624431,519203,650402,665828,683011,657077,592450,665742,"53.74",0.974,0.914,"0.9",1,1,0,4,55,2,"Sinker",4,4,4,4,4,4,4,4,"Standard","Standard",227,"0.039","0.272",,,1.079,"-0.272","88.0",0,0,"0.536","0.536",29,26,30,27,1,2,,,3,1,"1.46","1.54","1.54","38.6"
"SI","2024-03-28","98.5","-2.22","5.43","Loáisiga, Jonathan",665161,642528,,"ball",,,,,14,"Jeremy Peña singles on a line drive to center fielder Aaron Judge.   Yainer Diaz to 3rd.","R","R","R","HOU","NYY","B",,,0,0,2024,"-1.53","0.93","0.42","1.26",,,673237,2,6,"Bot",,,,,,,10.756973684591872,-142.79951010218426,-7.993110080655077,-23.412924802670165,34.974096394941384,-17.67502784536214,"3.73","1.88",,,,"98.7",2451,"6.8",746418,624431,519203,650402,665828,683011,657077,592450,665742,"53.74",,,,,,,,55,1,"Sinker",4,4,4,4,4,4,4,4,"Standard","Standard",224,"0","0.028",,,,"-0.028",,0,0,"0.536","0.536",29,26,30,27,1,2,,,3,1,"1.45","1.53","1.53","40.9"
"SI","2024-03-28","98.2","-2.2","5.47","Loáisiga, Jonathan",673237,642528,"single","hit_into_play",,,,,11,"Yainer Diaz singles on a line drive to right fielder Juan Soto.","R","R","R","HOU","NYY","X",9,"line_drive",0,0,2024,"-1.6","0.85","-0.93","2.68",,,,2,6,"Bot",157.78,82.52,,,,,7.189378317149715,-142.76979240856568,-4.030846333303803,-23.57637714855652,35.467459509320896,-19.758362455263082,"3.16","1.46",268,"89.3",18,"98.4",2450,"6.6",746418,624431,519203,650402,665828,683011,657077,592450,665742,"53.89",0.709,0.684,"0.9",1,1,0,4,54,1,"Sinker",4,4,4,4,4,4,4,4,"Standard","Standard",226,"0.019","0.128",,,0.847,"-0.128","89.3",0,0,"0.517","0.517",29,25,30,26,1,2,,,3,1,"1.53","1.6","1.6","45.8"
"SI","2024-03-28","97.7","-2.19","5.35","Loáisiga, Jonathan",676801,642528,"field_out","hit_into_play",,,,,4,"Chas McCormick pops out to catcher Jose Trevino in foul territory.","R","R","R","HOU","NYY","X",2,"popup",3,2,2024,"-1.57","0.71","-0.62","2.73",,,,1,6,"Bot",150.64,206.32,,,,,7.9120281924723805,-142.06206888470396,-3.1810305055860555,-23.152281123252738,35.05331579376018,-22.04124396601272,"3.29","1.55",60,"70.9",79,"97.9",2379,"6.6",746418,624431,519203,650402,665828,683011,657077,592450,665742,"53.86",0.006,0.007,"0",1,0,0,3,53,6,"Sinker",4,4,4,4,4,4,4,4,"Standard","Standard",226,"-0.024","-0.21",,,0.007,"0.21","88.0",0,0,"0.541","0.541",29,29,30,29,1,2,,,3,1,"1.7","1.57","1.57","44.5"
"SI","2024-03-28","98","-2.38","5.3","Loáisiga, Jonathan",676801,642528,,"ball",,,,,11,"Chas McCormick pops out to catcher Jose Trevino in foul territory.","R","R","R","HOU","NYY","B",,,2,2,2024,"-1.65","0.57","-1.34","3.78",,,,1,6,"Bot",,,,,,,6.632613286475131,-142.45396597760893,0.14015308616045608,-23.95806767366135,35.793103974198665,-24.737672068834026,"3.2","1.59",,,,"98",2315,"6.6",746418,624431,519203,650402,665828,683011,657077,592450,665742,"53.92",,,,,,,,53,5,"Sinker",4,4,4,4,4,4,4,4,"Standard","Standard",225,"0","0.068",,,,"-0.068",,0,0,"0.541","0.541",29,29,30,29,1,2,,,3,1,"1.83","1.65","1.65","39.2"
"SI","2024-03-28","97.5","-2.22","5.36","Loáisiga, Jonathan",676801,642528,,"foul",,,,,13,"Chas McCormick pops out to catcher Jose Trevino in foul territory.","R","R","R","HOU","NYY","S",,,2,1,2024,"-1.67","0.68","-1.42","1.96",,,,1,6,"Bot",,,,,,,6.042594779686698,-141.84724299830822,-5.187180220454586,-23.957578974639503,34.174147906371815,-21.93558674966773,"3.29","1.55",4,"74.7",-25,"97.9",2330,"6.6",746418,624431,519203,650402,665828,683011,657077,592450,665742,"53.88",,,,,,,,53,4,"Sinker",4,4,4,4,4,4,4,4,"Standard","Standard",224,"0","-0.049",,,,"0.049","88.0",0,0,"0.541","0.541",29,29,30,29,1,2,,,3,1,"1.73","1.67","1.67","39.6"
"CU","2024-03-28","86.7","-2.25","5.51","Loáisiga, Jonathan",676801,642528,,"ball",,,,,14,"Chas McCormick pops out to catcher Jose Trevino in foul territory.","R","R","R","HOU","NYY","B",,,1,1,2024,"1.09","0.19","1.76","1.8",,,,1,6,"Bot",,,,,,,7.436630581199895,-126.10076795064285,-3.025822010964094,9.896271686469138,27.757404614675576,-29.752008201913082,"3.15","1.69",,,,"87.3",2646,"6.9",746418,624431,519203,650402,665828,683011,657077,592450,665742,"53.61",,,,,,,,53,3,"Curveball",4,4,4,4,4,4,4,4,"Standard","Standard",68,"0","0.037",,,,"-0.037",,0,0,"0.541","0.541",29,29,30,29,1,2,,,3,1,"2.87","-1.09","-1.09","50.4"
"SI","2024-03-28","98.2","-2.36","5.42","Loáisiga, Jonathan",676801,642528,,"ball",,,,,13,"Chas McCormick pops out to catcher Jose Trevino in foul territory.","R","R","R","HOU","NYY","B",,,0,1,2024,"-1.72","0.59","-1.97","2.22",,,,1,6,"Bot",,,,,,,5.051098682472309,-142.8581604681861,-4.537416806878831,-24.61158363918781,36.20905160267236,-23.24275764154678,"3.29","1.75",,,,"98.3",2344,"6.6",746418,624431,519203,650402,665828,683011,657077,592450,665742,"53.91",,,,,,,,53,2,"Sinker",4,4,4,4,4,4,4,4,"Standard","Standard",226,"0","0.015",,,,"-0.015",,0,0,"0.541","0.541",29,29,30,29,1,2,,,3,1,"1.8","1.72","1.72","38.4"
"SI","2024-03-28","97.4","-2.37","5.35","Loáisiga, Jonathan",676801,642528,,"called_strike",,,,,1,"Chas McCormick pops out to catcher Jose Trevino in foul territory.","R","R","R","HOU","NYY","S",,,0,0,2024,"-1.67","0.42","-0.82","3.25",,,,1,6,"Bot",,,,,,,8.029356931542784,-141.64331981975278,-1.036050237526907,-24.324105590861247,34.638198859853425,-26.456936852196677,"3.25","1.75",,,,"97.5",2301,"6.5",746418,624431,519203,650402,665828,683011,657077,592450,665742,"53.99",,,,,,,,53,1,"Sinker",4,4,4,4,4,4,4,4,"Standard","Standard",229,"0","-0.023",,,,"0.023",,0,0,"0.541","0.541",29,29,30,29,1,2,,,3,1,"1.99","1.67","1.67","44.8"
"SI","2024-03-28","97.7","-2.28","5.43","Loáisiga, Jonathan",547989,642528,"field_out","hit_into_play",,,,,8,"José Abreu grounds out, shortstop Anthony Volpe to first baseman Anthony Rizzo.","R","R","R","HOU","NYY","X",6,"ground_ball",1,0,2024,"-1.64","0.78","0","1.59",,,,0,6,"Bot",112.47,162.23,,,,,9.987285160726502,-141.76219180975505,-6.615457495817786,-24.415181080298833,34.23914916850582,-20.305605459422413,"3.36","1.55",2,"79.4",-46,"98",2392,"6.8",746418,624431,519203,650402,665828,683011,657077,592450,665742,"53.75",0.129,0.11,"0",1,0,0,2,52,2,"Sinker",4,4,4,4,4,4,4,4,"Standard","Standard",228,"-0.033","-0.262",,,0.129,"0.262","88.0",0,0,"0.574","0.574",29,37,30,37,1,2,,,3,1,"1.64","1.64","1.64","39.6"
"SI","2024-03-28","97.6","-2.52","5.42","Loáisiga, Jonathan",547989,642528,,"ball",,,,,13,"José Abreu grounds out, shortstop Anthony Volpe to first baseman Anthony Rizzo.","R","R","R","HOU","NYY","B",,,0,0,2024,"-1.59","0.83","-1.37","1.78",,,,0,6,"Bot",,,,,,,6.788930622228467,-141.82836735172774,-6.201605045384475,-22.990483956682155,34.085772598733875,-19.675951882262392,"3.34","1.47",,,,"97.9",2392,"6.7",746418,624431,519203,650402,665828,683011,657077,592450,665742,"53.84",,,,,,,,52,1,"Sinker",4,4,4,4,4,4,4,4,"Standard","Standard",225,"0","0.034",,,,"-0.034",,0,0,"0.574","0.574",29,37,30,37,1,2,,,3,1,"1.58","1.59","1.59","39.6"