﻿"pitch_type","game_date","release_speed","release_pos_x","release_pos_z","player_name","batter","pitcher","events","description","spin_dir","spin_rate_deprecated","break_angle_deprecated","break_length_deprecated","zone","des","game_type","stand","p_throws","home_team","away_team","type","hit_location","bb_type","balls","strikes","game_year","pfx_x","pfx_z","plate_x","plate_z","on_3b","on_2b","on_1b","outs_when_up","inning","inning_topbot","hc_x","hc_y","tfs_deprecated","tfs_zulu_deprecated","umpire","sv_id","vx0","vy0","vz0","ax","ay","az","sz_top","sz_bot","hit_distance_sc","launch_speed","launch_angle","effective_speed","release_spin_rate","release_extension","game_pk","fielder_2","fielder_3","fielder_4","fielder_5","fielder_6","fielder_7","fielder_8","fielder_9","release_pos_y","estimated_ba_using_speedangle","estimated_woba_using_speedangle","woba_value","woba_denom","babip_value","iso_value","launch_speed_angle","at_bat_number","pitch_number","pitch_name","home_score","away_score","bat_score","fld_score","post_away_score","post_home_score","post_bat_score","post_fld_score","if_fielding_alignment","of_fielding_alignment","spin_axis","delta_home_win_exp","delta_run_exp","bat_speed","swing_length","estimated_slg_using_speedangle","delta_pitcher_run_exp","hyper_speed","home_score_diff","bat_score_diff","home_win_exp","bat_win_exp","age_pit_legacy","age_bat_legacy","age_pit","age_bat","n_thruorder_pitcher","n_priorpa_thisgame_player_at_bat","pitcher_days_since_prev_game","batter_days_since_prev_game","pitcher_days_until_next_game","batter_days_until_next_game","api_break_z_with_gravity","api_break_x_arm","api_break_x_batter_in","arm_angle"
"CH","2024-07-20","79.6","1.71","5.5","Maciejewski, Josh",642350,656671,"field_out","hit_into_play",,,,,14,"Jose Siri grounds out, third baseman DJ LeMahieu to first baseman Ben Rice.","R","R","L","NYY","TB","X",5,"ground_ball",0,2,2024,"1.49","0.22","0.91","1.49",668227,,,2,9,"Top",106.6,170.26,,,,,-4.5736717201700605,-115.88863748242292,-2.5152271388080516,14.28986823928818,20.615174889404994,-29.97925680023458,"3.52","1.68",4,"83.9",-18,"80",1924,"6.4",745720,665966,700250,650402,518934,683011,665828,663757,663330,"54.08",0.063,0.083,"0",1,0,0,2,70,4,"Changeup",0,9,9,0,9,0,9,0,"Standard","Standard",98,"0","-0.22","71.7","8.4",0.063,"0.22","88.0",-9,9,"0","1",28,28,29,29,2,4,14,1,,1,"3.36","1.49","-1.49","34.9"
"CH","2024-07-20","81.9","1.84","5.43","Maciejewski, Josh",642350,656671,,"foul",,,,,9,"Jose Siri grounds out, third baseman DJ LeMahieu to first baseman Ben Rice.","R","R","L","NYY","TB","S",,,0,2,2024,"1.42","0.08","0.76","1.58",668227,,,2,9,"Top",,,,,,,-5.206858343773412,-119.18274008283429,-2.2721634156261676,14.578808285007593,23.769027215122552,-31.192767698238047,"3.52","1.68",,,,"82.1",1875,"6.5",745720,665966,700250,650402,518934,683011,665828,663757,663330,"53.97",,,,,,,,70,3,"Changeup",0,9,9,0,9,0,9,0,"Standard","Standard",99,"0","0","70.0","8.6",,"0",,-9,9,"0","1",28,28,29,29,2,4,14,1,,1,"3.33","1.42","-1.42","32.2"
"CH","2024-07-20","81.7","1.82","5.48","Maciejewski, Josh",642350,656671,,"swinging_strike",,,,,14,"Jose Siri grounds out, third baseman DJ LeMahieu to first baseman Ben Rice.","R","R","L","NYY","TB","S",,,0,1,2024,"1.61","0.38","1.01","1.12",668227,,,2,9,"Top",,,,,,,-4.931437945360649,-118.88547078272948,-4.003139631506418,16.191113147752105,23.31624280055896,-27.952356324791,"3.52","1.68",,,,"81.9",1996,"6.5",745720,665966,700250,650402,518934,683011,665828,663757,663330,"54.01",,,,,,,,70,2,"Changeup",0,9,9,0,9,0,9,0,"Standard","Standard",101,"0","-0.07","74.2","9.2",,"0.07",,-9,9,"0","1",28,28,29,29,2,4,14,1,,1,"3.04","1.61","-1.61","35.1"
"CH","2024-07-20","81.5","1.79","5.44","Maciejewski, Josh",642350,656671,,"swinging_strike",,,,,14,"Jose Siri grounds out, third baseman DJ LeMahieu to first baseman Ben Rice.","R","R","L","NYY","TB","S",,,0,0,2024,"1.39","0.46","1.48","1.74",668227,,,2,9,"Top",,,,,,,-3.377614933243746,-118.58702972669121,-2.5847564123348463,13.723779118948517,23.96835490049629,-27.533164013271964,"3.52","1.68",,,,"81.6",1910,"6.5",745720,665966,700250,650402,518934,683011,665828,663757,663330,"54.02",,,,,,,,70,1,"Changeup",0,9,9,0,9,0,9,0,"Standard","Standard",100,"0","-0.047","75.6","8.2",,"0.047",,-9,9,"0","1",28,28,29,29,2,4,14,1,,1,"2.99","1.39","-1.39","33.4"
"CH","2024-07-20","81.6","1.86","5.47","Maciejewski, Josh",676356,656671,"field_out","hit_into_play",,,,,14,"Jonny DeLuca grounds out, second baseman Gleyber Torres to first baseman Ben Rice.   Curtis Mead scores.    Randy Arozarena to 3rd.","R","R","L","NYY","TB","X",4,"ground_ball",1,1,2024,"1.53","0.2","1.2","2.07",678554,668227,,1,9,"Top",144.18,147.23,,,,,-4.442474639615694,-118.8088720856572,-1.4713308572783315,15.351843707068449,22.58119454873617,-30.22990032833112,"3.28","1.56",106,"101.8",5,"81.9",1969,"6.5",745720,665966,700250,650402,518934,683011,665828,663757,663330,"54.04",0.62,0.576,"0",1,0,0,4,69,3,"Changeup",0,8,8,0,9,0,9,0,"Standard","Strategic",101,"0","-0.276","74.4","7.7",0.681,"0.276","101.8",-8,8,"0","1",28,25,29,26,2,4,14,7,,1,"3.22","1.53","-1.53","34.5"
"SI","2024-07-20","91.1","1.62","5.59","Maciejewski, Josh",676356,656671,,"ball",,,,,11,"Jonny DeLuca grounds out, second baseman Gleyber Torres to first baseman Ben Rice.   Curtis Mead scores.    Randy Arozarena to 3rd.","R","R","L","NYY","TB","B",,,0,1,2024,"1.2","1.02","-0.69","5.65",678554,668227,,1,9,"Top",,,,,,,-8.41174248943586,-132.38013353774977,3.898772969735896,15.905985345082543,27.977952276926285,-21.266619705342467,"3.44","1.75",,,,"91.3",2182,"6.5",745720,665966,700250,650402,518934,683011,665828,663757,663330,"54.02",,,,,,,,69,2,"Sinker",0,8,8,0,8,0,8,0,"Standard","Strategic",121,"0","0.031",,,,"-0.031",,-8,8,"0","1",28,25,29,26,2,4,14,7,,1,"1.73","1.2","-1.2","36.4"
"CH","2024-07-20","81.9","1.67","5.46","Maciejewski, Josh",676356,656671,,"swinging_strike",,,,,14,"Jonny DeLuca grounds out, second baseman Gleyber Torres to first baseman Ben Rice.   Curtis Mead scores.    Randy Arozarena to 3rd.","R","R","L","NYY","TB","S",,,0,0,2024,"1.39","0.39","0.46","1.25",678554,668227,,1,9,"Top",,,,,,,-5.461344501362478,-119.17150253714406,-3.749786957015963,14.339678752002023,22.067536184714257,-27.95810683706186,"3.28","1.56",,,,"82.5",1896,"6.6",745720,665966,700250,650402,518934,683011,665828,663757,663330,"53.92",,,,,,,,69,1,"Changeup",0,8,8,0,8,0,8,0,"Standard","Strategic",105,"0","-0.1","76.0","8.3",,"0.1",,-8,8,"0","1",28,25,29,26,2,4,14,7,,1,"3","1.39","-1.39","34.0"
"SI","2024-07-20","90.4","1.7","5.55","Maciejewski, Josh",668227,656671,"double","hit_into_play",,,,,6,"Randy Arozarena doubles (18) on a sharp line drive to center fielder Trent Grisham.   Curtis Mead to 3rd.","R","R","L","NYY","TB","X",8,"line_drive",3,1,2024,"1.29","0.91","0.32","2.32",,,678554,1,9,"Top",89.31,60.32,,,,,-6.247258797011309,-131.48166102183768,-4.048949923144974,16.31675406029559,28.248352702814596,-20.987758139102624,"3.3","1.58",306,"101.3",15,"90.8",2264,"6.6",745720,665966,700250,650402,518934,683011,665828,663757,663330,"53.93",0.7,0.705,"1.25",1,1,1,4,68,5,"Sinker",0,8,8,0,8,0,8,0,"Standard","Standard",124,"0","0.783","78.0","7.1",0.944,"-0.783","101.3",-8,8,"0","1",28,29,29,29,2,4,14,1,,1,"1.89","1.29","-1.29","35.9"
"SI","2024-07-20","88.9","1.67","5.44","Maciejewski, Josh",668227,656671,,"called_strike",,,,,3,"Randy Arozarena doubles (18) on a sharp line drive to center fielder Trent Grisham.   Curtis Mead to 3rd.","R","R","L","NYY","TB","S",,,3,0,2024,"1.19","0.69","0.6","3.3",,,678554,1,9,"Top",,,,,,,-5.131698549156636,-129.4065621567904,-0.6412391364687958,14.399385791057952,27.33353140236294,-24.495630565030655,"3.3","1.51",,,,"89.3",2095,"6.5",745720,665966,700250,650402,518934,683011,665828,663757,663330,"53.96",,,,,,,,68,4,"Sinker",0,8,8,0,8,0,8,0,"Standard","Standard",113,"0","-0.055",,,,"0.055",,-8,8,"0","1",28,29,29,29,2,4,14,1,,1,"2.19","1.19","-1.19","32.2"
"SI","2024-07-20","90.5","1.62","5.44","Maciejewski, Josh",668227,656671,,"ball",,,,,14,"Randy Arozarena doubles (18) on a sharp line drive to center fielder Trent Grisham.   Curtis Mead to 3rd.","R","R","L","NYY","TB","B",,,2,0,2024,"1.4","0.51","1.18","1.82",,,678554,1,9,"Top",,,,,,,-4.130635662033271,-131.78642055936024,-4.235419924369967,17.224467107971847,27.315502772699816,-25.547021150854782,"3.3","1.27",,,,"91.6",2150,"6.9",745720,665966,700250,650402,518934,683011,665828,663757,663330,"53.64",,,,,,,,68,3,"Sinker",0,8,8,0,8,0,8,0,"Standard","Standard",118,"0","0.12",,,,"-0.12",,-8,8,"0","1",28,29,29,29,2,4,14,1,,1,"2.26","1.4","-1.4","39.0"
"CH","2024-07-20","81.1","1.67","5.4","Maciejewski, Josh",668227,656671,,"blocked_ball",,,,,13,"Randy Arozarena doubles (18) on a sharp line drive to center fielder Trent Grisham.   Curtis Mead to 3rd.","R","R","L","NYY","TB","B",,,1,0,2024,"1.44","0.08","-0.1","0.02",,,678554,1,9,"Top",,,,,,,-6.747527020047906,-117.74768894105905,-5.4908218913466795,14.68476747492836,24.673575007652172,-30.525586213376553,"3.14","1.42",,,,"81.1",2113,"6.6",745720,665966,700250,650402,518934,683011,665828,663757,663330,"53.87",,,,,,,,68,2,"Changeup",0,8,8,0,8,0,8,0,"Standard","Standard",99,"0","0.066",,,,"-0.066",,-8,8,"0","1",28,29,29,29,2,4,14,1,,1,"3.43","1.44","-1.44","32.7"
"SI","2024-07-20","91.2","1.65","5.62","Maciejewski, Josh",668227,656671,,"ball",,,,,12,"Randy Arozarena doubles (18) on a sharp line drive to center fielder Trent Grisham.   Curtis Mead to 3rd.","R","R","L","NYY","TB","B",,,0,0,2024,"1.03","0.99","0.24","4.28",,,678554,1,9,"Top",,,,,,,-5.79090526127035,-132.72689080049363,0.4191024135194583,13.458785805752989,29.654404719698032,-20.829667292913424,"3.14","1.34",,,,"91.4",2244,"6.5",745720,665966,700250,650402,518934,683011,665828,663757,663330,"54",,,,,,,,68,1,"Sinker",0,8,8,0,8,0,8,0,"Standard","Standard",124,"0","0.043",,,,"-0.043",,-8,8,"0","1",28,29,29,29,2,4,14,1,,1,"1.76","1.03","-1.03","35.2"
"CH","2024-07-20","81.6","1.75","5.48","Maciejewski, Josh",678554,656671,"single","hit_into_play",,,,,13,"Curtis Mead singles on a sharp line drive to left fielder Oswaldo Cabrera.","R","R","L","NYY","TB","X",7,"line_drive",1,1,2024,"1.27","0.03","-0.7","1.53",,,,1,9,"Top",64.72,99.77,,,,,-7.971114957565275,-118.61778652343273,-2.3454861506245055,13.520242036571437,22.665331646003924,-31.653867482346815,"3.56","1.66",240,"107.8",13,"81.8",2035,"6.4",745720,665966,700250,650402,518934,683011,665828,663757,663330,"54.05",0.843,0.87,"0.9",1,1,0,5,67,3,"Changeup",0,8,8,0,8,0,8,0,"Standard","Standard",103,"0","0.274","77.1","7.6",1.194,"-0.274","107.8",-8,8,"0","1",28,23,29,24,2,4,14,78,,2,"3.4","1.27","-1.27","34.8"
"SI","2024-07-20","90.6","1.63","5.64","Maciejewski, Josh",678554,656671,,"ball",,,,,11,"Curtis Mead singles on a sharp line drive to left fielder Oswaldo Cabrera.","R","R","L","NYY","TB","B",,,0,1,2024,"1.07","1.01","-0.76","5.52",,,,1,9,"Top",,,,,,,-8.266954325140004,-131.62861670137062,3.4884725222269726,14.112789521238193,26.68194878098479,-21.339701780667443,"3.56","1.61",,,,"91",2226,"6.5",745720,665966,700250,650402,518934,683011,665828,663757,663330,"53.95",,,,,,,,67,2,"Sinker",0,8,8,0,8,0,8,0,"Standard","Standard",130,"0","0.015",,,,"-0.015",,-8,8,"0","1",28,23,29,24,2,4,14,78,,2,"1.77","1.07","-1.07","36.5"
"SI","2024-07-20","90","1.7","5.44","Maciejewski, Josh",678554,656671,,"foul",,,,,9,"Curtis Mead singles on a sharp line drive to left fielder Oswaldo Cabrera.","R","R","L","NYY","TB","S",,,0,0,2024,"1.4","0.61","0.37","1.87",,,,1,9,"Top",,,,,,,-6.315979684909196,-130.9692483863909,-4.212867683557965,17.48486758121214,26.81187925716994,-24.452852301010147,"3.56","1.66",246,"78",36,"90.6",2137,"6.6",745720,665966,700250,650402,518934,683011,665828,663757,663330,"53.91",,,,,,,,67,1,"Sinker",0,8,8,0,8,0,8,0,"Standard","Standard",121,"0","-0.023","74.3","7.3",,"0.023","88.0",-8,8,"0","1",28,23,29,24,2,4,14,78,,2,"2.2","1.4","-1.4","33.5"
"CH","2024-07-20","81.8","1.74","5.46","Maciejewski, Josh",670623,656671,"field_out","hit_into_play",,,,,14,"Isaac Paredes grounds out softly to catcher Carlos Narvaez.","R","R","L","NYY","TB","X",2,"ground_ball",3,2,2024,"1.48","0.15","1.07","1.86",,,,0,9,"Top",124.94,200.69,,,,,-4.3772984941500575,-119.07787240652746,-1.8500625772498447,14.949575384020473,22.76817938512153,-30.63155936876874,"3.28","1.62",10,"14.2",34,"82.1",1975,"6.5",745720,665966,700250,650402,518934,683011,665828,663757,663330,"54.02",0.254,0.212,"0",1,0,0,1,66,7,"Changeup",0,8,8,0,8,0,8,0,"Standard","Strategic",102,"0","-0.299","58.5","8.4",0.307,"0.299","88.0",-8,8,"0","1",28,25,29,25,1,4,14,1,,1,"3.26","1.48","-1.48","33.8"
"CH","2024-07-20","81.3","1.67","5.47","Maciejewski, Josh",670623,656671,,"ball",,,,,13,"Isaac Paredes grounds out softly to catcher Carlos Narvaez.","R","R","L","NYY","TB","B",,,2,2,2024,"1.45","0.22","-0.32","0.45",,,,0,9,"Top",,,,,,,-7.263328480935639,-118.22252117450766,-5.118702267513995,14.939771614498722,20.807234311397327,-29.403061668701657,"3.28","1.7",,,,"81.9",2060,"6.6",745720,665966,700250,650402,518934,683011,665828,663757,663330,"53.94",,,,,,,,66,6,"Changeup",0,8,8,0,8,0,8,0,"Standard","Strategic",101,"0","0.096",,,,"-0.096",,-8,8,"0","1",28,25,29,25,1,4,14,1,,1,"3.22","1.45","-1.45","34.5"
"CH","2024-07-20","81.2","1.8","5.49","Maciejewski, Josh",670623,656671,,"foul",,,,,9,"Isaac Paredes grounds out softly to catcher Carlos Narvaez.","R","R","L","NYY","TB","S",,,2,2,2024,"1.34","0.31","0.68","2.02",,,,0,9,"Top",,,,,,,-5.08755965611274,-118.22010744508638,-1.7407058537561628,13.53837532947527,23.209724440865735,-29.11063751565381,"3.28","1.62",147,"72.7",73,"81.4",1907,"6.5",745720,665966,700250,650402,518934,683011,665828,663757,663330,"54.05",,,,,,,,66,5,"Changeup",0,8,8,0,8,0,8,0,"Standard","Strategic",104,"0","0","70.6","8.3",,"0","88.0",-8,8,"0","1",28,25,29,25,1,4,14,1,,1,"3.15","1.34","-1.34","33.9"
"SI","2024-07-20","90.7","1.71","5.56","Maciejewski, Josh",670623,656671,,"ball",,,,,12,"Isaac Paredes grounds out softly to catcher Carlos Narvaez.","R","R","L","NYY","TB","B",,,1,2,2024,"1.3","0.9","1.42","3.7",,,,0,9,"Top",,,,,,,-3.538377091014965,-132.08987125853238,-0.672537624674056,16.00171537457424,28.841620788075364,-21.696701136125313,"3.28","1.69",,,,"91",2205,"6.5",745720,665966,700250,650402,518934,683011,665828,663757,663330,"54",,,,,,,,66,4,"Sinker",0,8,8,0,8,0,8,0,"Standard","Strategic",122,"0","0.036",,,,"-0.036",,-8,8,"0","1",28,25,29,25,1,4,14,1,,1,"1.87","1.3","-1.3","34.2"
"CH","2024-07-20","81.8","1.65","5.58","Maciejewski, Josh",670623,656671,,"foul",,,,,13,"Isaac Paredes grounds out softly to catcher Carlos Narvaez.","R","R","L","NYY","TB","S",,,1,1,2024,"1.43","-0.01","-0.31","1.3",,,,0,9,"Top",,,,,,,-7.227885727456319,-118.99528739101102,-3.070740731792763,14.971564885821614,22.396634986095204,-31.8748581330365,"3.28","1.62",224,"99.9",16,"82.2",2054,"6.5",745720,665966,700250,650402,518934,683011,665828,663757,663330,"53.97",,,,,,,,66,3,"Changeup",0,8,8,0,8,0,8,0,"Standard","Strategic",104,"0","-0.051","69.6","8.4",,"0.051","99.9",-8,8,"0","1",28,25,29,25,1,4,14,1,,1,"3.41","1.43","-1.43","37.3"
"CH","2024-07-20","81.1","1.84","5.47","Maciejewski, Josh",670623,656671,,"ball",,,,,14,"Isaac Paredes grounds out softly to catcher Carlos Narvaez.","R","R","L","NYY","TB","B",,,0,1,2024,"1.36","0.51","0.1","0.06",,,,0,9,"Top",,,,,,,-6.531080713227027,-117.81959607218339,-6.455159037000845,13.917133387258039,22.52773630428875,-26.367009029269248,"3.28","1.51",,,,"81.6",2025,"6.7",745720,665966,700250,650402,518934,683011,665828,663757,663330,"53.78",,,,,,,,66,2,"Changeup",0,8,8,0,8,0,8,0,"Standard","Strategic",102,"0","0.023",,,,"-0.023",,-8,8,"0","1",28,25,29,25,1,4,14,1,,1,"2.97","1.36","-1.36","33.9"
"SI","2024-07-20","89.6","1.61","5.65","Maciejewski, Josh",670623,656671,,"called_strike",,,,,1,"Isaac Paredes grounds out softly to catcher Carlos Narvaez.","R","R","L","NYY","TB","S",,,0,0,2024,"1.49","0.72","-0.51","3.37",,,,0,9,"Top",,,,,,,-8.41968696048641,-130.3108466868704,-1.1599037559763241,18.70766467991731,25.88381169207371,-23.94682491297677,"3.41","1.6",,,,"90.2",2146,"6.5",745720,665966,700250,650402,518934,683011,665828,663757,663330,"53.97",,,,,,,,66,1,"Sinker",0,8,8,0,8,0,8,0,"Standard","Strategic",120,"0","-0.033",,,,"0.033",,-8,8,"0","1",28,25,29,25,1,4,14,1,,1,"2.11","1.49","-1.49","35.9"
"CH","2024-07-20","81.9","1.78","5.53","Maciejewski, Josh",642708,656671,"field_out","hit_into_play",,,,,6,"Amed Rosario grounds out, third baseman DJ LeMahieu to first baseman Ben Rice.","R","R","L","NYY","TB","X",5,"ground_ball",1,1,2024,"1.17","0.29","0.82","2.13",,,670764,2,8,"Top",99.69,165.95,,,,,-4.43647428323246,-119.23695535759066,-1.707066714412256,11.994483635888967,22.671622805476506,-29.241995109818287,"3.3","1.56",4,"84.3",-29,"82.2",1924,"6.4",745720,669224,700250,650402,518934,683011,657077,663757,592450,"54.07",0.057,0.059,"0",1,0,0,2,60,3,"Changeup",0,8,8,0,8,0,8,0,"Standard","Standard",101,"0","-0.216","76.1","7.4",0.064,"0.216","88.0",-8,8,"0.002","0.998",28,28,29,29,1,4,14,6,,2,"3.1","1.17","-1.17","34.4"
"CH","2024-07-20","81.3","1.85","5.42","Maciejewski, Josh",642708,656671,,"ball",,,,,14,"Amed Rosario grounds out, third baseman DJ LeMahieu to first baseman Ben Rice.","R","R","L","NYY","TB","B",,,0,1,2024,"1.27","0.03","1.63","1.75",,,670764,2,8,"Top",,,,,,,-2.941943743829565,-118.4157786439188,-1.6857839753158628,12.48339603330099,23.094071441451003,-31.825275414280995,"3.3","1.64",,,,"81.7",1861,"6.5",745720,669224,700250,650402,518934,683011,657077,663757,592450,"53.97",,,,,,,,60,2,"Changeup",0,8,8,0,8,0,8,0,"Standard","Standard",96,"0","0.027",,,,"-0.027",,-8,8,"0.002","0.998",28,28,29,29,1,4,14,6,,2,"3.42","1.27","-1.27","35.7"
"SI","2024-07-20","89.8","1.47","5.58","Maciejewski, Josh",642708,656671,,"called_strike",,,,,4,"Amed Rosario grounds out, third baseman DJ LeMahieu to first baseman Ben Rice.","R","R","L","NYY","TB","S",,,0,0,2024,"1.29","0.49","-0.33","2.75",,,670764,2,8,"Top",,,,,,,-7.239155795551719,-130.68180088779465,-2.109257669932253,16.27513976908253,26.41602572749016,-26.293299322377383,"3.45","1.61",,,,"90.5",1954,"6.6",745720,669224,700250,650402,518934,683011,657077,663757,592450,"53.88",,,,,,,,60,1,"Sinker",0,8,8,0,8,0,8,0,"Standard","Standard",118,"0","-0.039",,,,"0.039",,-8,8,"0.002","0.998",28,28,29,29,1,4,14,6,,2,"2.33","1.29","-1.29","36.6"
"SL","2024-07-20","80.4","1.59","5.61","Maciejewski, Josh",656577,656671,"strikeout","swinging_strike",,,,,13,"Alex Jackson strikes out swinging.","R","R","L","NYY","TB","S",2,,1,2,2024,"0.08","0.16","-0.4","1.26",,,670764,1,8,"Top",,,,,,,-4.595089096180798,-116.85600066270514,-3.1024457073759333,1.7889240156189699,28.07722255473092,-30.21505975448039,"3.5","1.65",,,,"80.2",1916,"6.8",745720,669224,700250,650402,518934,683011,657077,663757,592450,"53.68",,0,"0",1,0,0,,59,5,"Slider",0,8,8,0,8,0,8,0,"Standard","Standard",312,"0","-0.214","72.1","8.7",,"0.214",,-8,8,"0.002","0.998",28,28,29,29,1,3,14,8,,2,"3.45","0.08","-0.08","38.3"
"CH","2024-07-20","81.6","1.79","5.49","Maciejewski, Josh",656577,656671,,"foul",,,,,14,"Alex Jackson strikes out swinging.","R","R","L","NYY","TB","S",,,1,2,2024,"1.39","0.11","1.54","2.4",,,670764,1,8,"Top",,,,,,,-3.268200692877902,-118.80761513107211,-0.5755282813353788,13.81398847730391,23.650454986883485,-31.216179675170192,"3.5","1.65",132,"66.2",65,"81.8",1990,"6.4",745720,669224,700250,650402,518934,683011,657077,663757,592450,"54.05",,,,,,,,59,4,"Changeup",0,8,8,0,8,0,8,0,"Standard","Standard",95,"0","0","67.4","7.6",,"0","88.0",-8,8,"0.002","0.998",28,28,29,29,1,3,14,8,,2,"3.32","1.39","-1.39","34.0"
"CH","2024-07-20","80.5","1.62","5.6","Maciejewski, Josh",656577,656671,,"ball",,,,,12,"Alex Jackson strikes out swinging.","R","R","L","NYY","TB","B",,,0,2,2024,"1.18","0.09","1.04","2.66",,,670764,1,8,"Top",,,,,,,-3.5424924077416713,-117.25941277321802,-0.05328033106792729,11.573261286140761,21.626692521724422,-31.53827033244558,"3.5","1.73",,,,"80.9",1956,"6.5",745720,669224,700250,650402,518934,683011,657077,663757,592450,"54.03",,,,,,,,59,3,"Changeup",0,8,8,0,8,0,8,0,"Standard","Standard",97,"0","0.026",,,,"-0.026",,-8,8,"0.002","0.998",28,28,29,29,1,3,14,8,,2,"3.41","1.18","-1.18","35.8"
"CH","2024-07-20","82.1","1.69","5.47","Maciejewski, Josh",656577,656671,,"called_strike",,,,,14,"Alex Jackson strikes out swinging.","R","R","L","NYY","TB","S",,,0,1,2024,"1.38","0.29","0.89","2.56",,,670764,1,8,"Top",,,,,,,-4.495779128039388,-119.43238407176553,-0.5927998910632633,14.0731302496582,23.843753645214242,-29.493499429581902,"3.5","1.65",,,,"82.2",1896,"6.5",745720,669224,700250,650402,518934,683011,657077,663757,592450,"54.05",,,,,,,,59,2,"Changeup",0,8,8,0,8,0,8,0,"Infield shade","Standard",97,"0","-0.061",,,,"0.061",,-8,8,"0.002","0.998",28,28,29,29,1,3,14,8,,2,"3.1","1.38","-1.38","33.8"
"SI","2024-07-20","90.7","1.65","5.47","Maciejewski, Josh",656577,656671,,"foul",,,,,5,"Alex Jackson strikes out swinging.","R","R","L","NYY","TB","S",,,0,0,2024,"1.49","0.66","0.03","2.34",,,670764,1,8,"Top",,,,,,,-7.264273854012346,-131.74010162375245,-3.2461890880201802,18.884056907353653,30.795478906748563,-23.99427258440924,"3.5","1.65",10,"106.6",-13,"90.6",2183,"6.6",745720,669224,700250,650402,518934,683011,657077,663757,592450,"53.91",,,,,,,,59,1,"Sinker",0,8,8,0,8,0,8,0,"Standard","Standard",124,"0","-0.047","78.5","7.8",,"0.047","106.6",-8,8,"0.002","0.998",28,28,29,29,1,3,14,8,,2,"2.14","1.49","-1.49","33.6"
"CH","2024-07-20","82","1.69","5.53","Maciejewski, Josh",670764,656671,"force_out","hit_into_play",,,,,14,"Taylor Walls grounds into a force out, shortstop Anthony Volpe to second baseman Gleyber Torres.   José Caballero out at 2nd.    Taylor Walls to 1st.","R","R","L","NYY","TB","X",6,"ground_ball",2,1,2024,"1.53","0.11","1.18","2.26",,,676609,0,8,"Top",113.88,149.05,,,,,-4.13461547112774,-119.41241065919141,-1.0545630039759244,15.447416063839599,23.19501587327589,-31.148588451803192,"3.47","1.58",42,"71.2",2,"82.4",2095,"6.5",745720,669224,700250,650402,518934,683011,657077,663757,592450,"53.99",0.109,0.108,"0",1,0,0,2,58,4,"Changeup",0,8,8,0,8,0,8,0,"Standard","Standard",102,"0.001","-0.582","68.4","7.7",0.111,"0.582","88.0",-8,8,"0.001","0.999",28,27,29,28,1,3,14,1,,1,"3.28","1.53","-1.53","39.7"
"CH","2024-07-20","83.1","1.64","5.49","Maciejewski, Josh",670764,656671,,"ball",,,,,14,"Taylor Walls grounds into a force out, shortstop Anthony Volpe to second baseman Gleyber Torres.   José Caballero out at 2nd.    Taylor Walls to 1st.","R","R","L","NYY","TB","B",,,1,1,2024,"1.23","0.41","0.48","1.26",,,676609,0,8,"Top",,,,,,,-5.08535093740003,-120.950336914725,-4.060313555272632,13.072350355998012,23.031787564594307,-27.6021411164679,"3.63","1.78",,,,"83.5",2098,"6.5",745720,669224,700250,650402,518934,683011,657077,663757,592450,"54.03",,,,,,,,58,3,"Changeup",0,8,8,0,8,0,8,0,"Standard","Standard",108,"0","0.065",,,,"-0.065",,-8,8,"0.001","0.999",28,27,29,28,1,3,14,1,,1,"2.89","1.23","-1.23","34.1"
"SI","2024-07-20","91.1","1.44","5.52","Maciejewski, Josh",670764,656671,,"ball",,,,,11,"Taylor Walls grounds into a force out, shortstop Anthony Volpe to second baseman Gleyber Torres.   José Caballero out at 2nd.    Taylor Walls to 1st.","R","R","L","NYY","TB","B",,,0,1,2024,"1.19","1.07","-1.01","3.18",,,676609,0,8,"Top",,,,,,,-8.743955616461722,-132.3658192014984,-2.2513765761997853,15.899729807436435,28.617289050340254,-19.302027462879632,"3.47","1.61",,,,"91.3",2203,"6.5",745720,669224,700250,650402,518934,683011,657077,663757,592450,"53.99",,,,,,,,58,2,"Sinker",0,8,8,0,8,0,8,0,"Standard","Standard",126,"0","0.052",,,,"-0.052",,-8,8,"0.001","0.999",28,27,29,28,1,3,14,1,,1,"1.69","1.19","-1.19","36.6"
"SI","2024-07-20","89.2","1.59","5.52","Maciejewski, Josh",670764,656671,,"foul",,,,,5,"Taylor Walls grounds into a force out, shortstop Anthony Volpe to second baseman Gleyber Torres.   José Caballero out at 2nd.    Taylor Walls to 1st.","R","R","L","NYY","TB","S",,,0,0,2024,"1.23","0.7","0.12","2.44",,,676609,0,8,"Top",,,,,,,-6.276018183807275,-129.8483773038805,-3.109405101755094,15.20949768103,25.69016494398217,-23.768832890769335,"3.47","1.58",267,"103.7",18,"90.3",2029,"6.8",745720,669224,700250,650402,518934,683011,657077,663757,592450,"53.66",,,,,,,,58,1,"Sinker",0,8,8,0,8,0,8,0,"Standard","Standard",118,"0","-0.063","72.7","8.1",,"0.063","103.7",-8,8,"0.001","0.999",28,27,29,28,1,3,14,1,,1,"2.15","1.23","-1.23","35.2"
"SI","2024-07-20","90","1.65","5.57","Maciejewski, Josh",676609,656671,"walk","ball",,,,,12,"José Caballero walks.","R","R","L","NYY","TB","B",,,3,1,2024,"1.3","0.76","0.93","3.76",,,,0,8,"Top",,,,,,,-4.56829781721064,-131.06272051005448,-0.15568949539229782,15.913871804974171,26.624589526451174,-23.616160811427697,"3.05","1.52",,,,"90.6",2097,"6.5",745720,669224,700250,650402,518934,683011,657077,663757,592450,"53.95",,0.689131,"0.7",1,0,0,,57,5,"Sinker",0,8,8,0,8,0,8,0,"Standard","Standard",118,"-0.001","0.257",,,,"-0.257",,-8,8,"0.002","0.998",28,27,29,28,1,3,14,1,,1,"2.05","1.3","-1.3","33.2"
"CH","2024-07-20","81.6","1.85","5.5","Maciejewski, Josh",676609,656671,,"ball",,,,,12,"José Caballero walks.","R","R","L","NYY","TB","B",,,2,1,2024,"1.32","0.27","1.69","3.02",,,,0,8,"Top",,,,,,,-2.915708733747413,-118.7733802349832,0.49831408639889085,13.090356581446335,23.085313333870133,-29.909035674559913,"3.05","1.34",,,,"81.9",1969,"6.5",745720,669224,700250,650402,518934,683011,657077,663757,592450,"54",,,,,,,,57,4,"Changeup",0,8,8,0,8,0,8,0,"Standard","Standard",99,"0","0.11",,,,"-0.11",,-8,8,"0.002","0.998",28,27,29,28,1,3,14,1,,1,"3.15","1.32","-1.32","30.2"
"CH","2024-07-20","81.9","1.71","5.5","Maciejewski, Josh",676609,656671,,"ball",,,,,14,"José Caballero walks.","R","R","L","NYY","TB","B",,,1,1,2024,"1.4","0.12","0.04","0.17",,,,0,8,"Top",,,,,,,-6.4833986474603496,-119.03677940649038,-5.7277255691812385,14.57515271041698,21.85832949299241,-30.135570631549385,"3.12","1.42",,,,"82.1",2083,"6.4",745720,669224,700250,650402,518934,683011,657077,663757,592450,"54.11",,,,,,,,57,3,"Changeup",0,8,8,0,8,0,8,0,"Standard","Standard",106,"0","0.048",,,,"-0.048",,-8,8,"0.002","0.998",28,27,29,28,1,3,14,1,,1,"3.27","1.4","-1.4","34.5"
"CH","2024-07-20","81.3","1.7","5.56","Maciejewski, Josh",676609,656671,,"ball",,,,,13,"José Caballero walks.","R","R","L","NYY","TB","B",,,0,1,2024,"1.3","0.26","-0.53","-0.32",,,,0,8,"Top",,,,,,,-7.512022471731716,-117.95545904715881,-7.0605358607256195,13.538948908486713,22.93541943764885,-28.52584357738561,"3.05","1.42",,,,"81.5",2059,"6.6",745720,669224,700250,650402,518934,683011,657077,663757,592450,"53.89",,,,,,,,57,2,"Changeup",0,8,8,0,8,0,8,0,"Standard","Standard",103,"0","0.023",,,,"-0.023",,-8,8,"0.002","0.998",28,27,29,28,1,3,14,1,,1,"3.21","1.3","-1.3","40.2"
"SI","2024-07-20","90.1","1.63","5.65","Maciejewski, Josh",676609,656671,,"swinging_strike",,,,,12,"José Caballero walks.","R","R","L","NYY","TB","S",,,0,0,2024,"1.39","0.68","1.39","2.44",,,,0,8,"Top",,,,,,,-3.5720425192930176,-131.21141270302508,-3.4810294595705447,16.815025095967044,27.419044857278806,-23.742424336068222,"3.05","1.38",,,,"90.5",2101,"6.5",745720,669224,700250,650402,518934,683011,657077,663757,592450,"54.03",,,,,,,,57,1,"Sinker",0,8,8,0,8,0,8,0,"Standard","Standard",121,"0","-0.033","48.3","6.1",,"0.033",,-8,8,"0.002","0.998",28,27,29,28,1,3,14,1,,1,"2.12","1.39","-1.39","35.8"
"SI","2024-07-20","90.3","1.72","5.49","Maciejewski, Josh",642350,656671,"field_out","hit_into_play",,,,,9,"Jose Siri lines out to second baseman Gleyber Torres.","R","R","L","NYY","TB","X",4,"line_drive",0,1,2024,"1.43","0.55","0.63","1.88",,,,2,7,"Top",135.68,138.23,,,,,-5.815184411742573,-131.4516540450877,-4.265667032081304,17.85675605057742,26.006737423548003,-25.094324814950813,"3.52","1.68",159,"95.7",8,"91.1",2164,"6.6",745720,669224,700250,650402,518934,683011,657077,663757,592450,"53.88",0.603,0.56,"0",1,0,0,4,53,2,"Sinker",0,8,8,0,8,0,8,0,"Standard","Standard",120,"0","-0.083","75.3","7.9",0.668,"0.083","95.7",-8,8,"0.004","0.996",28,28,29,29,1,3,14,1,,1,"2.23","1.43","-1.43","31.4"
"SL","2024-07-20","78.7","1.64","5.59","Maciejewski, Josh",642350,656671,,"called_strike",,,,,5,"Jose Siri lines out to second baseman Gleyber Torres.","R","R","L","NYY","TB","S",,,0,0,2024,"-0.12","0.3","-0.19","2.83",,,,2,7,"Top",,,,,,,-3.7653623625740655,-114.77157421911376,0.10566755378184545,-0.5589478057754914,15.83955753832092,-29.689904907313874,"3.52","1.6",,,,"80.1",1923,"6.6",745720,669224,700250,650402,518934,683011,657077,663757,592450,"53.95",,,,,,,,53,1,"Slider",0,8,8,0,8,0,8,0,"Standard","Standard",327,"0","-0.016",,,,"0.016",,-8,8,"0.004","0.996",28,28,29,29,1,3,14,1,,1,"3.29","-0.12","0.12","35.7"
"SI","2024-07-20","90.6","1.72","5.5","Maciejewski, Josh",676356,656671,"field_out","hit_into_play",,,,,6,"Jonny DeLuca flies out to right fielder Aaron Judge.","R","R","L","NYY","TB","X",9,"fly_ball",0,0,2024,"1.48","0.79","0.67","2.42",,,,1,7,"Top",198.55,86.5,,,,,-5.8193351239138265,-131.88643423010956,-3.461877587622689,18.499699807521356,27.448955507722932,-22.459816668852685,"3.28","1.56",330,"92.7",33,"91.1",2131,"6.5",745720,669224,700250,650402,518934,683011,657077,663757,592450,"53.99",0.094,0.163,"0",1,0,0,3,52,1,"Sinker",0,8,8,0,8,0,8,0,"Standard","Standard",122,"0","-0.162","72.3","7.0",0.294,"0.162","92.7",-8,8,"0.004","0.996",28,25,29,26,1,3,14,7,,1,"1.98","1.48","-1.48","33.1"
"CH","2024-07-20","81.6","1.75","5.55","Maciejewski, Josh",668227,656671,"home_run","hit_into_play",,,,,12,"Randy Arozarena homers (14) on a fly ball to left center field.   Isaac Paredes scores.","R","R","L","NYY","TB","X",,"fly_ball",2,1,2024,"1.47","0.18","0.84","2.66",,,670623,1,7,"Top",51.06,49.62,,,,,-4.89663823055626,-118.77463062132423,-0.3154655591121669,14.83480432774047,21.145356890579304,-30.59689252896942,"3.3","1.58",412,"104.7",26,"82.2",2044,"6.5",745720,669224,700250,650402,518934,683011,657077,663757,592450,"53.97",0.891,1.759,"2",1,0,3,6,51,4,"Changeup",0,6,6,0,8,0,8,0,"Standard","Standard",98,"-0.01","1.651","77.4","8.1",3.39,"-1.651","104.7",-6,6,"0.014","0.986",28,29,29,29,1,3,14,1,,1,"3.22","1.47","-1.47","33.9"
"CH","2024-07-20","82.8","1.72","5.53","Maciejewski, Josh",668227,656671,,"called_strike",,,,,8,"Randy Arozarena homers (14) on a fly ball to left center field.   Isaac Paredes scores.","R","R","L","NYY","TB","S",,,2,0,2024,"1.13","0.35","-0.02","1.73",,,670623,1,7,"Top",,,,,,,-6.199869279177898,-120.48666244266015,-2.907228400877504,12.189134228950568,22.487284629165938,-28.396502512692873,"3.03","1.39",,,,"83.2",2045,"6.5",745720,669224,700250,650402,518934,683011,657077,663757,592450,"54.04",,,,,,,,51,3,"Changeup",0,6,6,0,6,0,6,0,"Standard","Standard",104,"0","-0.067",,,,"0.067",,-6,6,"0.014","0.986",28,29,29,29,1,3,14,1,,1,"2.96","1.13","-1.13","34.5"
"SI","2024-07-20","89.4","1.48","5.58","Maciejewski, Josh",668227,656671,,"ball",,,,,12,"Randy Arozarena homers (14) on a fly ball to left center field.   Isaac Paredes scores.","R","R","L","NYY","TB","B",,,1,0,2024,"1.42","0.85","1.39","3.04",,,670623,1,7,"Top",,,,,,,-3.233254826862802,-130.27415732840956,-2.0879799329832394,16.92760021283208,25.882965136762902,-22.287045098584127,"3.3","1.5",,,,"90",2023,"6.5",745720,669224,700250,650402,518934,683011,657077,663757,592450,"54.03",,,,,,,,51,2,"Sinker",0,6,6,0,6,0,6,0,"Standard","Standard",121,"0","0.066",,,,"-0.066",,-6,6,"0.014","0.986",28,29,29,29,1,3,14,1,,1,"1.99","1.42","-1.42","34.8"
"SI","2024-07-20","90.5","1.79","5.49","Maciejewski, Josh",668227,656671,,"ball",,,,,12,"Randy Arozarena homers (14) on a fly ball to left center field.   Isaac Paredes scores.","R","R","L","NYY","TB","B",,,0,0,2024,"1.69","0.49","1.4","3.3",,,670623,1,7,"Top",,,,,,,-4.61906045559263,-131.7228151592951,-0.5712887410556617,20.69966309984198,28.196477139906776,-26.553612798125105,"3.3","1.5",,,,"90.8",2085,"6.5",745720,669224,700250,650402,518934,683011,657077,663757,592450,"54",,,,,,,,51,1,"Sinker",0,6,6,0,6,0,6,0,"Standard","Standard",122,"0","0.043",,,,"-0.043",,-6,6,"0.014","0.986",28,29,29,29,1,3,14,1,,1,"2.29","1.69","-1.69","32.0"
"SI","2024-07-20","90.6","1.6","5.65","Maciejewski, Josh",678554,656671,"strikeout","swinging_strike",,,,,12,"Curtis Mead strikes out swinging.","R","R","L","NYY","TB","S",2,,1,2,2024,"1.27","0.87","1.21","3.89",,,670623,0,7,"Top",,,,,,,-3.711059157758206,-131.9217003585765,-0.3376117573978392,15.629076596383062,26.94239852468178,-22.090704654202426,"3.56","1.66",,,,"91.1",2091,"6.5",745720,669224,700250,650402,518934,683011,657077,663757,592450,"54.05",,0,"0",1,0,0,,50,4,"Sinker",0,6,6,0,6,0,6,0,"Standard","Standard",128,"0.002","-0.275","62.8","6.1",,"0.275",,-6,6,"0.012","0.988",28,23,29,24,1,3,14,78,,2,"1.89","1.27","-1.27","34.8"
"CH","2024-07-20","81.8","1.82","5.56","Maciejewski, Josh",678554,656671,,"foul",,,,,12,"Curtis Mead strikes out swinging.","R","R","L","NYY","TB","S",,,1,1,2024,"1.45","0.09","0.91","2.84",,,670623,0,7,"Top",,,,,,,-4.858797247561158,-118.98666246232014,0.338924777569914,14.690599258585713,25.64259752961801,-31.619943634471714,"3.56","1.66",188,"68.4",44,"81.4",1988,"6.3",745720,669224,700250,650402,518934,683011,657077,663757,592450,"54.16",,,,,,,,50,3,"Changeup",0,6,6,0,6,0,6,0,"Standard","Standard",100,"0","-0.074","69.2","7.0",,"0.074","88.0",-6,6,"0.012","0.988",28,23,29,24,1,3,14,78,,2,"3.35","1.45","-1.45","34.4"
"SI","2024-07-20","88.4","1.6","5.54","Maciejewski, Josh",678554,656671,,"swinging_strike",,,,,12,"Curtis Mead strikes out swinging.","R","R","L","NYY","TB","S",,,1,0,2024,"1.47","0.77","0.85","3.2",,,670623,0,7,"Top",,,,,,,-4.928648905173972,-128.66291708990607,-1.1715760620194844,17.38384941302006,28.780998815124633,-23.621946484466672,"3.56","1.66",,,,"88.4",2109,"6.5",745720,669224,700250,650402,518934,683011,657077,663757,592450,"54.02",,,,,,,,50,2,"Sinker",0,6,6,0,6,0,6,0,"Standard","Standard",120,"0","-0.074","43.7","6.1",,"0.074",,-6,6,"0.012","0.988",28,23,29,24,1,3,14,78,,2,"2.16","1.47","-1.47","39.7"
"SI","2024-07-20","88.1","1.65","5.53","Maciejewski, Josh",678554,656671,,"ball",,,,,12,"Curtis Mead strikes out swinging.","R","R","L","NYY","TB","B",,,0,0,2024,"1.58","0.76","1.45","3.18",,,670623,0,7,"Top",,,,,,,-3.7674716896493288,-128.23964217742838,-1.1525025822303059,18.152113683570438,28.264262932067673,-23.811661689353766,"3.56","1.63",,,,"88.1",2102,"6.4",745720,669224,700250,650402,518934,683011,657077,663757,592450,"54.09",,,,,,,,50,1,"Sinker",0,6,6,0,6,0,6,0,"Standard","Standard",119,"0","0.062",,,,"-0.062",,-6,6,"0.012","0.988",28,23,29,24,1,3,14,78,,2,"2.19","1.58","-1.58","32.8"
"CH","2024-07-06","81.1","1.67","5.44","Maciejewski, Josh",663853,656671,"field_out","hit_into_play",,,,,4,"Romy Gonzalez grounds out, third baseman DJ LeMahieu to first baseman Ben Rice.","R","R","L","NYY","BOS","X",5,"ground_ball",0,0,2024,"1.46","0.08","-0.35","2.65",,642086,,2,9,"Top",104.18,161.17,,,,,-7.358561628086794,-118.00347661701093,0.1841299065259412,14.978731663444053,20.82475391717546,-31.622899486672782,"3.52","1.72",20,"102.5",-7,"81.9",1934,"6.7",745724,669224,700250,665828,518934,683011,657077,663757,663330,"53.81",0.34,0.338,"0",1,0,0,2,80,1,"Changeup",14,4,4,14,4,14,4,14,"Standard","Standard",92,"0","-0.333","76.5","7.0",0.363,"0.333","102.5",10,-10,"1","0",28,27,29,28,1,1,6,1,14,4,"3.36","1.46","-1.46","33.9"
"SL","2024-07-06","77.3","1.5","5.6","Maciejewski, Josh",680776,656671,"field_out","hit_into_play",,,,,13,"Jarren Duran grounds out softly, catcher Austin Wells to first baseman Ben Rice.   Dominic Smith to 2nd.","R","L","L","NYY","BOS","X",2,"ground_ball",1,2,2024,"-0.39","0.13","-0.93","2.01",,,642086,1,9,"Top",128.42,196.31,,,,,-4.542917482607126,-112.48635930932805,-0.9299786330622596,-2.5066889256638905,20.6588578923907,-31.148808158657765,"3.59","1.73",0,"71",-79,"78.4",1906,"7.1",745724,669224,700250,665828,518934,683011,657077,663757,663330,"53.44",0.254,0.28,"0",1,0,0,2,79,4,"Slider",14,4,4,14,4,14,4,14,"Standard","Standard",325,"0","-0.288","72.0","8.4",0.269,"0.288","88.0",10,-10,"1","0",28,27,29,28,1,4,6,1,14,1,"3.69","-0.39","-0.39","42.1"
"SL","2024-07-06","77.8","1.57","5.51","Maciejewski, Josh",680776,656671,,"swinging_strike",,,,,13,"Jarren Duran grounds out softly, catcher Austin Wells to first baseman Ben Rice.   Dominic Smith to 2nd.","R","L","L","NYY","BOS","S",,,1,1,2024,"-0.2","0.47","-1.53","1.61",,,642086,1,9,"Top",,,,,,,-6.362213026929768,-113.18123056270333,-2.3760018191528403,-0.6313207188673089,19.655445672282198,-27.85888306031891,"3.59","1.73",,,,"79.1",1879,"7.1",745724,669224,700250,665828,518934,683011,657077,663757,663330,"53.39",,,,,,,,79,3,"Slider",14,4,4,14,4,14,4,14,"Standard","Standard",318,"0","-0.069","57.2","8.9",,"0.069",,10,-10,"1","0",28,27,29,28,1,4,6,1,14,1,"3.28","-0.2","-0.2","40.8"
"SL","2024-07-06","79","1.53","5.55","Maciejewski, Josh",680776,656671,,"ball",,,,,13,"Jarren Duran grounds out softly, catcher Austin Wells to first baseman Ben Rice.   Dominic Smith to 2nd.","R","L","L","NYY","BOS","B",,,0,1,2024,"-0.2","0.09","-1.79","1.21",,,642086,1,9,"Top",,,,,,,-6.986133177721941,-114.92871631047375,-2.8972677361015866,-0.4998765928318801,20.42777516569769,-31.02507506450913,"3.59","1.69",,,,"80.4",1848,"7.2",745724,669224,700250,665828,518934,683011,657077,663757,663330,"53.3",,,,,,,,79,2,"Slider",14,4,4,14,4,14,4,14,"Standard","Standard",342,"0","0.035",,,,"-0.035",,10,-10,"1","0",28,27,29,28,1,4,6,1,14,1,"3.55","-0.2","-0.2","45.2"
"SI","2024-07-06","88.9","1.61","5.48","Maciejewski, Josh",680776,656671,,"foul",,,,,8,"Jarren Duran grounds out softly, catcher Austin Wells to first baseman Ben Rice.   Dominic Smith to 2nd.","R","L","L","NYY","BOS","S",,,0,0,2024,"1.46","0.66","0.17","1.78",,,642086,1,9,"Top",,,,,,,-6.683946539722362,-129.29437302009597,-4.461855767164311,17.818519845547197,25.285845242110227,-24.074185688843986,"3.59","1.73",3,"85",-32,"90.2",2099,"6.9",745724,669224,700250,665828,518934,683011,657077,663757,663330,"53.55",,,,,,,,79,1,"Sinker",14,4,4,14,4,14,4,14,"Standard","Standard",116,"0","-0.047","66.0","8.2",,"0.047","88.0",10,-10,"1","0",28,27,29,28,1,4,6,1,14,1,"2.22","1.46","1.46","35.7"
"CH","2024-07-06","80.5","1.87","5.5","Maciejewski, Josh",678882,656671,"strikeout","swinging_strike",,,,,12,"Ceddanne Rafaela strikes out swinging.","R","R","L","NYY","BOS","S",2,,3,2,2024,"1.64","0.28","1.32","2.85",,,642086,0,9,"Top",,,,,,,-4.366535802354655,-117.12975055977071,0.30193246472522817,15.898090674845166,22.99072011671475,-29.932331781264786,"3.27","1.54",,,,"80.8",1904,"6.6",745724,669224,700250,665828,518934,683011,657077,663757,663330,"53.9",,0,"0",1,0,0,,78,6,"Changeup",14,4,4,14,4,14,4,14,"Standard","Standard",103,"0","-0.518","67.6","8.3",,"0.518",,10,-10,"1","0",28,23,29,24,1,3,6,1,14,1,"3.25","1.64","-1.64","34.7"
"CH","2024-07-06","80.4","1.71","5.54","Maciejewski, Josh",678882,656671,,"ball",,,,,12,"Ceddanne Rafaela strikes out swinging.","R","R","L","NYY","BOS","B",,,2,2,2024,"1.56","0.18","1.35","3.49",,,642086,0,9,"Top",,,,,,,-3.7873034148537257,-116.9890764586876,1.8281346101475213,15.017382924647581,23.04356739831186,-31.110358890839258,"3.12","1.39",,,,"80.6",2007,"6.5",745724,669224,700250,665828,518934,683011,657077,663757,663330,"53.99",,,,,,,,78,5,"Changeup",14,4,4,14,4,14,4,14,"Standard","Standard",95,"0","0.176",,,,"-0.176",,10,-10,"1","0",28,23,29,24,1,3,6,1,14,1,"3.36","1.56","-1.56","37.0"
"SI","2024-07-06","89.7","1.58","5.49","Maciejewski, Josh",678882,656671,,"swinging_strike",,,,,5,"Ceddanne Rafaela strikes out swinging.","R","R","L","NYY","BOS","S",,,2,1,2024,"1.31","0.65","-0.11","2.37",,,642086,0,9,"Top",,,,,,,-7.049562107140952,-130.4913393845555,-3.1714440199365983,16.471043735355558,24.82771129722132,-24.289359230642745,"3.27","1.54",,,,"91",2100,"6.9",745724,669224,700250,665828,518934,683011,657077,663757,663330,"53.64",,,,,,,,78,4,"Sinker",14,4,4,14,4,14,4,14,"Standard","Standard",113,"0","-0.072","73.6","8.1",,"0.072",,10,-10,"1","0",28,23,29,24,1,3,6,1,14,1,"2.16","1.31","-1.31","37.5"
"CH","2024-07-06","79.6","1.68","5.45","Maciejewski, Josh",678882,656671,,"swinging_strike",,,,,14,"Ceddanne Rafaela strikes out swinging.","R","R","L","NYY","BOS","S",,,2,0,2024,"1.53","-0.03","0.31","1.12",,,642086,0,9,"Top",,,,,,,-5.9731312297126005,-115.85745544355065,-2.754428313719334,14.896086027526485,20.459573777514294,-32.19347357630076,"3.27","1.54",,,,"81",1982,"7.1",745724,669224,700250,665828,518934,683011,657077,663757,663330,"53.41",,,,,,,,78,3,"Changeup",14,4,4,14,4,14,4,14,"Standard","Standard",99,"0","-0.111","63.8","9.3",,"0.111",,10,-10,"1","0",28,23,29,24,1,3,6,1,14,1,"3.61","1.53","-1.53","35.4"
"CH","2024-07-06","79.8","1.73","5.62","Maciejewski, Josh",678882,656671,,"ball",,,,,12,"Ceddanne Rafaela strikes out swinging.","R","R","L","NYY","BOS","B",,,1,0,2024,"1.37","-0.09","1.27","3.06",,,642086,0,9,"Top",,,,,,,-3.630654810442617,-116.23131379669677,1.2676905938516738,13.12405515681654,21.43576535212895,-33.454497552211976,"3.16","1.46",,,,"80.3",1974,"6.5",745724,669224,700250,665828,518934,683011,657077,663757,663330,"53.97",,,,,,,,78,2,"Changeup",14,4,4,14,4,14,4,14,"Standard","Standard",100,"0","0.102",,,,"-0.102",,10,-10,"1","0",28,23,29,24,1,3,6,1,14,1,"3.66","1.37","-1.37","37.2"
"CH","2024-07-06","81.6","1.77","5.57","Maciejewski, Josh",678882,656671,,"ball",,,,,12,"Ceddanne Rafaela strikes out swinging.","R","R","L","NYY","BOS","B",,,0,0,2024,"1.55","0.18","1.06","3.71",,,642086,0,9,"Top",,,,,,,-4.636849005412378,-118.75788263137913,2.0647344859339665,15.596891331526665,22.31461274416902,-31.087081312927424,"3.21","1.45",,,,"82.4",2020,"6.8",745724,669224,700250,665828,518934,683011,657077,663757,663330,"53.69",,,,,,,,78,1,"Changeup",14,4,4,14,4,14,4,14,"Standard","Standard",105,"0","0.062",,,,"-0.062",,10,-10,"1","0",28,23,29,24,1,3,6,1,14,1,"3.24","1.55","-1.55","36.2"
"SI","2024-07-06","88.8","1.66","5.53","Maciejewski, Josh",642086,656671,"single","hit_into_play",,,,,5,"Dominic Smith singles on a sharp line drive to right fielder Jahmai Jones.","R","L","L","NYY","BOS","X",9,"line_drive",1,0,2024,"1.38","0.43","0.16","2.56",,,,0,9,"Top",194.59,112.97,,,,,-6.643533967940275,-129.33883851900427,-2.205736668148919,16.896970449061808,24.11525221683238,-27.02742262173855,"3.24","1.55",156,"100.8",10,"90.1",1956,"6.8",745724,669224,700250,665828,518934,683011,657077,663757,663330,"53.69",0.78,0.723,"0.9",1,1,0,4,77,2,"Sinker",14,4,4,14,4,14,4,14,"Infield shade","Standard",122,"0","0.368","71.4","7.3",0.912,"-0.368","100.8",10,-10,"1","0",28,29,29,29,1,3,6,1,14,1,"2.43","1.38","1.38","35.5"
"SI","2024-07-06","88.6","1.52","5.61","Maciejewski, Josh",642086,656671,,"ball",,,,,14,"Dominic Smith singles on a sharp line drive to right fielder Jahmai Jones.","R","L","L","NYY","BOS","B",,,0,0,2024,"1.23","0.5","0.32","0.68",,,,0,9,"Top",,,,,,,-5.547390983359174,-128.89199925783953,-7.187474282070888,14.889656144298533,21.539188633626864,-25.42219138500678,"3.12","1.43",,,,"90.1",2115,"6.8",745724,669224,700250,665828,518934,683011,657077,663757,663330,"53.72",,,,,,,,77,1,"Sinker",14,4,4,14,4,14,4,14,"Infield shade","Standard",123,"0","0.034",,,,"-0.034",,10,-10,"1","0",28,29,29,29,1,3,6,1,14,1,"2.36","1.23","1.23","38.7"
"SL","2024-07-06","77.1","1.66","5.62","Maciejewski, Josh",624512,656671,"strikeout","swinging_strike",,,,,2,"Reese McGuire strikes out swinging.","R","L","L","NYY","BOS","S",2,,2,2,2024,"-0.61","0.44","0.03","3.09",,,,2,8,"Top",,,,,,,-2.3344307006878684,-112.21512828363836,0.8504801353881246,-4.671868490958162,22.40215735122368,-28.860015773372854,"3.41","1.7",,,,"76.5",1869,"6.1",745724,669224,700250,665828,518934,683011,657077,663757,663330,"54.42",,0,"0",1,0,0,,73,5,"Slider",14,4,4,14,4,14,4,14,"Infield shade","Standard",326,"0","-0.084","69.4","8.5",,"0.084",,10,-10,"1","0",28,29,29,29,1,3,6,2,14,7,"3.42","-0.61","-0.61","40.8"
"SI","2024-07-06","90.9","1.7","5.66","Maciejewski, Josh",624512,656671,,"foul",,,,,3,"Reese McGuire strikes out swinging.","R","L","L","NYY","BOS","S",,,2,1,2024,"1.33","0.73","0.73","3.21",,,,2,8,"Top",,,,,,,-5.31702810811806,-132.3172055767863,-1.813981139650986,16.70967729326723,27.656838342534215,-23.403522258497624,"3.41","1.7",22,"81.9",-7,"91.8",2040,"6.8",745724,669224,700250,665828,518934,683011,657077,663757,663330,"53.71",,,,,,,,73,4,"Sinker",14,4,4,14,4,14,4,14,"Infield shade","Standard",124,"0","-0.032","73.2","8.5",,"0.032","88.0",10,-10,"1","0",28,29,29,29,1,3,6,2,14,7,"2.02","1.33","1.33","38.1"
"SI","2024-07-06","90.8","1.59","5.46","Maciejewski, Josh",624512,656671,,"ball",,,,,13,"Reese McGuire strikes out swinging.","R","L","L","NYY","BOS","B",,,1,1,2024,"1.26","0.56","-1.51","1.47",,,,2,8,"Top",,,,,,,-10.619113798161909,-131.75805451552864,-5.3285266045181086,16.85946926800954,26.35350437963482,-24.70117415351287,"3.21","1.52",,,,"92.2",2146,"7.1",745724,669224,700250,665828,518934,683011,657077,663757,663330,"53.36",,,,,,,,73,3,"Sinker",14,4,4,14,4,14,4,14,"Infield shade","Standard",120,"0","0.023",,,,"-0.023",,10,-10,"1","0",28,29,29,29,1,3,6,2,14,7,"2.21","1.26","1.26","37.0"
"SL","2024-07-06","79","1.55","5.61","Maciejewski, Josh",624512,656671,,"ball",,,,,13,"Reese McGuire strikes out swinging.","R","L","L","NYY","BOS","B",,,0,1,2024,"-0.39","0.42","-1.44","0.38",,,,2,8,"Top",,,,,,,-5.87440807978434,-114.80347850339876,-5.386871797217833,-2.2692647289379266,22.0504809095166,-27.634591814763578,"3.28","1.7",,,,"79.8",1950,"7",745724,669224,700250,665828,518934,683011,657077,663757,663330,"53.47",,,,,,,,73,2,"Slider",14,4,4,14,4,14,4,14,"Infield shade","Standard",332,"0","0.011",,,,"-0.011",,10,-10,"1","0",28,29,29,29,1,3,6,2,14,7,"3.25","-0.39","-0.39","39.9"
"SI","2024-07-06","89.9","1.57","5.68","Maciejewski, Josh",624512,656671,,"called_strike",,,,,1,"Reese McGuire strikes out swinging.","R","L","L","NYY","BOS","S",,,0,0,2024,"1.31","0.66","-0.64","2.9",,,,2,8,"Top",,,,,,,-8.274619228413695,-130.78048560881467,-2.359451578787827,16.732200959482952,25.13257881787525,-24.258815587177217,"3.25","1.59",,,,"90.6",2079,"6.6",745724,669224,700250,665828,518934,683011,657077,663757,663330,"53.94",,,,,,,,73,1,"Sinker",14,4,4,14,4,14,4,14,"Infield shade","Standard",132,"0","-0.016",,,,"0.016",,10,-10,"1","0",28,29,29,29,1,3,6,2,14,7,"2.14","1.31","1.31","37.9"
"CH","2024-07-06","80.3","1.6","5.63","Maciejewski, Josh",807799,656671,"strikeout","foul_tip",,,,,13,"Masataka Yoshida strikes out on a foul tip.","R","L","L","NYY","BOS","S",2,,2,2,2024,"1.48","0.3","-1.09","1.33",,,,1,8,"Top",,,,,,,-8.809880121730457,-116.68023066081794,-3.421563042304135,15.11064623043302,21.15701855114217,-28.99722373524365,"3.21","1.42",,,,"80.9",1991,"6.7",745724,669224,700250,665828,518934,683011,657077,663757,663330,"53.82",,0,"0",1,0,0,,72,5,"Changeup",14,4,4,14,4,14,4,14,"Infield shade","Standard",105,"0","-0.142","54.4","8.5",,"0.142",,10,-10,"1","0",28,30,29,31,1,3,6,1,14,1,"3.24","1.48","1.48","38.5"
"CH","2024-07-06","80.6","1.84","5.57","Maciejewski, Josh",807799,656671,,"ball",,,,,13,"Masataka Yoshida strikes out on a foul tip.","R","L","L","NYY","BOS","B",,,1,2,2024,"1.28","0.2","-1.13","0.02",,,,1,8,"Top",,,,,,,-9.080315709391616,-117.0017239930432,-6.070472966051327,13.474972038277256,21.062226554236034,-29.355663905040874,"3.18","1.35",,,,"81",1970,"6.6",745724,669224,700250,665828,518934,683011,657077,663757,663330,"53.89",,,,,,,,72,4,"Changeup",14,4,4,14,4,14,4,14,"Infield shade","Standard",106,"0","0.027",,,,"-0.027",,10,-10,"1","0",28,30,29,31,1,3,6,1,14,1,"3.31","1.28","1.28","37.0"
"CH","2024-07-06","81.6","1.71","5.56","Maciejewski, Josh",807799,656671,,"ball",,,,,13,"Masataka Yoshida strikes out on a foul tip.","R","L","L","NYY","BOS","B",,,0,2,2024,"1.2","0.42","-2.24","-0.42",,,,1,8,"Top",,,,,,,-11.22362818552904,-118.1807122550275,-7.720156649438933,13.241875495738675,19.873528900585928,-26.98271224891356,"3.25","1.35",,,,"82.2",1994,"6.7",745724,669224,700250,665828,518934,683011,657077,663757,663330,"53.8",,,,,,,,72,3,"Changeup",14,4,4,14,4,14,4,14,"Infield shade","Standard",107,"0","0.013",,,,"-0.013",,10,-10,"1","0",28,30,29,31,1,3,6,1,14,1,"3.01","1.2","1.2","38.6"
"SL","2024-07-06","76.5","1.33","5.76","Maciejewski, Josh",807799,656671,,"called_strike",,,,,11,"Masataka Yoshida strikes out on a foul tip.","R","L","L","NYY","BOS","S",,,0,1,2024,"-0.45","0.39","-0.88","2.58",,,,1,8,"Top",,,,,,,-3.8972754272289896,-111.35189629542278,-0.35695042863289783,-3.0104464932815875,20.17619635178885,-29.112142080269827,"3.22","1.38",,,,"77.2",1974,"6.8",745724,669224,700250,665828,518934,683011,657077,663757,663330,"53.71",,,,,,,,72,2,"Slider",14,4,4,14,4,14,4,14,"Infield shade","Standard",315,"0","-0.036",,,,"0.036",,10,-10,"1","0",28,30,29,31,1,3,6,1,14,1,"3.51","-0.45","-0.45","42.9"
"SI","2024-07-06","90.4","1.42","5.7","Maciejewski, Josh",807799,656671,,"foul",,,,,5,"Masataka Yoshida strikes out on a foul tip.","R","L","L","NYY","BOS","S",,,0,0,2024,"1.25","0.84","0.07","2.06",,,,1,8,"Top",,,,,,,-6.111931106752073,-131.47360822470282,-4.948423817730496,15.814284969729242,27.906898572515644,-21.552077609101392,"3.21","1.42",2,"73.8",-43,"91.2",2162,"6.8",745724,669224,700250,665828,518934,683011,657077,663757,663330,"53.68",,,,,,,,72,1,"Sinker",14,4,4,14,4,14,4,14,"Strategic","Standard",127,"0","-0.023","73.6","7.8",,"0.023","88.0",10,-10,"1","0",28,30,29,31,1,3,6,1,14,1,"1.95","1.25","1.25","38.2"
"CH","2024-07-06","81.7","1.75","5.66","Maciejewski, Josh",665839,656671,"strikeout","swinging_strike",,,,,13,"Enmanuel Valdez strikes out swinging.","R","L","L","NYY","BOS","S",2,,1,2,2024,"1.37","0.83","-0.01","1.01",,,,0,8,"Top",,,,,,,-6.625592119331213,-118.79563571573149,-5.522419926569844,14.222638435632378,22.213474092159725,-23.40995098783404,"3.21","1.59",,,,"82",1957,"6.5",745724,669224,700250,665828,518934,683011,657077,663757,663330,"54.01",,0,"0",1,0,0,,71,4,"Changeup",14,4,4,14,4,14,4,14,"Infield shade","Standard",116,"0","-0.167","69.7","8.8",,"0.167",,10,-10,"1","0",28,25,29,26,1,3,6,1,14,34,"2.58","1.37","1.37","37.9"
"SL","2024-07-06","78","1.58","5.69","Maciejewski, Josh",665839,656671,,"ball",,,,,11,"Enmanuel Valdez strikes out swinging.","R","L","L","NYY","BOS","B",,,0,2,2024,"-0.53","0.35","-1.52","2.98",,,,0,8,"Top",,,,,,,-5.725247921362298,-113.48858886697269,0.4465482795724063,-3.4944962469992005,21.07070517267344,-29.50077667299849,"3.21","1.55",,,,"78.5",2053,"6.6",745724,669224,700250,665828,518934,683011,657077,663757,663330,"53.85",,,,,,,,71,3,"Slider",14,4,4,14,4,14,4,14,"Infield shade","Standard",315,"0","0.021",,,,"-0.021",,10,-10,"1","0",28,25,29,26,1,3,6,1,14,34,"3.41","-0.53","-0.53","41.5"
"SI","2024-07-06","89.8","1.51","5.7","Maciejewski, Josh",665839,656671,,"foul",,,,,3,"Enmanuel Valdez strikes out swinging.","R","L","L","NYY","BOS","S",,,0,1,2024,"1.32","0.7","0.4","2.86",,,,0,8,"Top",,,,,,,-5.611834499127846,-130.7567926533371,-2.5785596805728574,16.305864936510307,26.815756339840927,-23.84013036970316,"3.21","1.59",168,"102.9",9,"90.8",2172,"6.8",745724,669224,700250,665828,518934,683011,657077,663757,663330,"53.71",,,,,,,,71,2,"Sinker",14,4,4,14,4,14,4,14,"Infield shade","Standard",127,"0","-0.049","78.6","7.8",,"0.049","102.9",10,-10,"1","0",28,25,29,26,1,3,6,1,14,34,"2.12","1.32","1.32","37.1"
"SI","2024-07-06","89.3","1.66","5.65","Maciejewski, Josh",665839,656671,,"foul",,,,,5,"Enmanuel Valdez strikes out swinging.","R","L","L","NYY","BOS","S",,,0,0,2024,"1.25","0.82","-0.03","2.17",,,,0,8,"Top",,,,,,,-6.8322759142508644,-129.86698545563578,-4.342825883305365,15.58124760516596,25.02086499713012,-22.20527020238789,"3.21","1.59",3,"86.4",-35,"90",2058,"6.6",745724,669224,700250,665828,518934,683011,657077,663757,663330,"53.9",,,,,,,,71,1,"Sinker",14,4,4,14,4,14,4,14,"Infield shade","Standard",127,"0","-0.033","72.3","7.9",,"0.033","88.0",10,-10,"1","0",28,25,29,26,1,3,6,1,14,34,"2.03","1.25","1.25","36.9"
"CH","2024-06-30","80.1","1.82","5.41","Maciejewski, Josh",643376,656671,"strikeout","swinging_strike",,,,,14,"Danny Jansen strikes out swinging.","R","R","L","TOR","NYY","S",2,,1,2,2024,"1.55","0.05","1","1.72",,,543807,2,9,"Bot",,,,,,,-4.756969652383251,-116.49270199058142,-1.4953556799497383,14.973950903304535,22.84093912778826,-31.660461388986786,"3.31","1.55",,,,"80.2",1941,"6.5",744916,669224,700250,650402,518934,683011,657077,663757,665742,"53.98",,0,"0",1,0,0,,79,7,"Changeup",1,8,1,8,8,1,1,8,"Infield shade","Strategic",95,"0","-0.165","70.0","7.0",,"0.165",,-7,-7,"0","0",28,29,29,29,1,3,83,2,6,4,"3.52","1.55","-1.55","37.0"
"SI","2024-06-30","91.9","1.44","5.54","Maciejewski, Josh",643376,656671,,"foul",,,,,4,"Danny Jansen strikes out swinging.","R","R","L","TOR","NYY","S",,,1,2,2024,"1.38","0.74","-0.6","2.39",,,543807,2,9,"Bot",,,,,,,-8.225424663577067,-133.48534317630046,-3.7167315416336484,18.342437923823063,30.629871625531198,-22.695988155997483,"3.31","1.55",394,"106.7",26,"92.2",2180,"6.7",744916,669224,700250,650402,518934,683011,657077,663757,665742,"53.78",,,,,,,,79,6,"Sinker",1,8,1,8,8,1,1,8,"Standard","Strategic",126,"0","0","72.3","6.9",,"0","106.7",-7,-7,"0","0",28,29,29,29,1,3,83,2,6,4,"1.98","1.38","-1.38","37.4"
"CH","2024-06-30","81","1.76","5.39","Maciejewski, Josh",643376,656671,,"foul",,,,,12,"Danny Jansen strikes out swinging.","R","R","L","TOR","NYY","S",,,1,2,2024,"1.52","0.4","0.89","2.56",,,543807,2,9,"Bot",,,,,,,-4.849472809479036,-117.8083216696068,-0.3825339259325867,15.035835985474398,24.201983650839995,-28.63835014163686,"3.31","1.55",112,"65.4",76,"81.1",1879,"6.6",744916,669224,700250,650402,518934,683011,657077,663757,665742,"53.92",,,,,,,,79,5,"Changeup",1,8,1,8,8,1,1,8,"Standard","Strategic",100,"0","0","68.5","7.4",,"0","88.0",-7,-7,"0","0",28,29,29,29,1,3,83,2,6,4,"3.1","1.52","-1.52","35.6"
"SL","2024-06-30","74.9","1.43","5.6","Maciejewski, Josh",643376,656671,,"ball",,,,,13,"Danny Jansen strikes out swinging.","R","R","L","TOR","NYY","B",,,0,2,2024,"-0.67","-0.04","-1.09","1.83",,,543807,2,9,"Bot",,,,,,,-4.047953619449192,-108.94105930646582,-0.46374680522703626,-4.530267509921511,20.85974151176673,-32.67256903036951,"3.31","1.55",,,,"75.3",1815,"6.8",744916,669224,700250,650402,518934,683011,657077,663757,665742,"53.68",,,,,,,,79,4,"Slider",1,8,1,8,8,1,1,8,"Infield shade","Strategic",325,"0","0.023",,,,"-0.023",,-7,-7,"0","0",28,29,29,29,1,3,83,2,6,4,"4.14","-0.67","0.67","46.2"
"CH","2024-06-30","81.2","1.8","5.49","Maciejewski, Josh",643376,656671,,"foul",,,,,13,"Danny Jansen strikes out swinging.","R","R","L","TOR","NYY","S",,,0,2,2024,"1.37","0.51","-0.04","1.24",,,543807,2,9,"Bot",,,,,,,-6.771423221164028,-117.96406581776625,-3.8093941800421365,14.094242814090158,24.330027632942798,-26.857524688686123,"3.31","1.55",49,"79.8",2,"81.2",1925,"6.6",744916,669224,700250,650402,518934,683011,657077,663757,665742,"53.95",,,,,,,,79,3,"Changeup",1,8,1,8,8,1,1,8,"Standard","Strategic",96,"0","0","72.2","7.6",,"0","88.0",-7,-7,"0","0",28,29,29,29,1,3,83,2,6,4,"2.98","1.37","-1.37","38.1"
"SI","2024-06-30","91.3","1.67","5.58","Maciejewski, Josh",643376,656671,,"foul",,,,,2,"Danny Jansen strikes out swinging.","R","R","L","TOR","NYY","S",,,0,1,2024,"1.35","0.88","0.26","3.39",,,543807,2,9,"Bot",,,,,,,-6.47526588969135,-132.6245635425582,-1.403581073609189,17.312522006315497,33.53310346475323,-21.85200195509525,"3.31","1.55",196,"75.7",20,"91.1",2100,"6.7",744916,669224,700250,650402,518934,683011,657077,663757,665742,"53.82",,,,,,,,79,2,"Sinker",1,8,1,8,8,1,1,8,"Standard","Strategic",128,"0","-0.046","67.9","6.5",,"0.046","88.0",-7,-7,"0","0",28,29,29,29,1,3,83,2,6,4,"1.91","1.35","-1.35","38.9"
"SI","2024-06-30","91","1.49","5.61","Maciejewski, Josh",643376,656671,,"called_strike",,,,,11,"Danny Jansen strikes out swinging.","R","R","L","TOR","NYY","S",,,0,0,2024,"1.41","0.84","-0.85","2.74",,,543807,2,9,"Bot",,,,,,,-8.954031066029646,-132.16994621987686,-3.064101902846664,18.45932088045271,30.05889556533089,-21.911234217458695,"3.34","1.59",,,,"91.2",2044,"6.7",744916,669224,700250,650402,518934,683011,657077,663757,665742,"53.84",,,,,,,,79,1,"Sinker",1,8,1,8,8,1,1,8,"Standard","Standard",128,"0","-0.039",,,,"0.039",,-7,-7,"0","0",28,29,29,29,1,3,83,2,6,4,"1.94","1.41","-1.41","47.4"
"SI","2024-06-30","88.9","1.58","5.52","Maciejewski, Josh",662139,656671,"field_out","hit_into_play",,,,,5,"Daulton Varsho flies out to left fielder Alex Verdugo.","R","L","L","TOR","NYY","X",7,"fly_ball",1,0,2024,"1.26","0.85","0.07","2.23",,,543807,1,9,"Bot",89.49,89.7,,,,,-6.3943993320808,-129.30345220213795,-3.8063368885690663,15.479947062897734,28.4768467378582,-22.023422363833383,"3.08","1.41",287,"90",42,"89.3",1986,"6.7",744916,669224,700250,650402,518934,683011,657077,663757,665742,"53.79",0.009,0.012,"0",1,0,0,3,78,2,"Sinker",1,8,1,8,8,1,1,8,"Strategic","Standard",123,"-0.001","-0.343","72.5","7.0",0.022,"0.343","90.0",-7,-7,"0.001","0.001",28,27,29,28,1,3,83,1,6,1,"2.05","1.26","1.26","40.0"
"SI","2024-06-30","90","1.6","5.55","Maciejewski, Josh",662139,656671,,"ball",,,,,12,"Daulton Varsho flies out to left fielder Alex Verdugo.","R","L","L","TOR","NYY","B",,,0,0,2024,"1.45","0.8","0.69","3.82",,,543807,1,9,"Bot",,,,,,,-5.370594828003381,-130.85850003528572,0.03532802091393894,17.82387117880678,30.46172693359717,-23.248396295874883,"3.21","1.36",,,,"89.9",2099,"6.5",744916,669224,700250,650402,518934,683011,657077,663757,665742,"53.97",,,,,,,,78,1,"Sinker",1,8,1,8,8,1,1,8,"Standard","Standard",125,"0","0.043",,,,"-0.043",,-7,-7,"0.001","0.001",28,27,29,28,1,3,83,1,6,1,"2.04","1.45","1.45","36.3"
"SI","2024-06-30","90.2","1.73","5.45","Maciejewski, Josh",543807,656671,"walk","ball",,,,,13,"George Springer walks.","R","R","L","TOR","NYY","B",,,3,0,2024,"1.39","0.81","-0.34","1.32",,,,1,9,"Bot",,,,,,,-8.17129903912425,-130.94568740156046,-6.01628325585656,17.74533814718274,28.58329566912275,-21.74497087221751,"3.7","1.78",,,,"90.6",2099,"6.7",744916,669224,700250,650402,518934,683011,657077,663757,665742,"53.78",,0.689131,"0.7",1,0,0,,77,4,"Sinker",1,8,1,8,8,1,1,8,"Infield shade","Standard",120,"0.001","0.111",,,,"-0.111",,-7,-7,"0","0",28,34,29,35,1,3,83,1,6,1,"2.01","1.39","-1.39","35.6"
"CH","2024-06-30","80.3","1.95","5.45","Maciejewski, Josh",543807,656671,,"ball",,,,,14,"George Springer walks.","R","R","L","TOR","NYY","B",,,2,0,2024,"1.49","0","1.79","2.27",,,,1,9,"Bot",,,,,,,-3.2133015004199197,-116.8984512941616,-0.2621371417276891,14.25222951488701,25.10212069506274,-32.35059762734145,"3.7","1.61",,,,"80.2",1718,"6.5",744916,669224,700250,650402,518934,683011,657077,663757,665742,"53.98",,,,,,,,77,3,"Changeup",1,8,1,8,8,1,1,8,"Infield shade","Standard",99,"0","0.088",,,,"-0.088",,-7,-7,"0","0",28,34,29,35,1,3,83,1,6,1,"3.57","1.49","-1.49","43.6"
"CH","2024-06-30","80.2","1.73","5.49","Maciejewski, Josh",543807,656671,,"ball",,,,,13,"George Springer walks.","R","R","L","TOR","NYY","B",,,1,0,2024,"1.47","0.4","-0.42","1.2",,,,1,9,"Bot",,,,,,,-7.564664139313654,-116.55116524239843,-3.4834798790567247,14.864047734440181,23.550338510604696,-28.014685101468817,"3.7","1.71",,,,"80.2",1866,"6.6",744916,669224,700250,650402,518934,683011,657077,663757,665742,"53.95",,,,,,,,77,2,"Changeup",1,8,1,8,8,1,1,8,"Standard","Standard",99,"0","0.046",,,,"-0.046",,-7,-7,"0","0",28,34,29,35,1,3,83,1,6,1,"3.17","1.47","-1.47","38.4"
"SL","2024-06-30","75.5","1.69","5.57","Maciejewski, Josh",543807,656671,,"ball",,,,,14,"George Springer walks.","R","R","L","TOR","NYY","B",,,0,0,2024,"-0.75","-0.48","1.01","2.54",,,,1,9,"Bot",,,,,,,-0.09250725491323089,-109.78138949090956,1.8953905897047443,-5.879264693284103,24.79275777227712,-36.64080232062319,"3.7","1.64",,,,"75.1",1881,"6.6",744916,669224,700250,650402,518934,683011,657077,663757,665742,"53.86",,,,,,,,77,1,"Slider",1,8,1,8,8,1,1,8,"Standard","Standard",314,"0","0.025",,,,"-0.025",,-7,-7,"0","0",28,34,29,35,1,3,83,1,6,1,"4.57","-0.75","0.75","40.5"
"CH","2024-06-30","80.5","1.86","5.46","Maciejewski, Josh",457759,656671,"field_out","hit_into_play",,,,,12,"Justin Turner flies out to left fielder Alex Verdugo.","R","R","L","TOR","NYY","X",7,"fly_ball",0,1,2024,"1.48","0.35","0.97","2.64",,,,0,9,"Bot",56.5,77.42,,,,,-4.821753177304853,-117.14499838292342,-0.20376031447776966,14.50477422080048,23.028386319646252,-29.17868482232581,"3.4","1.56",344,"93.1",37,"80.7",1789,"6.5",744916,669224,700250,650402,518934,683011,657077,663757,665742,"53.96",0.043,0.065,"0",1,0,0,3,76,2,"Changeup",1,8,1,8,8,1,1,8,"Standard","Standard",100,"-0.001","-0.195","64.4","7.1",0.12,"0.195","93.1",-7,-7,"0.001","0.001",28,39,29,40,1,3,83,1,6,1,"3.18","1.48","-1.48","37.7"
"SI","2024-06-30","90.7","1.65","5.56","Maciejewski, Josh",457759,656671,,"called_strike",,,,,5,"Justin Turner flies out to left fielder Alex Verdugo.","R","R","L","TOR","NYY","S",,,0,0,2024,"1.2","0.72","-0.08","2.49",,,,0,9,"Bot",,,,,,,-6.929666964652332,-131.93175320784516,-3.2737463894183136,15.567841131899025,29.74704002425313,-23.26781760964632,"3.17","1.43",,,,"90.9",2016,"6.6",744916,669224,700250,650402,518934,683011,657077,663757,665742,"53.93",,,,,,,,76,1,"Sinker",1,8,1,8,8,1,1,8,"Standard","Standard",126,"0","-0.033",,,,"0.033",,-7,-7,"0.001","0.001",28,39,29,40,1,3,83,1,6,1,"2.07","1.2","-1.2","36.4"
"CH","2024-04-08","82.5","1.83","5.68","Maciejewski, Josh",650559,656671,"field_out","hit_into_play",,,,,6,"Bryan De La Cruz grounds out, third baseman Jon Berti to first baseman Anthony Rizzo.","R","R","L","NYY","MIA","X",5,"ground_ball",0,0,2024,"1.47","0.63","0.69","2.79",,,,2,9,"Top",102.02,164.63,,,,,-5.497563821404977,-119.9765734404267,-1.2307912403260621,15.217547037752219,25.585326202382156,-26.07613385230178,"3.56","1.74",46,"75.2",2,"82.9",2052,"6.8",745761,624431,519203,650402,542932,683011,657077,592450,665742,"53.65",0.12,0.123,"0",1,0,0,2,66,1,"Changeup",7,0,0,7,0,7,0,7,"Standard","Standard",111,"0","-0.099","70.9","8.1",0.12,"0.099","88.0",7,-7,"1","0",28,27,29,28,1,3,,1,83,1,"2.75","1.47","-1.47","41.3"
"SI","2024-04-08","91.1","1.75","5.62","Maciejewski, Josh",624503,656671,"field_out","hit_into_play",,,,,8,"Nick Gordon grounds out, third baseman Jon Berti to first baseman Anthony Rizzo.","R","L","L","NYY","MIA","X",5,"ground_ball",1,0,2024,"1.47","1.03","0.11","2.12",,,,1,9,"Top",106.08,152.93,,,,,-7.362640231868373,-132.3859152713937,-5.120469327906961,18.82543087383838,29.801439896801927,-19.12266608212541,"3.6","1.77",29,"88.9",-2,"91.9",2184,"7",745761,624431,519203,650402,542932,683011,657077,592450,665742,"53.55",0.251,0.249,"0",1,0,0,2,65,2,"Sinker",7,0,0,7,0,7,0,7,"Infield shade","Standard",131,"0","-0.186","71.4","7.0",0.28,"0.186","88.9",7,-7,"1","0",28,28,29,29,1,0,,1,83,1,"1.73","1.47","1.47","39.2"
"SI","2024-04-08","90.4","1.6","5.68","Maciejewski, Josh",624503,656671,,"ball",,,,,14,"Nick Gordon grounds out, third baseman Jon Berti to first baseman Anthony Rizzo.","R","L","L","NYY","MIA","B",,,0,0,2024,"1.39","0.95","1.06","2.67",,,,1,9,"Top",,,,,,,-4.366741411045731,-131.5214628324838,-3.584355008611766,17.025119915420316,29.686558043362687,-20.643893068988984,"3.66","1.82",,,,"91.1",2017,"6.9",745761,624431,519203,650402,542932,683011,657077,592450,665742,"53.63",,,,,,,,65,1,"Sinker",7,0,0,7,0,7,0,7,"Infield shade","Standard",132,"0","0.025",,,,"-0.025",,7,-7,"1","0",28,28,29,29,1,0,,1,83,1,"1.86","1.39","1.39","41.3"
"CH","2024-04-08","83.1","1.73","5.65","Maciejewski, Josh",663743,656671,"field_out","hit_into_play",,,,,9,"Nick Fortes grounds out, third baseman Jon Berti to first baseman Anthony Rizzo.","R","R","L","NYY","MIA","X",5,"ground_ball",0,0,2024,"1.31","0.81","0.47","1.99",,,,0,9,"Top",105.58,164.12,,,,,-5.469601337649893,-120.82651423770635,-3.5001043911557295,13.860507725030537,24.46517525600607,-23.743918168024223,"3.32","1.56",20,"76.3",-4,"83.5",1868,"6.7",745761,624431,519203,650402,542932,683011,657077,592450,665742,"53.82",0.094,0.077,"0",1,0,0,2,64,1,"Changeup",7,0,0,7,0,7,0,7,"Standard","Standard",117,"0.001","-0.228","71.9","7.8",0.102,"0.228","88.0",7,-7,"0.999","0.001",28,27,29,28,1,2,,2,83,2,"2.5","1.31","-1.31","47.4"