﻿"pitch_type","game_date","release_speed","release_pos_x","release_pos_z","player_name","batter","pitcher","events","description","spin_dir","spin_rate_deprecated","break_angle_deprecated","break_length_deprecated","zone","des","game_type","stand","p_throws","home_team","away_team","type","hit_location","bb_type","balls","strikes","game_year","pfx_x","pfx_z","plate_x","plate_z","on_3b","on_2b","on_1b","outs_when_up","inning","inning_topbot","hc_x","hc_y","tfs_deprecated","tfs_zulu_deprecated","umpire","sv_id","vx0","vy0","vz0","ax","ay","az","sz_top","sz_bot","hit_distance_sc","launch_speed","launch_angle","effective_speed","release_spin_rate","release_extension","game_pk","fielder_2","fielder_3","fielder_4","fielder_5","fielder_6","fielder_7","fielder_8","fielder_9","release_pos_y","estimated_ba_using_speedangle","estimated_woba_using_speedangle","woba_value","woba_denom","babip_value","iso_value","launch_speed_angle","at_bat_number","pitch_number","pitch_name","home_score","away_score","bat_score","fld_score","post_away_score","post_home_score","post_bat_score","post_fld_score","if_fielding_alignment","of_fielding_alignment","spin_axis","delta_home_win_exp","delta_run_exp","bat_speed","swing_length","estimated_slg_using_speedangle","delta_pitcher_run_exp","hyper_speed","home_score_diff","bat_score_diff","home_win_exp","bat_win_exp","age_pit_legacy","age_bat_legacy","age_pit","age_bat","n_thruorder_pitcher","n_priorpa_thisgame_player_at_bat","pitcher_days_since_prev_game","batter_days_since_prev_game","pitcher_days_until_next_game","batter_days_until_next_game","api_break_z_with_gravity","api_break_x_arm","api_break_x_batter_in","arm_angle"
"FF","2024-08-12","93.4","-1.82","5.45","De Los Santos, Enyel",666150,660853,"field_out","hit_into_play",,,,,13,"Dominic Fletcher lines out to left fielder Alex Verdugo.","R","L","R","CWS","NYY","X",7,"line_drive",3,2,2024,"-0.93","0.97","-1.04","2.28",,,657757,2,8,"Bot",95.22,98.96,,,,,4.038424939254508,-135.92356274631643,-4.48783286483162,-12.39486895871417,31.864032187101728,-19.393498690888173,"3.23","1.49",262,"80.4",22,"92.7",2008,"6",746762,669224,700250,650402,518934,683011,657077,592450,665742,"54.49",0.751,0.725,"0",1,0,0,4,83,6,"4-Seam Fastball",12,2,12,2,2,12,12,2,"Strategic","Standard",230,"0","-0.269","70.9","6.8",0.89,"0.269","88.0",10,10,"1","1",28,26,29,27,2,4,4,3,11,2,"1.66","0.93","-0.93","24.8"
"CH","2024-08-12","87.7","-1.68","5.5","De Los Santos, Enyel",666150,660853,,"blocked_ball",,,,,14,"Dominic Fletcher lines out to left fielder Alex Verdugo.","R","L","R","CWS","NYY","B",,,2,2,2024,"-1.3","1","1.27","0.07",,,657757,2,8,"Bot",,,,,,,9.756408931508211,-127.1686955819792,-9.00208548186929,-16.143979920099916,25.740397483890778,-19.579359750143407,"3.07","1.41",,,,"87.3",2028,"6.2",746762,669224,700250,650402,518934,683011,657077,592450,665742,"54.29",,,,,,,,83,5,"Changeup",12,2,12,2,2,12,12,2,"Strategic","Standard",238,"0","0.072",,,,"-0.072",,10,10,"1","1",28,26,29,27,2,4,4,3,11,2,"1.98","1.3","-1.3","24.5"
"SL","2024-08-12","84.7","-2.06","5.47","De Los Santos, Enyel",666150,660853,,"ball",,,,,13,"Dominic Fletcher lines out to left fielder Alex Verdugo.","R","L","R","CWS","NYY","B",,,1,2,2024,"0.07","0.45","-1.97","2.09",,,657757,2,8,"Bot",,,,,,,0.0706590922984082,-123.45720018482976,-2.518741453094748,0.6891957899089527,22.627390189137824,-27.234792312977245,"3.07","1.5",,,,"84.5",2172,"5.9",746762,669224,700250,650402,518934,683011,657077,592450,665742,"54.62",,,,,,,,83,4,"Slider",12,2,12,2,2,12,12,2,"Standard","Standard",213,"0","0.032",,,,"-0.032",,10,10,"1","1",28,26,29,27,2,4,4,3,11,2,"2.69","-0.07","0.07","24.1"
"SL","2024-08-12","85.1","-1.99","5.56","De Los Santos, Enyel",666150,660853,,"ball",,,,,13,"Dominic Fletcher lines out to left fielder Alex Verdugo.","R","L","R","CWS","NYY","B",,,0,2,2024,"0.09","0.4","-1.42","1.69",,,657757,2,8,"Bot",,,,,,,1.1590740952304934,-123.95831327676521,-3.574694508919155,0.6622561945792844,23.442005927174655,-27.582538244180927,"3.16","1.5",,,,"84.7",2107,"5.9",746762,669224,700250,650402,518934,683011,657077,592450,665742,"54.63",,,,,,,,83,3,"Slider",12,2,12,2,2,12,12,2,"Standard","Standard",217,"0","0.023",,,,"-0.023",,10,10,"1","1",28,26,29,27,2,4,4,3,11,2,"2.73","-0.09","0.09","23.5"
"FF","2024-08-12","94.6","-1.81","5.47","De Los Santos, Enyel",666150,660853,,"foul",,,,,5,"Dominic Fletcher lines out to left fielder Alex Verdugo.","R","L","R","CWS","NYY","S",,,0,1,2024,"-0.86","0.98","0.01","2.05",,,657757,2,8,"Bot",,,,,,,6.641640505478152,-137.51253451242272,-5.40441887715304,-12.454317334609494,30.919980393462193,-18.72035771371077,"3.23","1.49",172,"66.8",36,"94.1",2101,"6.1",746762,669224,700250,650402,518934,683011,657077,592450,665742,"54.41",,,,,,,,83,2,"4-Seam Fastball",12,2,12,2,2,12,12,2,"Standard","Standard",226,"0","-0.046","65.2","6.1",,"0.046","88.0",10,10,"1","1",28,26,29,27,2,4,4,3,11,2,"1.58","0.86","-0.86","25.2"
"FF","2024-08-12","94.5","-1.88","5.54","De Los Santos, Enyel",666150,660853,,"called_strike",,,,,11,"Dominic Fletcher lines out to left fielder Alex Verdugo.","R","L","R","CWS","NYY","S",,,0,0,2024,"-1.1","1.06","-1.11","2.83",,,657757,2,8,"Bot",,,,,,,4.4211790066931975,-137.60939357869927,-3.724891896682931,-14.897917040724174,30.94465902045629,-18.10704960348989,"3.18","1.51",,,,"94",2140,"6",746762,669224,700250,650402,518934,683011,657077,592450,665742,"54.52",,,,,,,,83,1,"4-Seam Fastball",12,2,12,2,2,12,12,2,"Standard","Standard",231,"0","-0.039",,,,"0.039",,10,10,"1","1",28,26,29,27,2,4,4,3,11,2,"1.49","1.1","-1.1","26.0"
"FF","2024-08-12","95.3","-2","5.49","De Los Santos, Enyel",686676,660853,"field_out","hit_into_play",,,,,1,"Korey Lee pops out to shortstop Anthony Volpe.","R","R","R","CWS","NYY","X",6,"popup",0,2,2024,"-0.88","1.01","-0.83","2.95",,,657757,1,8,"Bot",118.63,120.14,,,,,5.02998652841249,-138.73188169849433,-3.30552256681691,-12.508527016390621,30.514696149112012,-18.544686546254976,"3.5","1.59",201,"83.9",54,"94.9",2101,"6",746762,669224,700250,650402,518934,683011,657077,592450,665742,"54.53",0.011,0.013,"0",1,0,0,3,82,3,"4-Seam Fastball",12,2,12,2,2,12,12,2,"Standard","Standard",231,"0","-0.192","74.6","7.2",0.018,"0.192","88.0",10,10,"1","1",28,25,29,26,2,4,4,2,11,1,"1.49","0.88","0.88","21.8"
"FF","2024-08-12","95.1","-2","5.42","De Los Santos, Enyel",686676,660853,,"foul",,,,,4,"Korey Lee pops out to shortstop Anthony Volpe.","R","R","R","CWS","NYY","S",,,0,1,2024,"-0.71","1.17","-0.58","2.81",,,657757,1,8,"Bot",,,,,,,5.281965060223732,-138.31311776541656,-3.7242313125469773,-10.381649302550546,34.89445742595227,-16.605165158032346,"3.5","1.59",133,"78.7",11,"94",2183,"6",746762,669224,700250,650402,518934,683011,657077,592450,665742,"54.51",,,,,,,,82,2,"4-Seam Fastball",12,2,12,2,2,12,12,2,"Standard","Standard",231,"0","-0.061","71.7","6.8",,"0.061","88.0",10,10,"1","1",28,25,29,26,2,4,4,2,11,1,"1.38","0.71","0.71","22.0"
"SL","2024-08-12","86.4","-2.03","5.4","De Los Santos, Enyel",686676,660853,,"swinging_strike",,,,,7,"Korey Lee pops out to shortstop Anthony Volpe.","R","R","R","CWS","NYY","S",,,0,0,2024,"0.12","0.38","-0.41","1.69",,,657757,1,8,"Bot",,,,,,,3.5958116214530573,-125.7760454118115,-3.391614752947886,0.533366521033494,25.428505376003038,-27.661033374952595,"3.5","1.59",,,,"86",2133,"6",746762,669224,700250,650402,518934,683011,657077,592450,665742,"54.52",,,,,,,,82,1,"Slider",12,2,12,2,2,12,12,2,"Standard","Standard",218,"0","-0.047","70.2","8.3",,"0.047",,10,10,"1","1",28,25,29,26,2,4,4,2,11,1,"2.67","-0.12","-0.12","21.2"
"FF","2024-08-12","95.1","-1.7","5.53","De Los Santos, Enyel",657757,660853,"single","hit_into_play",,,,,14,"Gavin Sheets singles on a ground ball to second baseman Gleyber Torres, deflected by first baseman Ben Rice.   Andrew Vaughn scores.","R","L","R","CWS","NYY","X",3,"ground_ball",0,0,2024,"-1.21","0.9","0.9","1.52",,683734,,1,8,"Bot",161.14,159.18,,,,,9.4698655416175,-138.04553499642162,-6.832014606169196,-17.495234300870855,29.924988482158053,-19.350527728733038,"3.41","1.64",87,"94.3",5,"94.7",2144,"6.1",746762,669224,700250,650402,518934,683011,657077,592450,665742,"54.39",0.517,0.467,"0.9",1,1,0,4,81,1,"4-Seam Fastball",11,2,11,2,2,12,12,2,"Infield shade","Standard",228,"0","0.68","72.9","7.8",0.565,"-0.68","94.3",9,9,"1","1",28,28,29,28,2,4,4,2,11,1,"1.63","1.21","-1.21","26.7"
"SL","2024-08-12","84.6","-1.99","5.38","De Los Santos, Enyel",683734,660853,"double","hit_into_play",,,,,5,"Andrew Vaughn doubles (26) on a fly ball to left fielder Alex Verdugo.","R","R","R","CWS","NYY","X",7,"fly_ball",1,2,2024,"0.17","0.57","0.05","2.4",,,,1,8,"Bot",90.33,46.07,,,,,4.405973904915713,-123.17545157146557,-1.7755181643416644,0.853630605935535,24.19931754818218,-26.179295988687613,"3.19","1.49",387,"99.3",26,"84.5",2071,"6.2",746762,669224,700250,650402,518934,683011,657077,592450,665742,"54.33",0.446,0.689,"1.25",1,1,1,6,80,4,"Slider",11,2,11,2,2,11,11,2,"Standard","Standard",212,"0","0.462","72.1","7.7",1.218,"-0.462","99.3",9,9,"1","1",28,26,29,26,2,4,4,2,11,1,"2.6","-0.17","-0.17","22.6"
"FF","2024-08-12","95.3","-1.98","5.4","De Los Santos, Enyel",683734,660853,,"foul",,,,,13,"Andrew Vaughn doubles (26) on a fly ball to left fielder Alex Verdugo.","R","R","R","CWS","NYY","S",,,1,1,2024,"-1.07","1","-0.94","2.22",,,,1,8,"Bot",,,,,,,5.1035911007423564,-138.57221941885908,-4.914060485160578,-14.949028625263002,32.3452240491577,-18.330517103574913,"3.19","1.49",133,"76.8",20,"94.5",2216,"6",746762,669224,700250,650402,518934,683011,657077,592450,665742,"54.51",,,,,,,,80,3,"4-Seam Fastball",11,2,11,2,2,11,11,2,"Standard","Standard",230,"0","-0.039","73.3","7.1",,"0.039","88.0",9,9,"1","1",28,26,29,26,2,4,4,2,11,1,"1.52","1.07","1.07","23.4"
"FF","2024-08-12","94.7","-2","5.5","De Los Santos, Enyel",683734,660853,,"called_strike",,,,,8,"Andrew Vaughn doubles (26) on a fly ball to left fielder Alex Verdugo.","R","R","R","CWS","NYY","S",,,1,0,2024,"-1","1.17","0.26","1.63",,,,1,8,"Bot",,,,,,,8.100298189016561,-137.57892776050258,-7.018712278954816,-14.46195506640105,30.132924391046974,-15.904021734570629,"3.26","1.54",,,,"94.4",2136,"6.2",746762,669224,700250,650402,518934,683011,657077,592450,665742,"54.33",,,,,,,,80,2,"4-Seam Fastball",11,2,11,2,2,11,11,2,"Standard","Standard",230,"0","-0.032",,,,"0.032",,9,9,"1","1",28,26,29,26,2,4,4,2,11,1,"1.38","1","1","26.0"
"FF","2024-08-12","95.9","-1.86","5.53","De Los Santos, Enyel",683734,660853,,"ball",,,,,11,"Andrew Vaughn doubles (26) on a fly ball to left fielder Alex Verdugo.","R","R","R","CWS","NYY","B",,,0,0,2024,"-0.95","1.07","-0.71","3.72",,,,1,8,"Bot",,,,,,,5.163783057037608,-139.62426527838414,-1.5769418514188798,-13.569822010623755,32.371141035676516,-18.03318964609517,"3.27","1.55",,,,"95.4",2267,"6",746762,669224,700250,650402,518934,683011,657077,592450,665742,"54.47",,,,,,,,80,1,"4-Seam Fastball",11,2,11,2,2,11,11,2,"Standard","Standard",226,"0","0.025",,,,"-0.025",,9,9,"1","1",28,26,29,26,2,4,4,2,11,1,"1.41","0.95","0.95","23.1"
"SL","2024-08-12","85.2","-1.92","5.59","De Los Santos, Enyel",643217,660853,"strikeout","called_strike",,,,,13,"Andrew Benintendi called out on strikes.","R","L","R","CWS","NYY","S",2,,3,2,2024,"0.19","0.65","-1.11","2.2",,,,0,8,"Bot",,,,,,,1.518454331778229,-124.15175825976728,-3.0022437413742544,1.699067104507062,23.780453691462547,-25.005795602662783,"3.26","1.53",,,,"85.1",2002,"6",746762,669224,700250,650402,518934,683011,657077,592450,665742,"54.47",,0,"0",1,0,0,,79,7,"Slider",11,2,11,2,2,11,11,2,"Infield shade","Standard",219,"0","-0.299",,,,"0.299",,9,9,"1","1",28,29,29,30,1,4,4,2,11,1,"2.47","-0.19","0.19","28.4"
"FF","2024-08-12","94.7","-1.89","5.6","De Los Santos, Enyel",643217,660853,,"foul",,,,,5,"Andrew Benintendi called out on strikes.","R","L","R","CWS","NYY","S",,,3,2,2024,"-0.99","1.09","0.01","2.47",,,,0,8,"Bot",,,,,,,7.146937155591721,-137.74126463602136,-4.8965943336281,-14.24266750551562,31.21704553368016,-17.449912020243765,"3.26","1.52",258,"76.9",36,"94.3",2191,"6.1",746762,669224,700250,650402,518934,683011,657077,592450,665742,"54.37",,,,,,,,79,6,"4-Seam Fastball",11,2,11,2,2,11,11,2,"Infield shade","Standard",230,"0","0","70.7","7.0",,"0","88.0",9,9,"1","1",28,29,29,30,1,4,4,2,11,1,"1.46","0.99","-0.99","24.8"
"CH","2024-08-12","87.9","-1.82","5.62","De Los Santos, Enyel",643217,660853,,"ball",,,,,14,"Andrew Benintendi called out on strikes.","R","L","R","CWS","NYY","B",,,2,2,2024,"-1.21","0.77","1.14","1.36",,,,0,8,"Bot",,,,,,,9.646644306633224,-127.58319852533425,-5.765617132453492,-15.236662806157058,26.373559615389695,-22.70293665790753,"3.27","1.51",,,,"87.7",1932,"6.3",746762,669224,700250,650402,518934,683011,657077,592450,665742,"54.19",,,,,,,,79,5,"Changeup",11,2,11,2,2,11,11,2,"Infield shade","Standard",236,"0","0.096",,,,"-0.096",,9,9,"1","1",28,29,29,30,1,4,4,2,11,1,"2.19","1.21","-1.21","30.2"
"SL","2024-08-12","85.2","-2.04","5.53","De Los Santos, Enyel",643217,660853,,"swinging_strike",,,,,7,"Andrew Benintendi called out on strikes.","R","L","R","CWS","NYY","S",,,2,1,2024,"0.19","0.44","-0.53","1.9",,,,0,8,"Bot",,,,,,,3.1414677123153427,-124.12566210134983,-3.1248250178584596,1.4088827551737546,23.938996366257257,-27.221825957211397,"3.26","1.52",,,,"85.1",2034,"6.1",746762,669224,700250,650402,518934,683011,657077,592450,665742,"54.4",,,,,,,,79,4,"Slider",11,2,11,2,2,11,11,2,"Infield shade","Standard",224,"0","-0.062","69.0","7.4",,"0.062",,9,9,"1","1",28,29,29,30,1,4,4,2,11,1,"2.68","-0.19","0.19","26.3"
"CH","2024-08-12","87.2","-1.89","5.7","De Los Santos, Enyel",643217,660853,,"ball",,,,,13,"Andrew Benintendi called out on strikes.","R","L","R","CWS","NYY","B",,,1,1,2024,"-1.1","0.85","-1.27","1.89",,,,0,8,"Bot",,,,,,,3.755952767137205,-126.92231193481676,-4.736008831562312,-12.692702989279466,26.63372282610376,-22.241795227311734,"3.22","1.45",,,,"86.9",1972,"6.1",746762,669224,700250,650402,518934,683011,657077,592450,665742,"54.36",,,,,,,,79,3,"Changeup",11,2,11,2,2,11,11,2,"Infield shade","Standard",230,"0","0.048",,,,"-0.048",,9,9,"1","1",28,29,29,30,1,4,4,2,11,1,"2.15","1.1","-1.1","26.5"
"CH","2024-08-12","86.9","-2.06","5.64","De Los Santos, Enyel",643217,660853,,"ball",,,,,11,"Andrew Benintendi called out on strikes.","R","L","R","CWS","NYY","B",,,0,1,2024,"-1.04","0.84","-1.19","2.41",,,,0,8,"Bot",,,,,,,4.2196662051991005,-126.47718745704509,-3.2895843659877064,-11.994700935808055,25.458428302855953,-22.720998495234472,"3.18","1.48",,,,"86.9",1958,"6.3",746762,669224,700250,650402,518934,683011,657077,592450,665742,"54.25",,,,,,,,79,2,"Changeup",11,2,11,2,2,11,11,2,"Infield shade","Standard",238,"0","0.023",,,,"-0.023",,9,9,"1","1",28,29,29,30,1,4,4,2,11,1,"2.18","1.04","-1.04","28.2"
"SL","2024-08-12","84.9","-2.1","5.61","De Los Santos, Enyel",643217,660853,,"called_strike",,,,,1,"Andrew Benintendi called out on strikes.","R","L","R","CWS","NYY","S",,,0,0,2024,"-0.13","0.55","-0.51","2.82",,,,0,8,"Bot",,,,,,,3.967747265821428,-123.68460279630872,-1.3224859433890772,-2.1654545875394255,25.06588220203961,-26.451475063312344,"3.17","1.44",,,,"84.5",2091,"6",746762,669224,700250,650402,518934,683011,657077,592450,665742,"54.49",,,,,,,,79,1,"Slider",11,2,11,2,2,11,11,2,"Infield shade","Standard",227,"0","-0.033",,,,"0.033",,9,9,"1","1",28,29,29,30,1,4,4,2,11,1,"2.61","0.13","-0.13","23.5"
"FF","2024-08-12","94.9","-1.84","5.55","De Los Santos, Enyel",672820,660853,"field_out","hit_into_play",,,,,13,"Lenyn Sosa lines out to center fielder Aaron Judge.","R","R","R","CWS","NYY","X",8,"line_drive",0,0,2024,"-0.65","0.95","-1.12","1.81",,,,2,7,"Bot",124.46,64.82,,,,,3.2984036339139995,-138.10128316266042,-6.192024065030505,-9.038426326253152,31.129362405923235,-18.883395946310614,"3.35","1.59",333,"95.1",21,"94.3",2070,"5.9",746762,669224,700250,650402,518934,683011,657077,592450,665742,"54.56",0.197,0.209,"0",1,0,0,3,73,1,"4-Seam Fastball",11,2,11,2,2,11,11,2,"Standard","Standard",230,"0","-0.099",,,0.337,"0.099","95.1",9,9,"0.999","0.999",28,24,29,24,1,4,4,2,11,1,"1.59","0.65","0.65","23.4"
"FF","2024-08-12","93.6","-1.81","5.66","De Los Santos, Enyel",670032,660853,"field_out","hit_into_play",,,,,14,"Nicky Lopez grounds out to first baseman Ben Rice.","R","L","R","CWS","NYY","X",3,"ground_ball",1,2,2024,"-1.13","0.94","0.85","2.15",,,,1,7,"Bot",157.59,163.24,,,,,9.327426519239616,-136.0004555894746,-5.3283638757075025,-16.10162235731539,30.262222449652644,-19.551974473847267,"3.05","1.31",26,"94.7",-3,"93.1",2154,"6.1",746762,669224,700250,650402,518934,683011,657077,592450,665742,"54.37",0.309,0.295,"0",1,0,0,2,72,4,"4-Seam Fastball",11,2,11,2,2,11,11,2,"Infield shade","Standard",221,"0","-0.115","67.6","6.8",0.334,"0.115","94.7",9,9,"0.999","0.999",28,29,29,29,1,4,4,3,11,1,"1.68","1.13","-1.13","27.1"
"CH","2024-08-12","87.3","-1.81","5.43","De Los Santos, Enyel",670032,660853,,"ball",,,,,14,"Nicky Lopez grounds out to first baseman Ben Rice.","R","L","R","CWS","NYY","B",,,0,2,2024,"-1.16","0.77","0.27","-0.44",,,,1,7,"Bot",,,,,,,7.376443753567089,-126.70988731778682,-9.517264835400901,-14.046821133453921,25.971130665560818,-22.029217019433712,"3.02","1.4",,,,"87",2122,"6.3",746762,669224,700250,650402,518934,683011,657077,592450,665742,"54.23",,,,,,,,72,3,"Changeup",11,2,11,2,2,11,11,2,"Infield shade","Standard",240,"0","0.013",,,,"-0.013",,9,9,"0.999","0.999",28,29,29,29,1,4,4,3,11,1,"2.23","1.16","-1.16","25.6"
"SL","2024-08-12","86.2","-1.95","5.53","De Los Santos, Enyel",670032,660853,,"called_strike",,,,,7,"Nicky Lopez grounds out to first baseman Ben Rice.","R","L","R","CWS","NYY","S",,,0,1,2024,"0.03","0.58","-0.37","1.66",,,,1,7,"Bot",,,,,,,3.693947912541214,-125.50777834527997,-4.19935515622945,-0.3876679776138383,23.476519144247682,-25.37794685402599,"3.15","1.44",,,,"86.2",2029,"6.1",746762,669224,700250,650402,518934,683011,657077,592450,665742,"54.43",,,,,,,,72,2,"Slider",11,2,11,2,2,11,11,2,"Infield shade","Standard",225,"0","-0.036",,,,"0.036",,9,9,"0.999","0.999",28,29,29,29,1,4,4,3,11,1,"2.46","-0.03","0.03","26.7"
"FF","2024-08-12","94.5","-1.87","5.64","De Los Santos, Enyel",670032,660853,,"foul",,,,,1,"Nicky Lopez grounds out to first baseman Ben Rice.","R","L","R","CWS","NYY","S",,,0,0,2024,"-0.88","1.02","-0.29","2.92",,,,1,7,"Bot",,,,,,,6.076648910502043,-137.42103247778442,-3.634494593803959,-12.552843926525338,30.800089856276873,-18.70044031557981,"3.05","1.31",249,"81.1",41,"94.1",1953,"6.1",746762,669224,700250,650402,518934,683011,657077,592450,665742,"54.41",,,,,,,,72,1,"4-Seam Fastball",11,2,11,2,2,11,11,2,"Infield shade","Standard",225,"0","-0.023","59.7","6.1",,"0.023","88.0",9,9,"0.999","0.999",28,29,29,29,1,4,4,3,11,1,"1.54","0.88","-0.88","26.1"
"CH","2024-08-12","87.3","-1.87","5.55","De Los Santos, Enyel",681460,660853,"home_run","hit_into_play",,,,,8,"Brooks Baldwin homers (2) on a fly ball to right field.    Dominic Fletcher scores.    Corey Julks scores.","R","L","R","CWS","NYY","X",,"fly_ball",1,1,2024,"-1.32","0.78","0.13","1.58",,666150,667452,1,7,"Bot",221.64,93.86,,,,,7.52341471315992,-126.91456260479914,-5.009926704774898,-15.800895939257945,25.24294656550634,-22.847733582583444,"3.24","1.52",350,"104.6",23,"87.3",1930,"6.3",746762,669224,700250,650402,518934,683011,657077,592450,665742,"54.21",0.817,1.434,"2",1,0,3,6,71,3,"Changeup",8,2,8,2,2,11,11,2,"Standard","Standard",239,"0.004","2.384","79.6","8.0",2.653,"-2.384","104.6",6,6,"0.995","0.995",28,23,29,24,1,3,4,2,11,1,"2.2","1.32","-1.32","27.3"
"CH","2024-08-12","88","-1.86","5.55","De Los Santos, Enyel",681460,660853,,"blocked_ball",,,,,13,"Brooks Baldwin homers (2) on a fly ball to right field.    Dominic Fletcher scores.    Corey Julks scores.","R","L","R","CWS","NYY","B",,,0,1,2024,"-1.37","0.74","-0.32","0.04",,666150,667452,1,7,"Bot",,,,,,,6.550701776272469,-127.6998997688959,-8.728380447620282,-16.342264129112184,27.010278955399674,-22.371825838248945,"3.18","1.52",,,,"87.6",1935,"6.3",746762,669224,700250,650402,518934,683011,657077,592450,665742,"54.23",,,,,,,,71,2,"Changeup",8,2,8,2,2,8,8,2,"Standard","Standard",240,"0","0.029",,,,"-0.029",,6,6,"0.995","0.995",28,23,29,24,1,3,4,2,11,1,"2.22","1.37","-1.37","29.1"
"SL","2024-08-12","86.5","-2.07","5.5","De Los Santos, Enyel",681460,660853,,"foul",,,,,8,"Brooks Baldwin homers (2) on a fly ball to right field.    Dominic Fletcher scores.    Corey Julks scores.","R","L","R","CWS","NYY","S",,,0,0,2024,"0.22","0.53","0.17","1.42",,666150,667452,1,7,"Bot",,,,,,,4.876153545193596,-125.80123647985681,-4.5771705656823825,1.2690861064526173,26.12360144238049,-25.802752013936054,"3.24","1.52",3,"101.2",-23,"86",2121,"6",746762,669224,700250,650402,518934,683011,657077,592450,665742,"54.48",,,,,,,,71,1,"Slider",8,2,8,2,2,8,8,2,"Standard","Standard",231,"0","-0.075","70.0","7.7",,"0.075","101.2",6,6,"0.995","0.995",28,23,29,24,1,3,4,2,11,1,"2.52","-0.22","0.22","26.0"
"SL","2024-08-12","86.3","-2","5.39","De Los Santos, Enyel",667452,660853,"single","hit_into_play",,,,,8,"Corey Julks singles on a line drive to left fielder Alex Verdugo.   Korey Lee scores.    Dominic Fletcher to 2nd.","R","R","R","CWS","NYY","X",7,"line_drive",3,2,2024,"0.23","0.55","0.18","1.72",,686676,666150,1,7,"Bot",85.1,110.52,,,,,4.716416357818387,-125.65511766784101,-3.595194375706508,1.437931997201796,26.04703557251838,-25.874159975815857,"3.39","1.63",259,"100.1",13,"85.9",2180,"6.1",746762,669224,700250,650402,518934,683011,657077,592450,665742,"54.44",0.931,0.914,"0.9",1,1,0,4,70,8,"Slider",7,2,7,2,2,8,8,2,"Standard","Standard",226,"0.006","0.821","72.4","7.6",1.168,"-0.821","100.1",5,5,"0.989","0.989",28,28,29,28,1,3,4,2,11,1,"2.52","-0.23","-0.23","25.0"
"SL","2024-08-12","86.6","-1.88","5.42","De Los Santos, Enyel",667452,660853,,"ball",,,,,14,"Corey Julks singles on a line drive to left fielder Alex Verdugo.   Korey Lee scores.    Dominic Fletcher to 2nd.","R","R","R","CWS","NYY","B",,,2,2,2024,"-0.05","0.46","0.93","1.16",,686676,666150,1,7,"Bot",,,,,,,6.8083285314245865,-125.98304287692149,-4.904816302150715,-1.8979292537440011,24.464862903844967,-26.48441794649508,"3.44","1.63",,,,"86.5",2098,"6.1",746762,669224,700250,650402,518934,683011,657077,592450,665742,"54.38",,,,,,,,70,7,"Slider",7,2,7,2,2,7,7,2,"Standard","Standard",234,"0","0.168",,,,"-0.168",,5,5,"0.989","0.989",28,28,29,28,1,3,4,2,11,1,"2.57","0.05","0.05","22.5"
"FF","2024-08-12","95.5","-1.81","5.54","De Los Santos, Enyel",667452,660853,,"foul",,,,,5,"Corey Julks singles on a line drive to left fielder Alex Verdugo.   Korey Lee scores.    Dominic Fletcher to 2nd.","R","R","R","CWS","NYY","S",,,2,2,2024,"-0.72","1.03","0","2.35",,686676,666150,1,7,"Bot",,,,,,,6.328190932260188,-138.83522287943583,-5.051144910511079,-10.726113181978137,31.40451444822371,-17.919400645255546,"3.39","1.63",218,"78.4",52,"94.9",2179,"6",746762,669224,700250,650402,518934,683011,657077,592450,665742,"54.49",,,,,,,,70,6,"4-Seam Fastball",7,2,7,2,2,7,7,2,"Standard","Standard",230,"0","0","69.4","6.5",,"0","88.0",5,5,"0.989","0.989",28,28,29,28,1,3,4,2,11,1,"1.48","0.72","0.72","22.5"
"SL","2024-08-12","86.2","-1.91","5.43","De Los Santos, Enyel",667452,660853,,"foul",,,,,8,"Corey Julks singles on a line drive to left fielder Alex Verdugo.   Korey Lee scores.    Dominic Fletcher to 2nd.","R","R","R","CWS","NYY","S",,,2,2,2024,"0.35","0.25","-0.22","1.91",,686676,666150,1,7,"Bot",,,,,,,3.2971388311658005,-125.57433606816173,-2.6608920104239457,3.0249162143663426,25.584255845311542,-29.157917663614935,"3.39","1.63",148,"84.2",11,"86",2191,"6.1",746762,669224,700250,650402,518934,683011,657077,592450,665742,"54.42",,,,,,,,70,5,"Slider",7,2,7,2,2,7,7,2,"Standard","Standard",215,"0","0","73.4","8.0",,"0","88.0",5,5,"0.989","0.989",28,28,29,28,1,3,4,2,11,1,"2.81","-0.35","-0.35","21.3"
"SL","2024-08-12","86.3","-1.94","5.53","De Los Santos, Enyel",667452,660853,,"swinging_strike",,,,,9,"Corey Julks singles on a line drive to left fielder Alex Verdugo.   Korey Lee scores.    Dominic Fletcher to 2nd.","R","R","R","CWS","NYY","S",,,2,1,2024,"0","0.44","0.75","1.96",,686676,666150,1,7,"Bot",,,,,,,6.363225131198237,-125.60942460426351,-3.192379013398036,-1.2043355575219747,24.29479180282674,-27.121948010140386,"3.39","1.63",,,,"86.1",2151,"6.1",746762,669224,700250,650402,518934,683011,657077,592450,665742,"54.43",,,,,,,,70,4,"Slider",7,2,7,2,2,7,7,2,"Standard","Standard",237,"0","-0.092","52.4","7.6",,"0.092",,5,5,"0.989","0.989",28,28,29,28,1,3,4,2,11,1,"2.61","0","0","26.2"
"SL","2024-08-12","87.3","-1.87","5.4","De Los Santos, Enyel",667452,660853,,"blocked_ball",,,,,14,"Corey Julks singles on a line drive to left fielder Alex Verdugo.   Korey Lee scores.    Dominic Fletcher to 2nd.","R","R","R","CWS","NYY","B",,,1,1,2024,"0.07","0.59","1.47","0.48",,686676,666150,1,7,"Bot",,,,,,,7.875980212722971,-126.76727222045672,-6.8784705477662165,-0.8194007855060905,25.345385739810986,-24.541896834362905,"3.41","1.63",,,,"87.1",2189,"6.2",746762,669224,700250,650402,518934,683011,657077,592450,665742,"54.28",,,,,,,,70,3,"Slider",7,2,7,2,2,7,7,2,"Standard","Standard",225,"0","0.082",,,,"-0.082",,5,5,"0.989","0.989",28,28,29,28,1,3,4,2,11,1,"2.4","-0.07","-0.07","20.4"
"SL","2024-08-12","87","-1.97","5.43","De Los Santos, Enyel",667452,660853,,"ball",,,,,14,"Corey Julks singles on a line drive to left fielder Alex Verdugo.   Korey Lee scores.    Dominic Fletcher to 2nd.","R","R","R","CWS","NYY","B",,,0,1,2024,"0.07","0.5","0.12","1.39",,686676,666150,1,7,"Bot",,,,,,,4.821192047644088,-126.5852563529089,-4.548479713398496,-0.15497853800510838,25.157568278033132,-26.037229195652166,"3.42","1.73",,,,"86.8",2205,"6.1",746762,669224,700250,650402,518934,683011,657077,592450,665742,"54.41",,,,,,,,70,2,"Slider",7,2,7,2,2,7,7,2,"Standard","Standard",228,"0","0.029",,,,"-0.029",,5,5,"0.989","0.989",28,28,29,28,1,3,4,2,11,1,"2.5","-0.07","-0.07","25.2"
"SL","2024-08-12","86.7","-1.95","5.55","De Los Santos, Enyel",667452,660853,,"swinging_strike",,,,,2,"Corey Julks singles on a line drive to left fielder Alex Verdugo.   Korey Lee scores.    Dominic Fletcher to 2nd.","R","R","R","CWS","NYY","S",,,0,0,2024,"0.14","0.58","-0.15","2.91",,686676,666150,1,7,"Bot",,,,,,,4.000084780208915,-126.27159058198613,-1.33596174655962,0.7548143424856434,24.859433911668393,-25.94628308740708,"3.39","1.63",,,,"86.6",2226,"6.1",746762,669224,700250,650402,518934,683011,657077,592450,665742,"54.37",,,,,,,,70,1,"Slider",7,2,7,2,2,7,7,2,"Standard","Standard",204,"0","-0.075","70.8","7.1",,"0.075",,5,5,"0.989","0.989",28,28,29,28,1,3,4,2,11,1,"2.44","-0.14","-0.14","27.0"
"CH","2024-08-12","86.4","-1.84","5.64","De Los Santos, Enyel",666150,660853,"single","hit_into_play",,,,,13,"Dominic Fletcher singles on a fly ball to center fielder Aaron Judge.   Gavin Sheets scores.    Korey Lee to 2nd.","R","L","R","CWS","NYY","X",8,"fly_ball",1,2,2024,"-1.28","1.13","-0.66","1.1",657757,,686676,1,7,"Bot",128.19,104.94,,,,,5.401507529199333,-125.6543980744514,-6.903204580589954,-14.619333897718478,25.212850918960658,-18.998517076749685,"3.23","1.49",232,"70.7",39,"86.4",2012,"6.3",746762,669224,700250,650402,518934,683011,657077,592450,665742,"54.22",0.4,0.384,"0.9",1,1,0,3,69,4,"Changeup",6,2,6,2,2,7,7,2,"Standard","Standard",240,"0.007","1.003","60.3","7.7",0.455,"-1.003","88.0",4,4,"0.982","0.982",28,26,29,27,1,3,4,3,11,2,"1.93","1.28","-1.28","27.1"
"CH","2024-08-12","87.5","-1.86","5.67","De Los Santos, Enyel",666150,660853,,"swinging_strike",,,,,7,"Dominic Fletcher singles on a fly ball to center fielder Aaron Judge.   Gavin Sheets scores.    Korey Lee to 2nd.","R","L","R","CWS","NYY","S",,,1,1,2024,"-1.39","0.7","-0.4","1.72",657757,,686676,1,7,"Bot",,,,,,,6.372756720649087,-127.13545674161801,-4.788861822657962,-16.405400986491667,27.340846065457992,-23.795546490603755,"3.23","1.49",,,,"87.2",1989,"6.3",746762,669224,700250,650402,518934,683011,657077,592450,665742,"54.2",,,,,,,,69,3,"Changeup",6,2,6,2,2,6,6,2,"Standard","Standard",236,"0","-0.127","66.6","8.1",,"0.127",,4,4,"0.982","0.982",28,26,29,27,1,3,4,3,11,2,"2.3","1.39","-1.39","28.8"
"FF","2024-08-12","94.8","-1.73","5.74","De Los Santos, Enyel",666150,660853,,"swinging_strike",,,,,4,"Dominic Fletcher singles on a fly ball to center fielder Aaron Judge.   Gavin Sheets scores.    Korey Lee to 2nd.","R","L","R","CWS","NYY","S",,,0,0,2024,"-0.96","1.07","-0.61","2.58",657757,,686676,1,7,"Bot",,,,,,,5.059826159329432,-137.95377488533555,-4.940404207763006,-13.405395339101924,31.99949558457716,-17.562412786364774,"3.23","1.49",,,,"94.4",2251,"6.2",746762,669224,700250,650402,518934,683011,657077,592450,665742,"54.33",,,,,,,,69,1,"4-Seam Fastball",6,2,6,2,2,6,6,2,"Standard","Standard",224,"0","-0.081","65.4","6.9",,"0.081",,4,4,"0.982","0.982",28,26,29,27,1,3,4,3,11,2,"1.47","0.96","-0.96","25.2"
"FF","2024-08-12","96","-1.68","5.6","De Los Santos, Enyel",657757,660853,"double","hit_into_play",,,,,11,"Gavin Sheets doubles (23) on a line drive to left fielder Alex Verdugo.   Andrew Vaughn scores.","R","L","R","CWS","NYY","X",7,"line_drive",2,2,2024,"-1.08","1.29","-1.19","2.91",,683734,,1,7,"Bot",76.48,143.47,,,,,3.70694664219791,-139.70556204791274,-4.4480529692701065,-14.953582797693748,30.754747649977737,-14.405850715610187,"3.41","1.64",133,"93",6,"95.7",2202,"6.1",746762,669224,700250,650402,518934,683011,657077,592450,665742,"54.42",0.554,0.522,"1.25",1,1,1,4,67,5,"4-Seam Fastball",5,2,5,2,2,6,6,2,"Infield shade","Standard",230,"0.025","1.064","66.9","6.7",0.624,"-1.064","93.0",3,3,"0.951","0.951",28,28,29,28,1,3,4,2,11,1,"1.17","1.08","-1.08","28.0"
"CH","2024-08-12","87.8","-1.75","5.62","De Los Santos, Enyel",657757,660853,,"ball",,,,,14,"Gavin Sheets doubles (23) on a line drive to left fielder Alex Verdugo.   Andrew Vaughn scores.","R","L","R","CWS","NYY","B",,,1,2,2024,"-1.45","0.52","0.01","1.47",,683734,,1,7,"Bot",,,,,,,7.250527857377198,-127.57409225094777,-4.991779922299824,-17.313042897979084,25.820773003329673,-25.65519386398005,"3.39","1.72",,,,"87.9",1834,"6.4",746762,669224,700250,650402,518934,683011,657077,592450,665742,"54.12",,,,,,,,67,4,"Changeup",5,2,5,2,2,5,5,2,"Infield shade","Standard",238,"0","0.022",,,,"-0.022",,3,3,"0.951","0.951",28,28,29,28,1,3,4,2,11,1,"2.44","1.45","-1.45","26.7"
"CH","2024-08-12","87.6","-1.75","5.65","De Los Santos, Enyel",657757,660853,,"swinging_strike",,,,,13,"Gavin Sheets doubles (23) on a line drive to left fielder Alex Verdugo.   Andrew Vaughn scores.","R","L","R","CWS","NYY","S",,,1,1,2024,"-1.43","0.82","-1.03","2",,683734,,1,7,"Bot",,,,,,,4.688092236979439,-127.53284010816468,-4.414224537603109,-16.586549232492416,25.18307192368121,-22.55071773278356,"3.41","1.64",,,,"88",1846,"6.4",746762,669224,700250,650402,518934,683011,657077,592450,665742,"54.05",,,,,,,,67,3,"Changeup",5,2,5,2,2,5,5,2,"Infield shade","Standard",237,"0","-0.076","66.8","8.4",,"0.076",,3,3,"0.951","0.951",28,28,29,28,1,3,4,2,11,1,"2.14","1.43","-1.43","28.8"
"FF","2024-08-12","95.5","-1.81","5.65","De Los Santos, Enyel",657757,660853,,"ball",,,,,11,"Gavin Sheets doubles (23) on a line drive to left fielder Alex Verdugo.   Andrew Vaughn scores.","R","L","R","CWS","NYY","B",,,0,1,2024,"-1.06","1.24","-1.91","3.1",,683734,,1,7,"Bot",,,,,,,2.1111587910071035,-139.06663314091477,-3.878214937753882,-14.211257232649254,31.857879378822936,-15.470420580697212,"3.46","1.69",,,,"95.1",2214,"6.1",746762,669224,700250,650402,518934,683011,657077,592450,665742,"54.45",,,,,,,,67,2,"4-Seam Fastball",5,2,5,2,2,5,5,2,"Infield shade","Standard",228,"0","0.025",,,,"-0.025",,3,3,"0.951","0.951",28,28,29,28,1,3,4,2,11,1,"1.26","1.06","-1.06","25.5"
"SL","2024-08-12","87.6","-1.8","5.57","De Los Santos, Enyel",657757,660853,,"swinging_strike",,,,,14,"Gavin Sheets doubles (23) on a line drive to left fielder Alex Verdugo.   Andrew Vaughn scores.","R","L","R","CWS","NYY","S",,,0,0,2024,"0.29","0.48","0.82","0.91",,683734,,1,7,"Bot",,,,,,,5.692129971391137,-127.47280374220058,-6.138556128571624,2.109077424723406,24.931815940606302,-25.919001486307128,"3.41","1.64",,,,"87.6",2191,"6.2",746762,669224,700250,650402,518934,683011,657077,592450,665742,"54.31",,,,,,,,67,1,"Slider",5,2,5,2,2,5,5,2,"Infield shade","Standard",217,"0","-0.045","71.9","8.8",,"0.045",,3,3,"0.951","0.951",28,28,29,28,1,3,4,2,11,1,"2.48","-0.29","0.29","27.4"
"SL","2024-08-12","86.7","-2.05","5.51","De Los Santos, Enyel",683734,660853,"double","hit_into_play",,,,,13,"Andrew Vaughn doubles (25) on a line drive to left fielder Alex Verdugo.","R","R","R","CWS","NYY","X",7,"line_drive",0,1,2024,"0.16","0.53","-0.35","1.36",,,,1,7,"Bot",46.74,104.39,,,,,3.7087156900654796,-126.25617955995395,-4.809767711385881,0.9970722879773627,25.681314122300158,-25.765440186712887,"3.19","1.49",266,"90.7",18,"86.5",2157,"6.1",746762,669224,700250,650402,518934,683011,657077,592450,665742,"54.39",0.549,0.516,"1.25",1,1,1,4,66,2,"Slider",5,2,5,2,2,5,5,2,"Standard","Standard",224,"0.01","0.438","72.2","8.2",0.656,"-0.438","90.7",3,3,"0.941","0.941",28,26,29,26,1,3,4,2,11,1,"2.5","-0.16","-0.16","26.7"
"FF","2024-08-12","96.2","-1.84","5.7","De Los Santos, Enyel",683734,660853,,"called_strike",,,,,1,"Andrew Vaughn doubles (25) on a line drive to left fielder Alex Verdugo.","R","R","R","CWS","NYY","S",,,0,0,2024,"-1.12","1.22","-0.55","3.11",,,,1,7,"Bot",,,,,,,5.958395172524708,-139.9978275227859,-4.016543364060366,-16.127969192436932,32.879771144845094,-15.497594413744268,"3.18","1.53",,,,"95.8",2224,"6.1",746762,669224,700250,650402,518934,683011,657077,592450,665742,"54.36",,,,,,,,66,1,"4-Seam Fastball",5,2,5,2,2,5,5,2,"Standard","Standard",226,"0","-0.023",,,,"0.023",,3,3,"0.941","0.941",28,26,29,26,1,3,4,2,11,1,"1.26","1.12","1.12","25.2"
"SL","2024-08-08","86.2","-1.96","5.53","De Los Santos, Enyel",681351,660853,"field_out","hit_into_play",,,,,11,"Logan O'Hoppe pops out to second baseman Gleyber Torres.","R","R","R","NYY","LAA","X",4,"popup",0,0,2024,"0.04","0.69","-1.27","2.75",,,687263,2,6,"Top",148.33,154.75,,,,,1.5599065500436144,-125.46882214962962,-1.724839033358215,0.08155200099152887,28.141761119485878,-24.762435068719405,"3.32","1.52",130,"54",53,"85.6",2232,"6.1",745710,669224,518934,650402,665862,683011,657077,592450,665742,"54.36",0.023,0.021,"0",1,0,0,1,49,1,"Slider",1,8,8,1,8,1,8,1,"Standard","Standard",204,"0.001","-0.228","78.1","6.4",0.023,"0.228","88.0",-7,7,"0.014","0.986",28,24,29,24,1,3,1,1,4,1,"2.4","-0.04","-0.04","27.9"
"FF","2024-08-08","93.9","-1.99","5.37","De Los Santos, Enyel",687263,660853,"hit_by_pitch","hit_by_pitch",,,,,11,"Zach Neto hit by pitch.","R","R","R","NYY","LAA","B",,,3,2,2024,"-1.2","0.89","-1.89","3.61",,,,2,6,"Top",,,,,,,2.9349041485224676,-136.82016885820033,-0.8481519855599632,-15.806315067145496,28.341497706990197,-20.988040314293425,"3.23","1.55",,,,"94.6",2080,"6.5",745710,669224,518934,650402,665862,683011,657077,592450,665742,"54.02",,0.720192,"0.7",1,0,0,,48,8,"4-Seam Fastball",1,8,8,1,8,1,8,1,"Strategic","Standard",225,"0","0.103",,,,"-0.103",,-7,7,"0.014","0.986",28,23,29,23,1,3,1,1,4,1,"1.68","1.2","1.2","22.2"
"SL","2024-08-08","84.7","-1.89","5.33","De Los Santos, Enyel",687263,660853,,"foul",,,,,8,"Zach Neto hit by pitch.","R","R","R","NYY","LAA","S",,,3,2,2024,"0.15","0.29","0.23","1.96",,,,2,6,"Top",,,,,,,4.6837386795127545,-123.36311996655097,-2.148910094364349,0.6513581246407016,24.13948794140308,-28.950912568472415,"3.23","1.55",4,"72.2",-26,"85.5",2227,"6.7",745710,669224,518934,650402,665862,683011,657077,592450,665742,"53.81",,,,,,,,48,7,"Slider",1,8,8,1,8,1,8,1,"Strategic","Standard",185,"0","0","71.4","7.6",,"0","88.0",-7,7,"0.014","0.986",28,23,29,23,1,3,1,1,4,1,"2.87","-0.15","-0.15","21.7"
"SL","2024-08-08","86.5","-1.95","5.4","De Los Santos, Enyel",687263,660853,,"ball",,,,,7,"Zach Neto hit by pitch.","R","R","R","NYY","LAA","B",,,2,2,2024,"-0.07","0.42","-0.71","1.5",,,,2,6,"Top",,,,,,,3.115685678592519,-125.93801335405739,-3.9893468357759274,-1.3312743954267665,25.810042707837255,-27.112076842484868,"3.17","1.55",,,,"87.2",2136,"6.7",745710,669224,518934,650402,665862,683011,657077,592450,665742,"53.76",,,,,,,,48,6,"Slider",1,8,8,1,8,1,8,1,"Strategic","Standard",207,"0","0.041",,,,"-0.041",,-7,7,"0.014","0.986",28,23,29,23,1,3,1,1,4,1,"2.63","0.07","0.07","24.2"
"FF","2024-08-08","95.2","-1.84","5.39","De Los Santos, Enyel",687263,660853,,"foul",,,,,5,"Zach Neto hit by pitch.","R","R","R","NYY","LAA","S",,,2,2,2024,"-1.33","0.96","-0.07","2.68",,,,2,6,"Top",,,,,,,7.718230829004976,-138.43353339077592,-3.626617756907752,-18.893966630206812,31.877508066744472,-19.15823077891111,"3.23","1.55",249,"81.6",56,"95.9",2196,"6.8",745710,669224,518934,650402,665862,683011,657077,592450,665742,"53.71",,,,,,,,48,5,"4-Seam Fastball",1,8,8,1,8,1,8,1,"Strategic","Standard",230,"0","0","64.5","5.9",,"0","88.0",-7,7,"0.014","0.986",28,23,29,23,1,3,1,1,4,1,"1.56","1.33","1.33","24.4"
"FF","2024-08-08","96","-1.85","5.35","De Los Santos, Enyel",687263,660853,,"foul",,,,,8,"Zach Neto hit by pitch.","R","R","R","NYY","LAA","S",,,1,1,2024,"-0.98","1.25","-0.05","1.77",,,,2,6,"Top",,,,,,,6.974864304765821,-139.46705288508073,-6.65209192128209,-14.476493349086056,34.45354191437301,-14.474194172471904,"3.23","1.55",,,,"95.5",2210,"6.3",745710,669224,518934,650402,665862,683011,657077,592450,665742,"54.21",,,,,,,,48,3,"4-Seam Fastball",1,8,8,1,8,1,8,1,"Strategic","Standard",232,"0","-0.025","72.4","7.1",,"0.025",,-7,7,"0.014","0.986",28,23,29,23,1,3,1,1,4,1,"1.25","0.98","0.98","22.6"
"SL","2024-08-08","86.5","-2.01","5.39","De Los Santos, Enyel",687263,660853,,"called_strike",,,,,9,"Zach Neto hit by pitch.","R","R","R","NYY","LAA","S",,,1,0,2024,"0.08","0.4","0.75","1.9",,,,2,6,"Top",,,,,,,6.422189184685975,-125.76888058251639,-2.8967427315085787,-0.4748389980334216,26.113144964324032,-27.55793099654858,"3.19","1.59",,,,"86.6",2242,"6.5",745710,669224,518934,650402,665862,683011,657077,592450,665742,"54.04",,,,,,,,48,2,"Slider",1,8,8,1,8,1,8,1,"Strategic","Standard",208,"0","-0.02",,,,"0.02",,-7,7,"0.014","0.986",28,23,29,23,1,3,1,1,4,1,"2.66","-0.08","-0.08","23.5"
"FF","2024-08-08","96","-1.86","5.44","De Los Santos, Enyel",687263,660853,,"ball",,,,,11,"Zach Neto hit by pitch.","R","R","R","NYY","LAA","B",,,0,0,2024,"-1.11","1.06","-1.35","2.93",,,,2,6,"Top",,,,,,,3.932514012183628,-139.658292672722,-3.4656387850915786,-15.405313393368704,34.18463155863137,-17.768671160685297,"3.23","1.59",,,,"97.2",2169,"7.2",745710,669224,518934,650402,665862,683011,657077,592450,665742,"53.34",,,,,,,,48,1,"4-Seam Fastball",1,8,8,1,8,1,8,1,"Strategic","Standard",231,"0","0.015",,,,"-0.015",,-7,7,"0.014","0.986",28,23,29,23,1,3,1,1,4,1,"1.43","1.11","1.11","27.2"
"CH","2024-08-08","88.1","-1.86","5.48","De Los Santos, Enyel",694384,660853,"strikeout","swinging_strike",,,,,13,"Nolan Schanuel strikes out swinging.","R","L","R","NYY","LAA","S",2,,0,2,2024,"-1.55","0.8","-0.86","1.31",,,,1,6,"Top",,,,,,,5.6961035134649896,-128.08993914138378,-5.689845729940453,-18.210010996816038,28.564232090455082,-22.311363600705608,"3.3","1.64",,,,"88.5",1866,"6.8",745710,669224,518934,650402,665862,683011,657077,592450,665742,"53.71",,0,"0",1,0,0,,47,3,"Changeup",1,8,8,1,8,1,8,1,"Infield shade","Standard",242,"0.001","-0.102","62.5","7.2",,"0.102",,-7,7,"0.013","0.987",28,22,29,22,1,3,1,1,4,1,"2.16","1.55","-1.55","25.5"
"FF","2024-08-08","94.8","-1.97","5.46","De Los Santos, Enyel",694384,660853,,"foul_tip",,,,,11,"Nolan Schanuel strikes out swinging.","R","L","R","NYY","LAA","S",,,0,1,2024,"-1.07","1.13","-1.19","3.31",,,,1,6,"Top",,,,,,,4.461251160341746,-137.96788587098695,-2.4651365900718947,-14.719083461268248,32.58755428857594,-17.46608973484396,"3.3","1.64",,,,"94.9",2142,"6.5",745710,669224,518934,650402,665862,683011,657077,592450,665742,"54.05",,,,,,,,47,2,"4-Seam Fastball",1,8,8,1,8,1,8,1,"Infield shade","Standard",228,"0","-0.036",,,,"0.036",,-7,7,"0.013","0.987",28,22,29,22,1,3,1,1,4,1,"1.42","1.07","-1.07","24.2"
"FF","2024-08-08","95.4","-1.83","5.57","De Los Santos, Enyel",694384,660853,,"foul",,,,,4,"Nolan Schanuel strikes out swinging.","R","L","R","NYY","LAA","S",,,0,0,2024,"-0.95","1.19","-0.42","2.43",,,,1,6,"Top",,,,,,,5.829472579680996,-138.77710945199362,-5.267371057479144,-13.52393211507977,31.38056848004906,-15.848735584605132,"3.3","1.64",219,"76",48,"95.3",2249,"6.3",745710,669224,518934,650402,665862,683011,657077,592450,665742,"54.25",,,,,,,,47,1,"4-Seam Fastball",1,8,8,1,8,1,8,1,"Infield shade","Standard",229,"0","-0.023",,,,"0.023","88.0",-7,7,"0.013","0.987",28,22,29,22,1,3,1,1,4,1,"1.32","0.95","-0.95","26.7"
"FF","2024-08-08","96","-1.72","5.42","De Los Santos, Enyel",683021,660853,"strikeout","called_strike",,,,,9,"Michael Stefanic called out on strikes.","R","R","R","NYY","LAA","S",2,,0,2,2024,"-1.11","1.1","0.83","2.1",,,,0,6,"Top",,,,,,,9.325107671362495,-139.32664161873336,-5.671804835440182,-16.636838971265966,33.36464528736443,-16.69793625733539,"3.27","1.59",,,,"96.3",2328,"6.8",745710,669224,518934,650402,665862,683011,657077,592450,665742,"53.72",,0,"0",1,0,0,,46,3,"4-Seam Fastball",1,8,8,1,8,1,8,1,"Standard","Standard",234,"0.001","-0.146",,,,"0.146",,-7,7,"0.012","0.988",28,28,29,28,1,2,1,1,4,1,"1.4","1.11","1.11","28.9"
"FF","2024-08-08","95.5","-1.94","5.49","De Los Santos, Enyel",683021,660853,,"called_strike",,,,,6,"Michael Stefanic called out on strikes.","R","R","R","NYY","LAA","S",,,0,1,2024,"-1.26","1.27","0.63","2.52",,,,0,6,"Top",,,,,,,9.723275635999416,-138.6491539117241,-5.053058105379711,-18.482681799490894,34.14778322591554,-14.783910594676934,"3.31","1.59",,,,"96.2",2282,"7",745710,669224,518934,650402,665862,683011,657077,592450,665742,"53.46",,,,,,,,46,2,"4-Seam Fastball",1,8,8,1,8,1,8,1,"Standard","Standard",230,"0","-0.049",,,,"0.049",,-7,7,"0.012","0.988",28,28,29,28,1,2,1,1,4,1,"1.26","1.26","1.26","24.7"
"FF","2024-08-08","94.2","-1.86","5.53","De Los Santos, Enyel",683021,660853,,"called_strike",,,,,1,"Michael Stefanic called out on strikes.","R","R","R","NYY","LAA","S",,,0,0,2024,"-1.08","1.22","-0.44","3.17",,,,0,6,"Top",,,,,,,6.167905332513417,-136.97711322776306,-3.095373912062889,-15.000839771994116,33.58964933093856,-16.437332275548858,"3.24","1.59",,,,"95",2191,"7",745710,669224,518934,650402,665862,683011,657077,592450,665742,"53.47",,,,,,,,46,1,"4-Seam Fastball",1,8,8,1,8,1,8,1,"Standard","Standard",228,"0","-0.033",,,,"0.033",,-7,7,"0.012","0.988",28,28,29,28,1,2,1,1,4,1,"1.38","1.08","1.08","24.6"
"CH","2024-08-08","87.3","-1.92","5.62","De Los Santos, Enyel",666160,660853,"single","hit_into_play",,,,,7,"Mickey Moniak singles on a line drive to right fielder Juan Soto.   Jo Adell scores.  Mickey Moniak out at 2nd on the throw, right fielder Juan Soto to first baseman DJ LeMahieu to shortstop Anthony Volpe.   Brandon Drury to 3rd.","R","L","R","NYY","LAA","X",9,"line_drive",1,1,2024,"-1.4","0.7","-0.29","1.84",,666176,592273,2,5,"Top",168.83,131.33,,,,,6.8547502371903555,-126.9521480909157,-4.405344418125106,-16.55100085632167,26.15805393276441,-23.90929010932387,"3.38","1.55",158,"99.8",8,"87.7",1874,"6.6",745710,669224,518934,650402,665862,683011,657077,592450,665742,"53.89",0.649,0.617,"0.9",1,1,0,4,41,3,"Changeup",1,7,7,1,8,1,8,1,"Infield shade","Standard",240,"-0.012","0.923","77.4","8.2",0.763,"-0.923","99.8",-6,6,"0.034","0.966",28,26,29,26,1,2,1,1,4,3,"2.3","1.4","-1.4","28.6"
"CH","2024-08-08","88.6","-1.99","5.59","De Los Santos, Enyel",666160,660853,,"ball",,,,,11,"Mickey Moniak singles on a line drive to right fielder Juan Soto.   Jo Adell scores.  Mickey Moniak out at 2nd on the throw, right fielder Juan Soto to first baseman DJ LeMahieu to shortstop Anthony Volpe.   Brandon Drury to 3rd.","R","L","R","NYY","LAA","B",,,0,1,2024,"-1.53","0.78","-1.36","2.6",,666176,592273,2,5,"Top",,,,,,,4.712467892598447,-128.9810247454438,-2.8741230298883376,-18.026172750955794,26.78812175417259,-23.102298929857493,"3.38","1.59",,,,"88.6",1915,"6.3",745710,669224,518934,650402,665862,683011,657077,592450,665742,"54.21",,,,,,,,41,2,"Changeup",1,7,7,1,7,1,7,1,"Infield shade","Standard",236,"0","0.053",,,,"-0.053",,-6,6,"0.034","0.966",28,26,29,26,1,2,1,1,4,3,"2.12","1.53","-1.53","26.7"
"FF","2024-08-08","94.5","-1.96","5.57","De Los Santos, Enyel",666160,660853,,"foul",,,,,1,"Mickey Moniak singles on a line drive to right fielder Juan Soto.   Jo Adell scores.  Mickey Moniak out at 2nd on the throw, right fielder Juan Soto to first baseman DJ LeMahieu to shortstop Anthony Volpe.   Brandon Drury to 3rd.","R","L","R","NYY","LAA","S",,,0,0,2024,"-0.96","1.04","-0.81","3.12",,666176,592273,2,5,"Top",,,,,,,5.1607913492718716,-137.58482253645062,-3.0449206758797183,-13.312104394248855,31.320083818056908,-18.448834428994637,"3.38","1.55",213,"82.2",59,"95",2048,"6.6",745710,669224,518934,650402,665862,683011,657077,592450,665742,"53.86",,,,,,,,41,1,"4-Seam Fastball",1,7,7,1,7,1,7,1,"Infield shade","Standard",227,"0","-0.077","71.0","6.9",,"0.077","88.0",-6,6,"0.034","0.966",28,26,29,26,1,2,1,1,4,3,"1.51","0.96","-0.96","28.6"
"FF","2024-08-08","96.1","-1.81","5.54","De Los Santos, Enyel",592273,660853,"hit_by_pitch","hit_by_pitch",,,,,11,"Brandon Drury hit by pitch.","R","R","R","NYY","LAA","B",,,0,2,2024,"-0.99","0.87","-1.9","3.52",,666176,,2,5,"Top",,,,,,,2.029467797548484,-139.99245838147743,-1.7722067852731826,-13.54403302884027,30.932281581214294,-20.548989198098596,"3.65","1.68",,,,"97.1",2115,"6.8",745710,669224,518934,650402,665862,683011,657077,592450,665742,"53.75",,0.720192,"0.7",1,0,0,,40,4,"4-Seam Fastball",1,7,7,1,7,1,7,1,"Standard","Standard",227,"0","0.243",,,,"-0.243",,-6,6,"0.034","0.966",28,31,29,32,1,2,1,1,4,1,"1.59","0.99","0.99","24.5"
"SL","2024-08-08","86.7","-2.07","5.47","De Los Santos, Enyel",592273,660853,,"foul",,,,,5,"Brandon Drury hit by pitch.","R","R","R","NYY","LAA","S",,,0,2,2024,"-0.15","0.64","-0.26","2.41",,666176,,2,5,"Top",,,,,,,4.62383223762669,-126.16080110639867,-2.408860644268677,-2.587452579857411,26.329196971703666,-25.019618124373313,"3.65","1.68",6,"80.3",-24,"86.3",2195,"6.1",745710,669224,518934,650402,665862,683011,657077,592450,665742,"54.41",,,,,,,,40,3,"Slider",1,7,7,1,7,1,7,1,"Standard","Standard",198,"0","0","78.4","7.8",,"0","88.0",-6,6,"0.034","0.966",28,31,29,32,1,2,1,1,4,1,"2.39","0.15","0.15","22.1"
"SL","2024-08-08","87.8","-1.95","5.46","De Los Santos, Enyel",592273,660853,,"swinging_strike",,,,,14,"Brandon Drury hit by pitch.","R","R","R","NYY","LAA","S",,,0,1,2024,"-0.14","0.7","0.74","1.1",,666176,,2,5,"Top",,,,,,,6.744774348649015,-127.5615609752148,-5.771399039603889,-3.0262195765325655,27.838359366966387,-23.50717570082162,"3.65","1.68",,,,"86.8",2213,"5.9",745710,669224,518934,650402,665862,683011,657077,592450,665742,"54.59",,,,,,,,40,2,"Slider",1,7,7,1,7,1,7,1,"Standard","Standard",216,"0","-0.074",,,,"0.074",,-6,6,"0.034","0.966",28,31,29,32,1,2,1,1,4,1,"2.28","0.14","0.14","21.5"
"FF","2024-08-08","96.6","-1.78","5.46","De Los Santos, Enyel",592273,660853,,"swinging_strike",,,,,1,"Brandon Drury hit by pitch.","R","R","R","NYY","LAA","S",,,0,0,2024,"-0.9","1.41","-0.56","3.7",,666176,,2,5,"Top",,,,,,,5.375621265847626,-140.56098652787907,-2.35041610991326,-13.213150188341384,34.5157046068448,-13.225677896049296,"3.65","1.68",,,,"97.6",2221,"7",745710,669224,518934,650402,665862,683011,657077,592450,665742,"53.47",,,,,,,,40,1,"4-Seam Fastball",1,7,7,1,7,1,7,1,"Standard","Standard",230,"0","-0.045","49.1","5.5",,"0.045",,-6,6,"0.034","0.966",28,31,29,32,1,2,1,1,4,1,"1.05","0.9","0.9","21.0"
"FF","2024-08-08","95.8","-1.73","5.46","De Los Santos, Enyel",666176,660853,"double","hit_into_play",,,,,8,"Jo Adell doubles (11) on a line drive to center fielder Aaron Judge, deflected by right fielder Juan Soto.   Logan O'Hoppe scores.    Kevin Pillar scores.    Anthony Rendon scores.","R","R","R","NYY","LAA","X",9,"line_drive",2,2,2024,"-1.05","1.35","-0.08","2.37",681351,607680,543685,2,5,"Top",161.43,107.18,,,,,6.814732961576927,-139.18358217388854,-5.583408885242444,-15.230110067508999,34.61937936567727,-13.604592921269797,"3.66","1.81",247,"89.7",16,"96.1",2271,"6.8",745710,669224,518934,650402,665862,683011,657077,592450,665742,"53.69",0.929,0.908,"1.25",1,1,1,4,39,6,"4-Seam Fastball",1,4,4,1,7,1,7,1,"Standard","Standard",229,"-0.109","2.311","78.0","6.9",1.131,"-2.311","89.7",-3,3,"0.143","0.857",28,25,29,25,1,2,1,1,4,1,"1.17","1.05","1.05","21.1"
"FF","2024-08-08","96.7","-1.87","5.44","De Los Santos, Enyel",666176,660853,,"foul",,,,,4,"Jo Adell doubles (11) on a line drive to center fielder Aaron Judge, deflected by right fielder Juan Soto.   Logan O'Hoppe scores.    Kevin Pillar scores.    Anthony Rendon scores.","R","R","R","NYY","LAA","S",,,2,2,2024,"-0.94","1.11","-0.72","2.45",681351,607680,543685,2,5,"Top",,,,,,,5.255428045095145,-140.6562774450407,-4.925716926600335,-13.760101990293125,36.08995878778137,-16.553104458815938,"3.66","1.81",5,"69.7",-29,"96.9",2271,"6.7",745710,669224,518934,650402,665862,683011,657077,592450,665742,"53.8",,,,,,,,39,5,"4-Seam Fastball",1,4,4,1,4,1,4,1,"Standard","Standard",225,"0","0","77.3","7.1",,"0","88.0",-3,3,"0.143","0.857",28,25,29,25,1,2,1,1,4,1,"1.36","0.94","0.94","24.0"
"SL","2024-08-08","87.1","-1.9","5.39","De Los Santos, Enyel",666176,660853,,"ball",,,,,14,"Jo Adell doubles (11) on a line drive to center fielder Aaron Judge, deflected by right fielder Juan Soto.   Logan O'Hoppe scores.    Kevin Pillar scores.    Anthony Rendon scores.","R","R","R","NYY","LAA","B",,,1,2,2024,"-0.15","0.3","0.4","0.96",681351,607680,543685,2,5,"Top",,,,,,,5.867478174382398,-126.60138309836299,-5.042472877500146,-2.878326341919579,28.47493573730245,-28.0251369228116,"3.55","1.85",,,,"87.2",2180,"6.7",745710,669224,518934,650402,665862,683011,657077,592450,665742,"53.84",,,,,,,,39,4,"Slider",1,4,4,1,4,1,4,1,"Standard","Standard",215,"0","0.152",,,,"-0.152",,-3,3,"0.143","0.857",28,25,29,25,1,2,1,1,4,1,"2.73","0.15","0.15","26.3"
"SL","2024-08-08","86.3","-1.97","5.47","De Los Santos, Enyel",666176,660853,,"foul",,,,,7,"Jo Adell doubles (11) on a line drive to center fielder Aaron Judge, deflected by right fielder Juan Soto.   Logan O'Hoppe scores.    Kevin Pillar scores.    Anthony Rendon scores.","R","R","R","NYY","LAA","S",,,1,1,2024,"-0.04","0.42","-0.59","2.21",681351,607680,543685,2,5,"Top",,,,,,,3.362950141576348,-125.64804392798803,-2.429996030394384,-1.1147892512738895,24.437207213984962,-27.41049140958611,"3.66","1.81",57,"109.4",0,"86.5",2169,"6.3",745710,669224,518934,650402,665862,683011,657077,592450,665742,"54.18",,,,,,,,39,3,"Slider",1,4,4,1,4,1,4,1,"Standard","Standard",215,"0","-0.146","83.7","8.3",,"0.146","109.4",-3,3,"0.143","0.857",28,25,29,25,1,2,1,1,4,1,"2.62","0.04","0.04","24.2"
"SL","2024-08-08","86.5","-1.82","5.53","De Los Santos, Enyel",666176,660853,,"called_strike",,,,,3,"Jo Adell doubles (11) on a line drive to center fielder Aaron Judge, deflected by right fielder Juan Soto.   Logan O'Hoppe scores.    Kevin Pillar scores.    Anthony Rendon scores.","R","R","R","NYY","LAA","S",,,1,0,2024,"-0.12","0.65","0.6","3.18",681351,607680,543685,2,5,"Top",,,,,,,6.020656672113723,-125.77226667478591,-0.6789715801711591,-2.5463226340806004,26.687722696708715,-25.393590217698968,"3.55","1.77",,,,"86.6",2177,"6.5",745710,669224,518934,650402,665862,683011,657077,592450,665742,"53.98",,,,,,,,39,2,"Slider",1,4,4,1,4,1,4,1,"Standard","Standard",193,"0","-0.126",,,,"0.126",,-3,3,"0.143","0.857",28,25,29,25,1,2,1,1,4,1,"2.41","0.12","0.12","25.6"
"SL","2024-08-08","88.9","-1.98","5.42","De Los Santos, Enyel",666176,660853,,"ball",,,,,14,"Jo Adell doubles (11) on a line drive to center fielder Aaron Judge, deflected by right fielder Juan Soto.   Logan O'Hoppe scores.    Kevin Pillar scores.    Anthony Rendon scores.","R","R","R","NYY","LAA","B",,,0,0,2024,"-0.24","0.64","1.17","0.92",681351,607680,543685,2,5,"Top",,,,,,,8.206466167888754,-129.1079149449428,-6.333146966401215,-4.364714884636537,25.890097617780462,-23.884227351575813,"3.48","1.66",,,,"88.9",2193,"6.3",745710,669224,518934,650402,665862,683011,657077,592450,665742,"54.16",,,,,,,,39,1,"Slider",1,4,4,1,4,1,4,1,"Standard","Standard",217,"0","0.089",,,,"-0.089",,-3,3,"0.143","0.857",28,25,29,25,1,2,1,1,4,1,"2.25","0.24","0.24","21.9"
"SL","2024-08-08","85.7","-2.01","5.43","De Los Santos, Enyel",543685,660853,"walk","ball",,,,,13,"Anthony Rendon walks.   Logan O'Hoppe to 3rd.    Kevin Pillar to 2nd.","R","R","R","NYY","LAA","B",,,3,2,2024,"-0.08","0.39","-1.37","1.91",,681351,607680,2,5,"Top",,,,,,,1.6738308770940962,-124.86252986470892,-2.921924024207458,-1.1860636579653516,23.1209101286419,-27.696032436211173,"3.26","1.61",,,,"86.3",2082,"6.4",745710,669224,518934,650402,665862,683011,657077,592450,665742,"54.09",,0.689131,"0.7",1,0,0,,38,6,"Slider",1,4,4,1,4,1,4,1,"Standard","Standard",195,"-0.014","0.345",,,,"-0.345",,-3,3,"0.157","0.843",28,34,29,34,1,2,1,1,4,1,"2.68","0.08","0.08","27.3"
"SL","2024-08-08","84.9","-2.09","5.53","De Los Santos, Enyel",543685,660853,,"foul",,,,,7,"Anthony Rendon walks.   Logan O'Hoppe to 3rd.    Kevin Pillar to 2nd.","R","R","R","NYY","LAA","S",,,3,1,2024,"-0.1","0.43","-0.43","1.94",,681351,607680,2,5,"Top",,,,,,,4.073826095058701,-123.59138675179263,-2.91161199169965,-1.8596174218093582,25.544341093307438,-27.35594860634172,"3.3","1.54",5,"74.8",-23,"84.5",2182,"6.1",745710,669224,518934,650402,665862,683011,657077,592450,665742,"54.38",,,,,,,,38,5,"Slider",1,4,4,1,4,1,4,1,"Standard","Standard",202,"0","-0.118","68.9","8.2",,"0.118","88.0",-3,3,"0.157","0.843",28,34,29,34,1,2,1,1,4,1,"2.74","0.1","0.1","25.7"
"FF","2024-08-08","95.3","-1.92","5.6","De Los Santos, Enyel",543685,660853,,"called_strike",,,,,5,"Anthony Rendon walks.   Logan O'Hoppe to 3rd.    Kevin Pillar to 2nd.","R","R","R","NYY","LAA","S",,,3,0,2024,"-1.12","1.02","-0.02","2.38",,681351,607680,2,5,"Top",,,,,,,7.496707900237765,-138.45655977194858,-5.079860577818561,-16.053616159060386,32.296794938495516,-18.086736736820914,"3.08","1.47",,,,"95",2204,"6.3",745710,669224,518934,650402,665862,683011,657077,592450,665742,"54.17",,,,,,,,38,4,"4-Seam Fastball",1,4,4,1,4,1,4,1,"Standard","Standard",230,"0","-0.092",,,,"0.092",,-3,3,"0.157","0.843",28,34,29,34,1,2,1,1,4,1,"1.51","1.12","1.12","28.2"
"FF","2024-08-08","94.9","-1.91","5.55","De Los Santos, Enyel",543685,660853,,"ball",,,,,13,"Anthony Rendon walks.   Logan O'Hoppe to 3rd.    Kevin Pillar to 2nd.","R","R","R","NYY","LAA","B",,,2,0,2024,"-1.07","1.24","-1.31","2.25",,681351,607680,2,5,"Top",,,,,,,3.9698567508077898,-138.0045761477161,-5.72859456329965,-14.57272927164725,32.14401750219077,-15.25296390601558,"3.23","1.58",,,,"94.7",2267,"6.3",745710,669224,518934,650402,665862,683011,657077,592450,665742,"54.17",,,,,,,,38,3,"4-Seam Fastball",1,4,4,1,4,1,4,1,"Standard","Standard",225,"0","0.127",,,,"-0.127",,-3,3,"0.157","0.843",28,34,29,34,1,2,1,1,4,1,"1.3","1.07","1.07","26.7"
"FF","2024-08-08","95.3","-2.02","5.53","De Los Santos, Enyel",543685,660853,,"ball",,,,,14,"Anthony Rendon walks.   Logan O'Hoppe to 3rd.    Kevin Pillar to 2nd.","R","R","R","NYY","LAA","B",,,1,0,2024,"-1.23","1.09","1.07","1.1",,681351,607680,2,5,"Top",,,,,,,10.856877138440483,-138.18111250564448,-8.398108539089804,-18.218566259729048,31.274840496301195,-16.379025025527906,"3.26","1.65",,,,"95",2344,"6.3",745710,669224,518934,650402,665862,683011,657077,592450,665742,"54.16",,,,,,,,38,2,"4-Seam Fastball",1,4,4,1,4,1,4,1,"Standard","Standard",229,"0","0.07",,,,"-0.07",,-3,3,"0.157","0.843",28,34,29,34,1,2,1,1,4,1,"1.44","1.23","1.23","26.4"
"FF","2024-08-08","95.6","-1.99","5.64","De Los Santos, Enyel",543685,660853,,"ball",,,,,14,"Anthony Rendon walks.   Logan O'Hoppe to 3rd.    Kevin Pillar to 2nd.","R","R","R","NYY","LAA","B",,,0,0,2024,"-1.09","1.42","1.14","2.11",,681351,607680,2,5,"Top",,,,,,,10.672153137993405,-138.6253714121279,-6.828465826115915,-16.469417030482912,32.21161413705185,-12.451107741507672,"3.12","1.47",,,,"95.2",2341,"6.3",745710,669224,518934,650402,665862,683011,657077,592450,665742,"54.18",,,,,,,,38,1,"4-Seam Fastball",1,4,4,1,4,1,4,1,"Standard","Standard",233,"0","0.042",,,,"-0.042",,-3,3,"0.157","0.843",28,34,29,34,1,2,1,1,4,1,"1.1","1.09","1.09","25.8"
"FF","2024-08-07","95.4","-1.93","5.61","De Los Santos, Enyel",694384,660853,"walk","ball",,,,,13,"Nolan Schanuel walks.","R","L","R","NYY","LAA","B",,,3,0,2024,"-1.31","0.96","-1.22","1.63",,,,0,7,"Top",,,,,,,4.791341647659613,-138.7269965794321,-6.908930526205448,-17.93814219419439,33.482111191224426,-18.393168271470348,"3.64","1.75",,,,"94.7",2233,"6.1",745709,669224,700250,665828,665862,683011,657077,663757,665742,"54.38",,0.689131,"0.7",1,0,0,,61,4,"4-Seam Fastball",5,0,0,5,0,5,0,5,"Infield shade","Standard",227,"-0.015","0.177",,,,"-0.177",,5,-5,"0.972","0.028",28,22,29,22,1,3,3,3,1,0,"1.56","1.31","-1.31","23.7"
"FF","2024-08-07","95.1","-1.98","5.57","De Los Santos, Enyel",694384,660853,,"ball",,,,,14,"Nolan Schanuel walks.","R","L","R","NYY","LAA","B",,,2,0,2024,"-1.18","1.07","0.06","1.14",,,,0,7,"Top",,,,,,,7.945667838727005,-137.97053556615074,-8.21412975483136,-16.861772547560165,33.68181366237277,-16.813947080378593,"3.67","1.78",,,,"94.1",2203,"6.1",745709,669224,700250,665828,665862,683011,657077,663757,665742,"54.41",,,,,,,,61,3,"4-Seam Fastball",5,0,0,5,0,5,0,5,"Infield shade","Standard",228,"0","0.132",,,,"-0.132",,5,-5,"0.972","0.028",28,22,29,22,1,3,3,3,1,0,"1.49","1.18","-1.18","23.6"
"SL","2024-08-07","86.8","-2.19","5.45","De Los Santos, Enyel",694384,660853,,"ball",,,,,13,"Nolan Schanuel walks.","R","L","R","NYY","LAA","B",,,1,0,2024,"-0.08","0.52","-0.32","1.14",,,,0,7,"Top",,,,,,,4.619498507890633,-126.32061704715615,-5.15649454943318,-1.7898876993936104,26.726573021206843,-25.791098382571203,"3.68","1.72",,,,"86.7",2175,"6.3",745709,669224,700250,665828,665862,683011,657077,663757,665742,"54.18",,,,,,,,61,2,"Slider",5,0,0,5,0,5,0,5,"Infield shade","Standard",197,"0","0.062",,,,"-0.062",,5,-5,"0.972","0.028",28,22,29,22,1,3,3,3,1,0,"2.52","0.08","-0.08","24.1"
"CH","2024-08-07","86.8","-1.86","5.76","De Los Santos, Enyel",694384,660853,,"ball",,,,,11,"Nolan Schanuel walks.","R","L","R","NYY","LAA","B",,,0,0,2024,"-1.44","0.69","-1.26","2.81",,,,0,7,"Top",,,,,,,4.407262010065879,-126.35912372746053,-2.280217450662193,-16.275589570503147,26.932101865505352,-24.543899403402463,"3.69","1.73",,,,"87.3",1918,"6.7",745709,669224,700250,665828,665862,683011,657077,663757,665742,"53.79",,,,,,,,61,1,"Changeup",5,0,0,5,0,5,0,5,"Infield shade","Standard",232,"0","0.034",,,,"-0.034",,5,-5,"0.972","0.028",28,22,29,22,1,3,3,3,1,0,"2.34","1.44","-1.44","28.0"
"SL","2024-08-07","87.2","-2.12","5.42","De Los Santos, Enyel",666176,660853,"field_out","hit_into_play",,,,,5,"Jo Adell lines out to right fielder Juan Soto.","R","R","R","NYY","LAA","X",9,"line_drive",0,0,2024,"0.37","0.39","-0.23","2.87",,543685,592273,2,6,"Top",167.69,82.68,,,,,3.796426297087774,-126.94922293744001,-0.7686546328188268,3.260591974586738,25.98651105355795,-28.03931453599945,"3.65","1.78",307,"90.6",25,"87.5",2215,"6.4",745709,669224,700250,665828,665862,683011,657077,663757,665742,"54.06",0.106,0.121,"0",1,0,0,3,55,1,"Slider",5,0,0,5,0,5,0,5,"Standard","Standard",180,"0.017","-0.444","78.1","6.9",0.203,"0.444","90.6",5,-5,"0.96","0.04",28,25,29,25,1,2,3,3,1,0,"2.61","-0.37","-0.37","24.6"
"FF","2024-08-07","97.5","-1.95","5.56","De Los Santos, Enyel",592273,660853,"walk","ball",,,,,4,"Brandon Drury walks.","R","R","R","NYY","LAA","B",,,3,2,2024,"-0.8","1.03","-0.81","2.88",,543685,,2,6,"Top",,,,,,,4.906197838008086,-141.76654195671037,-3.99543697563656,-11.986138442528238,35.25228964442565,-17.58448991743018,"3.65","1.79",,,,"97",2199,"6.2",745709,669224,700250,665828,665862,683011,657077,663757,665742,"54.26",,0.689131,"0.7",1,0,0,,54,7,"4-Seam Fastball",5,0,0,5,0,5,0,5,"Standard","Standard",229,"-0.007","0.127",,,,"-0.127",,5,-5,"0.967","0.033",28,31,29,32,1,2,3,4,1,1,"1.39","0.8","0.8","23.8"
"SL","2024-08-07","87.7","-2.11","5.51","De Los Santos, Enyel",592273,660853,,"foul",,,,,9,"Brandon Drury walks.","R","R","R","NYY","LAA","S",,,3,2,2024,"0.13","0.67","0.69","1.9",,543685,,2,6,"Top",,,,,,,6.523127969818424,-127.62343342908993,-4.000477414681427,0.054153395581243005,26.825734636610363,-24.22006551938573,"3.64","1.68",4,"71.8",-26,"87.9",2325,"6.5",745709,669224,700250,665828,665862,683011,657077,663757,665742,"54.01",,,,,,,,54,6,"Slider",5,0,0,5,0,5,0,5,"Standard","Standard",206,"0","0","74.6","8.3",,"0","88.0",5,-5,"0.967","0.033",28,31,29,32,1,2,3,4,1,1,"2.3","-0.13","-0.13","26.1"
"SL","2024-08-07","88.2","-2.07","5.46","De Los Santos, Enyel",592273,660853,,"ball",,,,,14,"Brandon Drury walks.","R","R","R","NYY","LAA","B",,,2,2,2024,"0.11","0.78","1.84","0.94",,543685,,2,6,"Top",,,,,,,9.290946864398125,-127.94142439867541,-6.456106100454743,-0.8052069089464288,27.643707328758634,-22.39520660309103,"3.72","1.81",,,,"88.1",2321,"6.5",745709,669224,700250,665828,665862,683011,657077,663757,665742,"54.01",,,,,,,,54,5,"Slider",5,0,0,5,0,5,0,5,"Standard","Standard",208,"0","0.054",,,,"-0.054",,5,-5,"0.967","0.033",28,31,29,32,1,2,3,4,1,1,"2.18","-0.11","-0.11","23.3"
"SL","2024-08-07","88.6","-2.26","5.53","De Los Santos, Enyel",592273,660853,,"ball",,,,,14,"Brandon Drury walks.","R","R","R","NYY","LAA","B",,,1,2,2024,"-0.18","0.78","0.16","0.81",,543685,,2,6,"Top",,,,,,,6.286728424022763,-128.72707312771394,-7.064641173784513,-3.3597892956797173,27.5440812673069,-22.173559363168952,"3.69","1.81",,,,"88.6",2186,"6.5",745709,669224,700250,665828,665862,683011,657077,663757,665742,"54.04",,,,,,,,54,4,"Slider",5,0,0,5,0,5,0,5,"Standard","Standard",220,"0","0.041",,,,"-0.041",,5,-5,"0.967","0.033",28,31,29,32,1,2,3,4,1,1,"2.14","0.18","0.18","27.5"
"FF","2024-08-07","96.4","-2.03","5.51","De Los Santos, Enyel",592273,660853,,"foul",,,,,9,"Brandon Drury walks.","R","R","R","NYY","LAA","S",,,1,1,2024,"-0.82","1.18","0.57","1.96",,543685,,2,6,"Top",,,,,,,8.756706564898044,-139.91280438835435,-6.4741902449990985,-12.813695674141487,33.16236219148394,-15.354036058709704,"3.64","1.68",251,"82",34,"96",2275,"6.3",745709,669224,700250,665828,665862,683011,657077,663757,665742,"54.19",,,,,,,,54,3,"4-Seam Fastball",5,0,0,5,0,5,0,5,"Standard","Standard",227,"0","-0.066","69.3","7.0",,"0.066","88.0",5,-5,"0.967","0.033",28,31,29,32,1,2,3,4,1,1,"1.3","0.82","0.82","21.7"
"SL","2024-08-07","86.9","-2.09","5.47","De Los Santos, Enyel",592273,660853,,"called_strike",,,,,7,"Brandon Drury walks.","R","R","R","NYY","LAA","S",,,1,0,2024,"0","0.69","-0.48","2.31",,543685,,2,6,"Top",,,,,,,3.8785594038775746,-126.54570770263201,-2.818969929975161,-0.7527038852002407,24.8859562077873,-24.431044467682145,"3.64","1.8",,,,"87.5",2261,"6.5",745709,669224,700250,665828,665862,683011,657077,663757,665742,"53.98",,,,,,,,54,2,"Slider",5,0,0,5,0,5,0,5,"Standard","Standard",195,"0","-0.048",,,,"0.048",,5,-5,"0.967","0.033",28,31,29,32,1,2,3,4,1,1,"2.32","0","0","24.9"
"SL","2024-08-07","87.6","-1.98","5.53","De Los Santos, Enyel",592273,660853,,"ball",,,,,14,"Brandon Drury walks.","R","R","R","NYY","LAA","B",,,0,0,2024,"-0.11","0.53","1.8","1.44",,543685,,2,6,"Top",,,,,,,9.360809105440577,-127.12689987357258,-4.784686182683304,-3.2122606692592135,27.04412411740589,-25.57793476606223,"3.37","1.68",,,,"87.6",2301,"6.5",745709,669224,700250,665828,665862,683011,657077,663757,665742,"54",,,,,,,,54,1,"Slider",5,0,0,5,0,5,0,5,"Standard","Standard",205,"0","0.016",,,,"-0.016",,5,-5,"0.967","0.033",28,31,29,32,1,2,3,4,1,1,"2.46","0.11","0.11","26.1"
"CH","2024-08-07","88.1","-2.01","5.58","De Los Santos, Enyel",666160,660853,"field_out","hit_into_play",,,,,13,"Mickey Moniak pops out to shortstop Anthony Volpe.","R","L","R","NYY","LAA","X",6,"popup",0,1,2024,"-1.31","1.05","-0.46","1.06",,543685,,1,6,"Top",129.45,129.44,,,,,6.513255655240638,-128.04538309495342,-7.1415131823800415,-15.767967509560316,23.610200270871115,-19.40871397803267,"3.38","1.55",177,"70.9",51,"88.8",2045,"6.6",745709,669224,700250,665828,665862,683011,657077,663757,665742,"53.92",0.106,0.097,"0",1,0,0,3,53,2,"Changeup",5,0,0,5,0,5,0,5,"Infield shade","Standard",233,"0.014","-0.277","71.6","8.7",0.125,"0.277","88.0",5,-5,"0.953","0.047",28,26,29,26,1,2,3,5,1,0,"1.87","1.31","-1.31","27.3"
"FF","2024-08-07","96.8","-1.97","5.54","De Los Santos, Enyel",666160,660853,,"called_strike",,,,,8,"Mickey Moniak pops out to shortstop Anthony Volpe.","R","L","R","NYY","LAA","S",,,0,0,2024,"-1.01","0.94","-0.1","1.56",,543685,,1,6,"Top",,,,,,,7.3198123561936335,-140.6324504429975,-7.209998733436037,-15.01064241555517,31.613319346867183,-18.27340261959695,"3.38","1.66",,,,"97.1",2250,"6.5",745709,669224,700250,665828,665862,683011,657077,663757,665742,"53.97",,,,,,,,53,1,"4-Seam Fastball",5,0,0,5,0,5,0,5,"Infield shade","Standard",227,"0","-0.045",,,,"0.045",,5,-5,"0.953","0.047",28,26,29,26,1,2,3,5,1,0,"1.5","1.01","-1.01","26.9"
"FF","2024-08-07","96.5","-1.99","5.5","De Los Santos, Enyel",543685,660853,"double","hit_into_play",,,,,4,"Anthony Rendon doubles (7) on a sharp line drive to left fielder Alex Verdugo.","R","R","R","NYY","LAA","X",7,"line_drive",2,2,2024,"-1.09","1.1","-0.31","2.62",,,,1,6,"Top",55.68,97.06,,,,,6.96330019139707,-140.31910706307823,-4.5698180235483665,-15.989736515566053,34.72892615291274,-16.790777749961787,"3.29","1.54",306,"101.7",17,"96.2",2197,"6.4",745709,669224,700250,665828,665862,683011,657077,663757,665742,"54.12",0.44,0.476,"1.25",1,1,1,5,52,5,"4-Seam Fastball",5,0,0,5,0,5,0,5,"Standard","Standard",230,"-0.015","0.435","68.0","6.8",0.724,"-0.435","101.7",5,-5,"0.968","0.032",28,34,29,34,1,2,3,12,1,1,"1.37","1.09","1.09","23.5"
"SL","2024-08-07","85.9","-2.16","5.56","De Los Santos, Enyel",543685,660853,,"ball",,,,,13,"Anthony Rendon doubles (7) on a sharp line drive to left fielder Alex Verdugo.","R","R","R","NYY","LAA","B",,,1,2,2024,"0.18","0.26","-1.01","1.06",,,,1,6,"Top",,,,,,,2.36042872794434,-125.14130308099548,-4.949634891175399,1.4081554129043572,24.57815563059573,-28.671884105509758,"3.2","1.56",,,,"86.1",2184,"6.3",745709,669224,700250,665828,665862,683011,657077,663757,665742,"54.18",,,,,,,,52,4,"Slider",5,0,0,5,0,5,0,5,"Standard","Standard",188,"0","0.027",,,,"-0.027",,5,-5,"0.968","0.032",28,34,29,34,1,2,3,12,1,1,"2.82","-0.18","-0.18","25.7"
"FF","2024-08-07","95.4","-1.98","5.49","De Los Santos, Enyel",543685,660853,,"ball",,,,,13,"Anthony Rendon doubles (7) on a sharp line drive to left fielder Alex Verdugo.","R","R","R","NYY","LAA","B",,,0,2,2024,"-1","0.9","-1.13","2.12",,,,1,6,"Top",,,,,,,4.468703554632172,-138.88951761286046,-5.249879693817,-13.99985303177117,31.24799067073173,-19.55386305106653,"3.29","1.61",,,,"95.2",2237,"6.1",745709,669224,700250,665828,665862,683011,657077,663757,665742,"54.36",,,,,,,,52,3,"4-Seam Fastball",5,0,0,5,0,5,0,5,"Standard","Standard",225,"0","0.013",,,,"-0.013",,5,-5,"0.968","0.032",28,34,29,34,1,2,3,12,1,1,"1.6","1","1","20.4"
"SL","2024-08-07","84.4","-2.21","5.52","De Los Santos, Enyel",543685,660853,,"called_strike",,,,,2,"Anthony Rendon doubles (7) on a sharp line drive to left fielder Alex Verdugo.","R","R","R","NYY","LAA","S",,,0,1,2024,"0.1","0.31","-0.25","2.78",,,,1,6,"Top",,,,,,,4.386192966770547,-122.96819342297829,-0.6485831321502771,0.1673715984155072,24.27145295945901,-29.077477257089978,"3.29","1.61",,,,"84.8",2184,"6.5",745709,669224,700250,665828,665862,683011,657077,663757,665742,"54.03",,,,,,,,52,2,"Slider",5,0,0,5,0,5,0,5,"Standard","Standard",179,"0","-0.036",,,,"0.036",,5,-5,"0.968","0.032",28,34,29,34,1,2,3,12,1,1,"2.88","-0.1","-0.1","26.3"
"FF","2024-08-07","96.2","-1.92","5.56","De Los Santos, Enyel",543685,660853,,"called_strike",,,,,2,"Anthony Rendon doubles (7) on a sharp line drive to left fielder Alex Verdugo.","R","R","R","NYY","LAA","S",,,0,0,2024,"-0.9","1.18","0.16","2.99",,,,1,6,"Top",,,,,,,7.5431186945059885,-139.91978997624352,-3.8889597818897608,-13.512487312863762,32.43518981197428,-16.036714924710566,"3.31","1.64",,,,"95.9",2186,"6.2",745709,669224,700250,665828,665862,683011,657077,663757,665742,"54.29",,,,,,,,52,1,"4-Seam Fastball",5,0,0,5,0,5,0,5,"Standard","Standard",228,"0","-0.023",,,,"0.023",,5,-5,"0.968","0.032",28,34,29,34,1,2,3,12,1,1,"1.29","0.9","0.9","22.1"
"FF","2024-08-07","96.4","-2.01","5.54","De Los Santos, Enyel",607680,660853,"field_out","hit_into_play",,,,,8,"Kevin Pillar flies out to right fielder Juan Soto.","R","R","R","NYY","LAA","X",9,"fly_ball",0,1,2024,"-0.94","1.31","0.06","1.89",,,,0,6,"Top",171.93,94.2,,,,,7.62167659086146,-139.90144510484254,-6.985953220951547,-14.166128204458996,36.05441836346478,-13.545737557228946,"3.27","1.54",284,"90.8",45,"95.6",2288,"6.3",745709,669224,700250,665828,665862,683011,657077,663757,665742,"54.2",0.006,0.007,"0",1,0,0,3,51,2,"4-Seam Fastball",5,0,0,5,0,5,0,5,"Standard","Standard",228,"0.01","-0.195","72.6","7.8",0.013,"0.195","90.8",5,-5,"0.958","0.042",28,35,29,35,1,2,3,3,1,0,"1.19","0.94","0.94","21.0"
"FF","2024-08-07","96.1","-1.92","5.66","De Los Santos, Enyel",607680,660853,,"called_strike",,,,,5,"Kevin Pillar flies out to right fielder Juan Soto.","R","R","R","NYY","LAA","S",,,0,0,2024,"-0.95","1.19","-0.09","2.24",,,,0,6,"Top",,,,,,,7.037964181758951,-139.58603105567428,-6.125108818826849,-14.024016517859511,33.19293483041874,-15.409069891624808,"3.23","1.65",,,,"96.2",2192,"6.6",745709,669224,700250,665828,665862,683011,657077,663757,665742,"53.92",,,,,,,,51,1,"4-Seam Fastball",5,0,0,5,0,5,0,5,"Standard","Standard",228,"0","-0.033",,,,"0.033",,5,-5,"0.958","0.042",28,35,29,35,1,2,3,3,1,0,"1.3","0.95","0.95","24.9"
"SL","2024-08-04","87.7","-1.97","5.4","De Los Santos, Enyel",676391,660853,"single","hit_into_play",,,,,6,"Ernie Clement singles on a line drive to left fielder Aaron Judge.","R","R","R","NYY","TOR","X",7,"line_drive",0,0,2024,"0.36","0.49","0.34","2.47",,,,2,9,"Top",55.82,108.89,,,,,4.838629346773705,-127.66879235821247,-1.939734097707192,2.8243964000556336,28.19379891881483,-26.59154232282439,"3.32","1.52",202,"87.8",15,"87.6",2195,"6.3",745718,669224,518934,650402,665862,683011,592450,663757,665742,"54.16",0.974,0.936,"0.9",1,1,0,4,77,1,"Slider",3,3,3,3,3,3,3,3,"Standard","Standard",198,"-0.032","0.128","70.4","7.2",1.166,"-0.128","88.0",0,0,"0.602","0.398",28,28,29,28,1,4,2,1,3,2,"2.48","-0.36","-0.36","21.9"
"SL","2024-08-04","85.4","-2.18","5.37","De Los Santos, Enyel",665782,660853,"field_out","hit_into_play",,,,,5,"Luis De Los Santos grounds out, third baseman Jazz Chisholm Jr.  to first baseman DJ LeMahieu.","R","R","R","NYY","TOR","X",5,"ground_ball",1,1,2024,"0.46","0.59","-0.13","2.33",,,,1,9,"Top",91.7,162.68,,,,,3.926318526070543,-124.22934507263474,-1.982904868038962,3.8209096473855846,27.44453613220732,-25.937062127296667,"3.41","1.56",19,"98.6",-6,"85.1",2186,"6.4",745718,669224,518934,650402,665862,683011,592450,663757,665742,"54.12",0.254,0.236,"0",1,0,0,2,76,3,"Slider",3,3,3,3,3,3,3,3,"Strategic","Standard",173,"0.044","-0.154","73.1","8.0",0.265,"0.154","98.6",0,0,"0.558","0.442",28,26,29,26,1,3,2,4,3,7,"2.57","-0.46","-0.46","23.3"
"FF","2024-08-04","96.7","-1.91","5.45","De Los Santos, Enyel",665782,660853,,"foul",,,,,8,"Luis De Los Santos grounds out, third baseman Jazz Chisholm Jr.  to first baseman DJ LeMahieu.","R","R","R","NYY","TOR","S",,,1,0,2024,"-1.03","1.01","0.01","1.77",,,,1,9,"Top",,,,,,,7.497814182788344,-140.5151794651927,-6.567215379587513,-15.353954852991277,32.160239920241494,-17.44375181142194,"3.41","1.56",304,"93",27,"96.9",2322,"6.5",745718,669224,518934,650402,665862,683011,592450,663757,665742,"54",,,,,,,,76,2,"4-Seam Fastball",3,3,3,3,3,3,3,3,"Standard","Standard",228,"0","-0.032","75.1","7.6",,"0.032","93.0",0,0,"0.558","0.442",28,26,29,26,1,3,2,4,3,7,"1.43","1.03","1.03","21.6"
"SL","2024-08-04","86.4","-2.17","5.44","De Los Santos, Enyel",665782,660853,,"ball",,,,,13,"Luis De Los Santos grounds out, third baseman Jazz Chisholm Jr.  to first baseman DJ LeMahieu.","R","R","R","NYY","TOR","B",,,0,0,2024,"0.24","0.66","-1.09","1.11",,,,1,9,"Top",,,,,,,2.062765119644018,-125.75525842085096,-5.368127532467333,2.1153760686702676,27.97656666601678,-24.2989663005494,"3.67","1.76",,,,"86.1",2277,"6.3",745718,669224,518934,650402,665862,683011,592450,663757,665742,"54.22",,,,,,,,76,1,"Slider",3,3,3,3,3,3,3,3,"Standard","Standard",210,"0","0.025",,,,"-0.025",,0,0,"0.558","0.442",28,26,29,26,1,3,2,4,3,7,"2.42","-0.24","-0.24","22.8"
"SL","2024-08-04","85","-2.15","5.44","De Los Santos, Enyel",676914,660853,"strikeout","swinging_strike",,,,,14,"Davis Schneider strikes out swinging.","R","R","R","NYY","TOR","S",2,,0,2,2024,"0.18","0.72","1.42","1.13",,,,0,9,"Top",,,,,,,8.034976486117602,-123.50255851853109,-5.170105172144616,0.07348060538301071,26.885046523707654,-23.894125817786033,"3.08","1.5",,,,"84.9",2182,"6.5",745718,669224,518934,650402,665862,683011,592450,663757,665742,"53.96",,0,"0",1,0,0,,75,3,"Slider",3,3,3,3,3,3,3,3,"Standard","Standard",203,"0.058","-0.146","41.2","7.1",,"0.146",,0,0,"0.5","0.5",28,25,29,25,1,3,2,1,3,3,"2.47","-0.18","-0.18","23.7"
"FF","2024-08-04","96.1","-2.01","5.52","De Los Santos, Enyel",676914,660853,,"called_strike",,,,,7,"Davis Schneider strikes out swinging.","R","R","R","NYY","TOR","S",,,0,1,2024,"-1.09","1.01","-0.43","2.02",,,,0,9,"Top",,,,,,,6.655460316293013,-139.7361590202835,-5.958279442985349,-15.756023547144736,32.14822430390797,-17.777227596463906,"3.18","1.58",,,,"96.3",2202,"6.5",745718,669224,518934,650402,665862,683011,592450,663757,665742,"54.02",,,,,,,,75,2,"4-Seam Fastball",3,3,3,3,3,3,3,3,"Standard","Standard",229,"0","-0.049",,,,"0.049",,0,0,"0.5","0.5",28,25,29,25,1,3,2,1,3,3,"1.47","1.09","1.09","22.5"
"SL","2024-08-04","86.4","-2.19","5.43","De Los Santos, Enyel",676914,660853,,"called_strike",,,,,9,"Davis Schneider strikes out swinging.","R","R","R","NYY","TOR","S",,,0,0,2024,"-0.09","0.73","0.64","1.43",,,,0,9,"Top",,,,,,,6.943294201266525,-125.58328545637437,-4.747366272083447,-2.443162613261456,26.86614502146836,-23.63786602149141,"3.08","1.53",,,,"86.3",2198,"6.4",745718,669224,518934,650402,665862,683011,592450,663757,665742,"54.06",,,,,,,,75,1,"Slider",3,3,3,3,3,3,3,3,"Standard","Standard",213,"0","-0.033",,,,"0.033",,0,0,"0.5","0.5",28,25,29,25,1,3,2,1,3,3,"2.34","0.09","0.09","24.6"
"SL","2024-08-02","87.7","-1.83","5.44","De Los Santos, Enyel",665489,660853,"field_out","hit_into_play",,,,,8,"Vladimir Guerrero Jr.  flies out to left fielder Alex Verdugo.","R","R","R","NYY","TOR","X",7,"fly_ball",0,0,2024,"0.46","0.7","0","1.78",,,,2,8,"Top",90.01,112.64,,,,,3.5057070953483294,-127.6544829120366,-4.169407324143512,4.243210836932264,27.054262682094365,-23.88098825260953,"3.68","1.61",233,"72.5",42,"88.1",2164,"6.6",745719,669224,700250,665828,665862,683011,657077,592450,665742,"53.9",0.283,0.261,"0",1,0,0,3,72,1,"Slider",5,8,8,5,8,5,8,5,"Strategic","Standard",205,"0.003","-0.099","74.1","8.6",0.325,"0.099","88.0",-3,3,"0.076","0.924",28,25,29,25,1,4,5,2,2,1,"2.27","-0.46","-0.46","23.8"
"SL","2024-08-02","87.2","-1.94","5.41","De Los Santos, Enyel",694388,660853,"strikeout","called_strike",,,,,4,"Joey Loperfido called out on strikes.","R","L","R","NYY","TOR","S",2,,3,2,2024,"0.34","0.66","-0.82","2.06",,,,1,8,"Top",,,,,,,1.9638797151214402,-127.02156900550538,-3.2232393113554667,3.2915205547283874,26.96037994316343,-24.579117554303387,"3.17","1.52",,,,"86.9",2247,"6.1",745719,669224,700250,665828,665862,683011,657077,592450,665742,"54.39",,0,"0",1,0,0,,71,6,"Slider",5,8,8,5,8,5,8,5,"Infield shade","Standard",200,"0.004","-0.21",,,,"0.21",,-3,3,"0.072","0.928",28,25,29,25,1,4,5,2,2,1,"2.34","-0.34","0.34","25.3"
"FF","2024-08-02","95.4","-1.9","5.53","De Los Santos, Enyel",694388,660853,,"foul",,,,,5,"Joey Loperfido called out on strikes.","R","L","R","NYY","TOR","S",,,3,1,2024,"-0.88","1.03","0.08","2.39",,,,1,8,"Top",,,,,,,7.154847039889211,-138.79800146046176,-4.937998156885298,-12.948538923887824,31.027567649764833,-17.898445633178984,"3.31","1.56",228,"72.3",40,"95.1",2164,"6.1",745719,669224,700250,665828,665862,683011,657077,592450,665742,"54.39",,,,,,,,71,5,"4-Seam Fastball",5,8,8,5,8,5,8,5,"Infield shade","Standard",232,"0","-0.058","75.1","7.2",,"0.058","88.0",-3,3,"0.072","0.928",28,25,29,25,1,4,5,2,2,1,"1.47","0.88","-0.88","22.7"
"FF","2024-08-02","96.1","-1.8","5.66","De Los Santos, Enyel",694388,660853,,"called_strike",,,,,4,"Joey Loperfido called out on strikes.","R","L","R","NYY","TOR","S",,,3,0,2024,"-0.89","1.13","-0.34","2.67",,,,1,8,"Top",,,,,,,5.854071945862844,-139.83707038625008,-4.877447891402009,-12.966485044818507,32.85064485327626,-16.428845315461405,"3.31","1.6",,,,"95.8",2328,"6.2",745719,669224,700250,665828,665862,683011,657077,592450,665742,"54.3",,,,,,,,71,4,"4-Seam Fastball",5,8,8,5,8,5,8,5,"Infield shade","Standard",222,"0","-0.051",,,,"0.051",,-3,3,"0.072","0.928",28,25,29,25,1,4,5,2,2,1,"1.35","0.89","-0.89","25.8"
"FF","2024-08-02","96.4","-1.84","5.68","De Los Santos, Enyel",694388,660853,,"ball",,,,,11,"Joey Loperfido called out on strikes.","R","L","R","NYY","TOR","B",,,2,0,2024,"-0.91","1.16","-1.69","2.63",,,,1,8,"Top",,,,,,,2.4651488756144224,-140.37156554270865,-5.117198767611131,-12.630938472773785,32.534986363059154,-15.863952668976838,"3.31","1.57",,,,"95.6",2256,"5.9",745719,669224,700250,665828,665862,683011,657077,592450,665742,"54.64",,,,,,,,71,3,"4-Seam Fastball",5,8,8,5,8,5,8,5,"Infield shade","Standard",226,"0","0.088",,,,"-0.088",,-3,3,"0.072","0.928",28,25,29,25,1,4,5,2,2,1,"1.29","0.91","-0.91","23.5"
"SL","2024-08-02","86","-2.09","5.5","De Los Santos, Enyel",694388,660853,,"ball",,,,,11,"Joey Loperfido called out on strikes.","R","L","R","NYY","TOR","B",,,1,0,2024,"0.59","0.47","-2.11","4.02",,,,1,8,"Top",,,,,,,-1.2325746142788305,-125.23430441331828,1.7937047628343157,6.42448148791669,26.52499955405602,-27.895963081583375,"3.25","1.55",,,,"85.2",2210,"5.8",745719,669224,700250,665828,665862,683011,657077,592450,665742,"54.66",,,,,,,,71,2,"Slider",5,8,8,5,8,5,8,5,"Infield shade","Standard",197,"0","0.046",,,,"-0.046",,-3,3,"0.072","0.928",28,25,29,25,1,4,5,2,2,1,"2.62","-0.59","0.59","23.5"
"SL","2024-08-02","88.2","-1.99","5.44","De Los Santos, Enyel",694388,660853,,"ball",,,,,14,"Joey Loperfido called out on strikes.","R","L","R","NYY","TOR","B",,,0,0,2024,"0.18","0.73","0.52","0.98",,,,1,8,"Top",,,,,,,5.735778389922251,-128.31998330501744,-6.280928387523097,0.7835082135929521,26.633507786950087,-22.97544510565322,"3.3","1.52",,,,"88.3",2196,"6.4",745719,669224,700250,665828,665862,683011,657077,592450,665742,"54.14",,,,,,,,71,1,"Slider",5,8,8,5,8,5,8,5,"Standard","Standard",222,"0","0.025",,,,"-0.025",,-3,3,"0.072","0.928",28,25,29,25,1,4,5,2,2,1,"2.2","-0.18","0.18","22.4"
"CH","2024-08-02","88.5","-1.81","5.65","De Los Santos, Enyel",672642,660853,"field_out","hit_into_play",,,,,4,"Steward Berroa grounds out, first baseman Ben Rice to pitcher Enyel De Los Santos.","R","L","R","NYY","TOR","X",3,"ground_ball",1,1,2024,"-1.36","0.76","-0.66","2.07",,,,0,8,"Top",162.79,151.55,,,,,5.632023895006066,-128.7738771672075,-4.248697420813841,-16.260036549486923,26.55235384070471,-23.02579128446059,"3.29","1.49",90,"84",6,"88.4",2067,"6.2",745719,669224,700250,665828,665862,683011,657077,592450,665742,"54.32",0.351,0.316,"0",1,0,0,4,70,3,"Changeup",5,8,8,5,8,5,8,5,"Standard","Standard",237,"0.007","-0.218","70.8","7.4",0.382,"0.218","88.0",-3,3,"0.065","0.935",28,25,29,25,1,0,5,2,2,1,"2.15","1.36","-1.36","26.3"
"CH","2024-08-02","88.6","-1.92","5.64","De Los Santos, Enyel",672642,660853,,"ball",,,,,14,"Steward Berroa grounds out, first baseman Ben Rice to pitcher Enyel De Los Santos.","R","L","R","NYY","TOR","B",,,0,1,2024,"-1.49","0.52","0.48","0.33",,,,0,8,"Top",,,,,,,8.956488982971097,-128.54681541310578,-7.966342608706421,-18.352450908717703,25.56783782682173,-24.965707147588947,"2.99","1.45",,,,"88.6",2024,"6.4",745719,669224,700250,665828,665862,683011,657077,592450,665742,"54.14",,,,,,,,70,2,"Changeup",5,8,8,5,8,5,8,5,"Standard","Standard",235,"0","0.023",,,,"-0.023",,-3,3,"0.065","0.935",28,25,29,25,1,0,5,2,2,1,"2.4","1.49","-1.49","28.8"
"FF","2024-08-02","94.7","-1.69","5.62","De Los Santos, Enyel",672642,660853,,"foul",,,,,8,"Steward Berroa grounds out, first baseman Ben Rice to pitcher Enyel De Los Santos.","R","L","R","NYY","TOR","S",,,0,0,2024,"-1.09","1.22","0.04","1.46",,,,0,8,"Top",,,,,,,6.9677372814715905,-137.59416029860958,-7.901637841674993,-15.460276515710772,31.178695647967785,-15.079418342674417,"3.29","1.49",169,"67.9",61,"94.7",2260,"6.4",745719,669224,700250,665828,665862,683011,657077,592450,665742,"54.06",,,,,,,,70,1,"4-Seam Fastball",5,8,8,5,8,5,8,5,"Standard","Standard",228,"0","-0.033","72.8","7.2",,"0.033","88.0",-3,3,"0.065","0.935",28,25,29,25,1,0,5,2,2,1,"1.33","1.09","-1.09","25.7"
"SL","2024-08-02","86.9","-1.94","5.5","De Los Santos, Enyel",661531,660853,"field_out","hit_into_play",,,,,9,"Brian Serven lines out to first baseman Ben Rice.","R","R","R","NYY","TOR","X",3,"line_drive",1,2,2024,"0.23","0.43","0.73","1.64",,676914,677870,2,7,"Top",157.81,159.76,,,,,5.912118193538279,-126.44939904904015,-3.9427026123292706,1.2624374689791833,25.64863159235361,-26.953530950734628,"3.45","1.6",129,"69.2",15,"86.8",2210,"6.2",745719,669224,700250,665828,665862,683011,657077,592450,665742,"54.26",0.437,0.4,"0",1,0,0,2,65,4,"Slider",5,8,8,5,8,5,8,5,"Standard","Standard",213,"0.017","-0.299","71.6","7.7",0.484,"0.299","88.0",-3,3,"0.101","0.899",28,29,29,29,1,3,5,2,2,5,"2.59","-0.23","-0.23","24.4"
"SL","2024-08-02","86.6","-2.01","5.44","De Los Santos, Enyel",661531,660853,,"swinging_strike",,,,,9,"Brian Serven lines out to first baseman Ben Rice.","R","R","R","NYY","TOR","S",,,1,1,2024,"0.36","0.52","0.53","1.53",,676914,677870,2,7,"Top",,,,,,,5.32807298741801,-126.02343690283932,-4.220514886960636,2.827343326517929,24.32835449938302,-26.012118334179405,"3.45","1.6",,,,"86.7",2273,"6.3",745719,669224,700250,665828,665862,683011,657077,592450,665742,"54.24",,,,,,,,65,3,"Slider",5,8,8,5,8,5,8,5,"Standard","Standard",194,"0","-0.121","71.8","8.2",,"0.121",,-3,3,"0.101","0.899",28,29,29,29,1,3,5,2,2,5,"2.51","-0.36","-0.36","22.6"
"SL","2024-08-02","87.2","-1.94","5.51","De Los Santos, Enyel",661531,660853,,"foul",,,,,4,"Brian Serven lines out to first baseman Ben Rice.","R","R","R","NYY","TOR","S",,,1,0,2024,"0.32","0.54","-0.38","2.22",,676914,677870,2,7,"Top",,,,,,,3.078521088548363,-126.89720937638971,-2.8033478400036405,2.7610915364624242,28.12259341164944,-25.95677634918201,"3.45","1.6",82,"89.7",5,"86.7",2354,"6.1",745719,669224,700250,665828,665862,683011,657077,592450,665742,"54.36",,,,,,,,65,2,"Slider",5,8,8,5,8,5,8,5,"Standard","Standard",184,"0","-0.066","71.8","7.3",,"0.066","89.7",-3,3,"0.101","0.899",28,29,29,29,1,3,5,2,2,5,"2.48","-0.32","-0.32","22.0"
"SL","2024-08-02","88.3","-1.91","5.49","De Los Santos, Enyel",661531,660853,,"ball",,,,,14,"Brian Serven lines out to first baseman Ben Rice.","R","R","R","NYY","TOR","B",,,0,0,2024,"0.25","0.74","0.66","0.84",,676914,677870,2,7,"Top",,,,,,,5.71613838808758,-128.4346550825479,-6.751219566551678,1.613348230737037,26.680511786774463,-22.782731010869476,"3.3","1.57",,,,"88.1",2277,"6.2",745719,669224,700250,665828,665862,683011,657077,592450,665742,"54.32",,,,,,,,65,1,"Slider",5,8,8,5,8,5,8,5,"Standard","Standard",211,"0","0.042",,,,"-0.042",,-3,3,"0.101","0.899",28,29,29,29,1,3,5,2,2,5,"2.19","-0.25","-0.25","23.9"
"FF","2024-08-02","97.5","-1.88","5.52","De Los Santos, Enyel",677870,660853,"hit_by_pitch","hit_by_pitch",,,,,11,"Leo Jiménez hit by pitch.","R","R","R","NYY","TOR","B",,,0,0,2024,"-0.76","1.14","-1.88","3.59",,676914,,2,7,"Top",,,,,,,1.7322228762961336,-142.0652778744381,-2.3088627227966025,-10.668348048356824,32.48517507253832,-16.410653265996185,"3.31","1.58",,,,"97.4",2182,"6.1",745719,669224,700250,665828,665862,683011,657077,592450,665742,"54.37",,0.720192,"0.7",1,0,0,,64,1,"4-Seam Fastball",5,8,8,5,8,5,8,5,"Standard","Standard",226,"-0.002","0.125",,,,"-0.125",,-3,3,"0.103","0.897",28,23,29,23,1,3,5,2,2,1,"1.25","0.76","0.76","24.7"
"SL","2024-08-02","86.2","-1.99","5.37","De Los Santos, Enyel",676914,660853,"double","hit_into_play",,,,,8,"Davis Schneider doubles (18) on a fly ball to right fielder Juan Soto.","R","R","R","NYY","TOR","X",9,"fly_ball",1,1,2024,"0.32","0.21","-0.04","1.89",,,,2,7,"Top",211.47,95.48,,,,,3.9523996957822933,-125.57986811641877,-2.537429504707939,2.7107860449928807,23.432467425273014,-29.620613656189366,"3.11","1.51",331,"95.3",28,"86.4",2290,"6.2",745719,669224,700250,665828,665862,683011,657077,592450,665742,"54.33",0.223,0.352,"1.25",1,1,1,5,63,3,"Slider",5,8,8,5,8,5,8,5,"Strategic","Standard",167,"-0.01","0.241","70.4","6.5",0.619,"-0.241","95.3",-3,3,"0.113","0.887",28,25,29,25,1,3,5,2,2,1,"2.83","-0.32","-0.32","22.6"
"SL","2024-08-02","87","-2.1","5.44","De Los Santos, Enyel",676914,660853,,"called_strike",,,,,8,"Davis Schneider doubles (18) on a fly ball to right fielder Juan Soto.","R","R","R","NYY","TOR","S",,,1,0,2024,"0.18","0.55","0.13","1.63",,,,2,7,"Top",,,,,,,4.977220107840777,-126.5740759053911,-4.079714594618786,0.8499037691388437,26.508990983129365,-25.60024082019333,"2.97","1.45",,,,"86.7",2236,"6.2",745719,669224,700250,665828,665862,683011,657077,592450,665742,"54.35",,,,,,,,63,2,"Slider",5,8,8,5,8,5,8,5,"Strategic","Standard",209,"0","-0.02",,,,"0.02",,-3,3,"0.113","0.887",28,25,29,25,1,3,5,2,2,1,"2.47","-0.18","-0.18","25.2"
"FF","2024-08-02","96.2","-1.79","5.58","De Los Santos, Enyel",676914,660853,,"ball",,,,,11,"Davis Schneider doubles (18) on a fly ball to right fielder Juan Soto.","R","R","R","NYY","TOR","B",,,0,0,2024,"-0.75","0.91","-1.38","3.34",,,,2,7,"Top",,,,,,,2.774876565102546,-140.06115679129942,-2.413984462270978,-10.462836769216285,31.781981002726543,-19.85819472441778,"2.97","1.5",,,,"95.6",2210,"5.9",745719,669224,700250,665828,665862,683011,657077,592450,665742,"54.58",,,,,,,,63,1,"4-Seam Fastball",5,8,8,5,8,5,8,5,"Strategic","Standard",226,"0","0.015",,,,"-0.015",,-3,3,"0.113","0.887",28,25,29,25,1,3,5,2,2,1,"1.55","0.75","0.75","21.8"
"FF","2024-08-02","96.4","-1.92","5.46","De Los Santos, Enyel",676391,660853,"field_out","hit_into_play",,,,,4,"Ernie Clement grounds out, third baseman Jazz Chisholm Jr.  to first baseman Ben Rice.","R","R","R","NYY","TOR","X",5,"ground_ball",1,1,2024,"-0.81","1.05","-0.64","2.31",,,,1,7,"Top",107.21,167.83,,,,,5.221096075261429,-140.23474985898756,-5.190988534332689,-11.886034970215963,30.87387753050068,-17.367027602651298,"3.35","1.52",21,"85.9",-5,"96.4",2259,"6.3",745719,669224,700250,665828,665862,683011,657077,592450,665742,"54.23",0.137,0.139,"0",1,0,0,2,62,3,"4-Seam Fastball",5,8,8,5,8,5,8,5,"Standard","Standard",228,"0.006","-0.154","69.9","6.6",0.139,"0.154","88.0",-3,3,"0.107","0.893",28,28,29,28,1,3,5,2,2,1,"1.4","0.81","0.81","21.1"
"SL","2024-08-02","87.6","-2.07","5.31","De Los Santos, Enyel",676391,660853,,"ball",,,,,13,"Ernie Clement grounds out, third baseman Jazz Chisholm Jr.  to first baseman Ben Rice.","R","R","R","NYY","TOR","B",,,0,1,2024,"0.31","0.37","-0.17","0.92",,,,1,7,"Top",,,,,,,3.962318074548169,-127.52670435662098,-5.309197953600588,2.672556372363498,24.975796450659583,-27.253309324042878,"3.14","1.57",,,,"88.2",2180,"6.5",745719,669224,700250,665828,665862,683011,657077,592450,665742,"53.95",,,,,,,,62,2,"Slider",5,8,8,5,8,5,8,5,"Standard","Standard",216,"0","0.015",,,,"-0.015",,-3,3,"0.107","0.893",28,28,29,28,1,3,5,2,2,1,"2.58","-0.31","-0.31","22.0"
"SL","2024-08-02","88","-2.01","5.44","De Los Santos, Enyel",676391,660853,,"foul",,,,,6,"Ernie Clement grounds out, third baseman Jazz Chisholm Jr.  to first baseman Ben Rice.","R","R","R","NYY","TOR","S",,,0,0,2024,"0.48","0.67","0.77","2.1",,,,1,7,"Top",,,,,,,5.731961590019214,-128.02037102280033,-3.3524362854899015,4.002699707468931,27.310199225467183,-24.299223627652573,"3.35","1.52",7,"52.2",-16,"87.8",2251,"6.2",745719,669224,700250,665828,665862,683011,657077,592450,665742,"54.27",,,,,,,,62,1,"Slider",5,8,8,5,8,5,8,5,"Standard","Standard",209,"0","-0.023","57.0","7.6",,"0.023","88.0",-3,3,"0.107","0.893",28,28,29,28,1,3,5,2,2,1,"2.28","-0.48","-0.48","21.0"