﻿"pitch_type","game_date","release_speed","release_pos_x","release_pos_z","player_name","batter","pitcher","events","description","spin_dir","spin_rate_deprecated","break_angle_deprecated","break_length_deprecated","zone","des","game_type","stand","p_throws","home_team","away_team","type","hit_location","bb_type","balls","strikes","game_year","pfx_x","pfx_z","plate_x","plate_z","on_3b","on_2b","on_1b","outs_when_up","inning","inning_topbot","hc_x","hc_y","tfs_deprecated","tfs_zulu_deprecated","umpire","sv_id","vx0","vy0","vz0","ax","ay","az","sz_top","sz_bot","hit_distance_sc","launch_speed","launch_angle","effective_speed","release_spin_rate","release_extension","game_pk","fielder_2","fielder_3","fielder_4","fielder_5","fielder_6","fielder_7","fielder_8","fielder_9","release_pos_y","estimated_ba_using_speedangle","estimated_woba_using_speedangle","woba_value","woba_denom","babip_value","iso_value","launch_speed_angle","at_bat_number","pitch_number","pitch_name","home_score","away_score","bat_score","fld_score","post_away_score","post_home_score","post_bat_score","post_fld_score","if_fielding_alignment","of_fielding_alignment","spin_axis","delta_home_win_exp","delta_run_exp","bat_speed","swing_length","estimated_slg_using_speedangle","delta_pitcher_run_exp","hyper_speed","home_score_diff","bat_score_diff","home_win_exp","bat_win_exp","age_pit_legacy","age_bat_legacy","age_pit","age_bat","n_thruorder_pitcher","n_priorpa_thisgame_player_at_bat","pitcher_days_since_prev_game","batter_days_since_prev_game","pitcher_days_until_next_game","batter_days_until_next_game","api_break_z_with_gravity","api_break_x_arm","api_break_x_batter_in","arm_angle"
"FF","2024-06-24","95.6","-1.56","6.53","Campbell, Isaiah",457759,663462,"strikeout","foul_tip",,,,,2,"Justin Turner strikes out on a foul tip.","R","R","R","BOS","TOR","S",2,,0,2,2024,"-0.66","1.59","0.1","3.13",,,,2,7,"Top",,,,,,,5.91925295229733,-139.05931028968817,-6.974481819562561,-9.844143243626476,30.64900500312217,-10.198892986721248,"3.45","1.58",,,,"96.3",2519,"6.7",746941,624512,642086,666152,646240,678882,641933,680776,677800,"53.83",,0,"0",1,0,0,,53,3,"4-Seam Fastball",2,6,6,2,6,2,6,2,"Standard","Standard",200,"0.003","-0.061",,,,"0.061",,-4,4,"0.061","0.939",26,39,27,40,1,3,74,1,,1,"0.91","0.66","0.66","53.1"
"FF","2024-06-24","94.5","-1.44","6.59","Campbell, Isaiah",457759,663462,,"called_strike",,,,,9,"Justin Turner strikes out on a foul tip.","R","R","R","BOS","TOR","S",,,0,1,2024,"-0.46","1.53","0.36","2.17",,,,2,7,"Top",,,,,,,5.7315696135230025,-137.29616292069878,-9.307198027545823,-7.000505159189774,28.379674717704145,-10.98347210919229,"3.45","1.63",,,,"95.3",2479,"6.7",746941,624512,642086,666152,646240,678882,641933,680776,677800,"53.81",,,,,,,,53,2,"4-Seam Fastball",2,6,6,2,6,2,6,2,"Standard","Standard",195,"0","-0.022",,,,"0.022",,-4,4,"0.061","0.939",26,39,27,40,1,3,74,1,,1,"1.02","0.46","0.46","59.5"
"FF","2024-06-24","95.3","-1.66","6.48","Campbell, Isaiah",457759,663462,,"called_strike",,,,,3,"Justin Turner strikes out on a foul tip.","R","R","R","BOS","TOR","S",,,0,0,2024,"-0.55","1.46","0.69","3.33",,,,2,7,"Top",,,,,,,7.4633673334655874,-138.5925384079152,-5.986173025772851,-8.754613950636928,29.55151379779251,-12.142888318891462,"3.45","1.65",,,,"96.2",2508,"6.7",746941,624512,642086,666152,646240,678882,641933,680776,677800,"53.78",,,,,,,,53,1,"4-Seam Fastball",2,6,6,2,6,2,6,2,"Standard","Standard",199,"0","-0.016",,,,"0.016",,-4,4,"0.061","0.939",26,39,27,40,1,3,74,1,,1,"1.04","0.55","0.55","50.7"
"ST","2024-06-24","81.6","-2.18","6.32","Campbell, Isaiah",665489,663462,"home_run","hit_into_play",,,,,5,"Vladimir Guerrero Jr.  homers (10) on a fly ball to left center field.   Isiah Kiner-Falefa scores.    Spencer Horwitz scores.","R","R","R","BOS","TOR","X",,"fly_ball",0,0,2024,"0.97","-0.19","-0.27","2.85",643396,,687462,2,7,"Top",70.32,15.72,,,,,2.4726942115411146,-118.9254604782637,-0.8708660640422978,8.669439088915235,23.223572146184825,-34.00047200408057,"3.69","1.73",471,"113.1",26,"82.1",2764,"6.6",746941,624512,642086,666152,646240,678882,641933,680776,677800,"53.95",0.997,2,"2",1,0,3,6,52,1,"Sweeper",2,3,3,2,6,2,6,2,"Standard","Standard",46,"-0.239","2.581","78.6","7.6",3.933,"-2.581","113.1",-1,1,"0.3","0.7",26,25,27,25,1,3,74,1,,1,"3.61","-0.97","-0.97","45.2"
"SL","2024-06-24","88","-1.92","6.38","Campbell, Isaiah",687462,663462,"single","hit_into_play",,,,,9,"Spencer Horwitz singles on a sharp line drive to right fielder Wilyer Abreu.   Kevin Kiermaier scores.    Isiah Kiner-Falefa to 3rd.","R","L","R","BOS","TOR","X",9,"line_drive",0,1,2024,"0.59","0.3","0.63","2.12",595281,,643396,2,7,"Top",218.93,93.79,,,,,4.976238784309885,-128.13724683989017,-4.921319943912062,5.612255800666607,24.93502415587101,-28.124071727791243,"3.58","1.69",147,"102.8",9,"88.7",2807,"6.5",746941,624512,642086,666152,646240,678882,641933,680776,677800,"53.96",0.743,0.719,"0.9",1,1,0,4,51,2,"Slider",2,2,2,2,3,2,3,2,"Standard","Standard",145,"-0.199","1.113",,,0.891,"-1.113","102.8",0,0,"0.499","0.501",26,26,27,27,1,3,74,1,,1,"2.63","-0.59","0.59","48.4"
"SL","2024-06-24","87.4","-2.01","6.45","Campbell, Isaiah",687462,663462,,"foul",,,,,8,"Spencer Horwitz singles on a sharp line drive to right fielder Wilyer Abreu.   Kevin Kiermaier scores.    Isiah Kiner-Falefa to 3rd.","R","L","R","BOS","TOR","S",,,0,0,2024,"0.41","0.37","-0.24","1.92",595281,,643396,2,7,"Top",,,,,,,3.4417924195066094,-127.37217273194723,-5.641521141453257,3.8801246942146363,22.606117295163102,-27.287265801903615,"3.58","1.69",,,,"88.4",2714,"6.5",746941,624512,642086,666152,646240,678882,641933,680776,677800,"53.99",,,,,,,,51,1,"Slider",2,2,2,2,2,2,2,2,"Standard","Standard",167,"0","-0.077","64.2","7.5",,"0.077",,0,0,"0.499","0.501",26,26,27,27,1,3,74,1,,1,"2.57","-0.41","0.41","48.1"
"FF","2024-06-24","94.2","-1.76","6.55","Campbell, Isaiah",643396,663462,"single","hit_into_play",,,,,1,"Isiah Kiner-Falefa singles on a ground ball to second baseman David Hamilton.   Kevin Kiermaier to 3rd.  Kevin Kiermaier advances to 3rd, on a throwing error by second baseman David Hamilton.","R","R","R","BOS","TOR","X",4,"ground_ball",1,2,2024,"-0.43","1.52","-0.63","2.74",,,595281,2,7,"Top",153.48,135.31,,,,,3.9348168127696375,-137.0887552021695,-7.628706737873188,-6.331343540209059,29.572240494725527,-11.487233363826974,"3.28","1.49",145,"64.1",17,"94.9",2427,"6.6",746941,624512,642086,666152,646240,678882,641933,680776,677800,"53.88",0.383,0.345,"0.9",1,1,0,2,50,4,"4-Seam Fastball",2,2,2,2,2,2,2,2,"Standard","Standard",202,"-0.046","0.363","60.9","5.5",0.403,"-0.363","88.0",0,0,"0.545","0.455",26,29,27,29,1,3,74,1,,1,"1.04","0.43","0.43","57.3"
"FF","2024-06-24","94.6","-1.71","6.59","Campbell, Isaiah",643396,663462,,"swinging_strike",,,,,4,"Isiah Kiner-Falefa singles on a ground ball to second baseman David Hamilton.   Kevin Kiermaier to 3rd.  Kevin Kiermaier advances to 3rd, on a throwing error by second baseman David Hamilton.","R","R","R","BOS","TOR","S",,,1,1,2024,"-0.48","1.67","-0.29","2.72",,,595281,2,7,"Top",,,,,,,4.813201531194381,-137.57638560275217,-8.186586210222769,-7.158759060727085,30.930056237651108,-9.33553413655735,"3.28","1.49",,,,"95.1",2436,"6.7",746941,624512,642086,666152,646240,678882,641933,680776,677800,"53.83",,,,,,,,50,3,"4-Seam Fastball",2,2,2,2,2,2,2,2,"Standard","Standard",198,"0","-0.05","63.8","5.9",,"0.05",,0,0,"0.545","0.455",26,29,27,29,1,3,74,1,,1,"0.88","0.48","0.48","51.2"
"FF","2024-06-24","94.9","-1.6","6.65","Campbell, Isaiah",643396,663462,,"ball",,,,,12,"Isiah Kiner-Falefa singles on a ground ball to second baseman David Hamilton.   Kevin Kiermaier to 3rd.  Kevin Kiermaier advances to 3rd, on a throwing error by second baseman David Hamilton.","R","R","R","BOS","TOR","B",,,0,1,2024,"-0.36","1.56","0.93","4.51",,,595281,2,7,"Top",,,,,,,7.45401467624409,-138.07141860776323,-3.4688012360976,-6.2310602609879036,28.947276920363947,-11.576887457490004,"3.26","1.47",,,,"95.3",2499,"6.4",746941,624512,642086,666152,646240,678882,641933,680776,677800,"54.08",,,,,,,,50,2,"4-Seam Fastball",2,2,2,2,2,2,2,2,"Standard","Standard",198,"0","0.027",,,,"-0.027",,0,0,"0.545","0.455",26,29,27,29,1,3,74,1,,1,"0.96","0.36","0.36","53.9"
"SL","2024-06-24","87.2","-1.8","6.38","Campbell, Isaiah",643396,663462,,"foul",,,,,14,"Isiah Kiner-Falefa singles on a ground ball to second baseman David Hamilton.   Kevin Kiermaier to 3rd.  Kevin Kiermaier advances to 3rd, on a throwing error by second baseman David Hamilton.","R","R","R","BOS","TOR","S",,,0,0,2024,"0.37","0.36","1.03","1.97",,,595281,2,7,"Top",,,,,,,6.0751630770371055,-126.89307669376593,-5.251380589368459,2.9118814064988277,23.314579149905008,-27.43732300898596,"3.28","1.49",1,"73.8",-63,"87.9",2751,"6.5",746941,624512,642086,666152,646240,678882,641933,680776,677800,"54.02",,,,,,,,50,1,"Slider",2,2,2,2,2,2,2,2,"Standard","Standard",70,"0","-0.039","65.7","7.7",,"0.039","88.0",0,0,"0.545","0.455",26,29,27,29,1,3,74,1,,1,"2.61","-0.37","-0.37","49.0"
"SI","2024-04-11","90.9","-1.83","6.54","Campbell, Isaiah",676059,663462,"field_out","hit_into_play",,,,,11,"Jordan Westburg grounds out, pitcher Isaiah Campbell to first baseman Triston Casas.","R","R","R","BOS","BAL","X",1,"ground_ball",0,0,2024,"-1.17","0.69","-1.03","2.88",,,,2,10,"Top",130.28,178.59,,,,,4.492936429168416,-132.34968707998425,-4.795211581879422,-14.732486888048442,26.729313527927008,-23.218299893521053,"3.43","1.61",3,"60.7",-43,"91.1",2388,"6.2",746977,657136,671213,678882,622569,666152,807799,680776,641933,"54.26",0.189,0.217,"0",1,0,0,2,80,1,"Sinker",3,9,9,3,9,3,9,3,"Standard","Strategic",210,"-0.001","-0.099","57.3","4.9",0.189,"0.099","88.0",-6,6,"0.009","0.991",26,25,27,25,1,4,1,1,74,1,"2.05","1.17","1.17","46.4"
"FF","2024-04-11","90.7","-1.79","6.58","Campbell, Isaiah",681297,663462,"home_run","hit_into_play",,,,,6,"Colton Cowser homers (2) on a fly ball to right center field.    Ryan Mountcastle scores.    Cedric Mullins scores.","R","L","R","BOS","BAL","X",,"fly_ball",3,0,2024,"-0.09","1.53","0.39","2.3",663624,,656775,2,10,"Top",208.14,40.86,,,,,5.615834339317832,-131.89768410151325,-8.064599266788422,-2.1674872221828374,26.736994942682983,-12.803362195784201,"3.39","1.65",438,"113.6",26,"90.8",2346,"6.3",746977,657136,671213,678882,622569,666152,807799,680776,641933,"54.23",0.997,2,"2",1,0,3,6,79,4,"4-Seam Fastball",3,6,6,3,9,3,9,3,"Standard","Standard",207,"-0.079","2.267","78.6","7.1",3.936,"-2.267","113.6",-3,3,"0.088","0.912",26,24,27,24,1,4,1,1,74,1,"1.24","0.09","-0.09","49.3"
"FF","2024-04-11","91.3","-1.91","6.68","Campbell, Isaiah",681297,663462,,"ball",,,,,11,"Colton Cowser homers (2) on a fly ball to right center field.    Ryan Mountcastle scores.    Cedric Mullins scores.","R","L","R","BOS","BAL","B",,,2,0,2024,"-0.11","1.53","-1.28","3.14",663624,,656775,2,10,"Top",,,,,,,1.8346317034751067,-132.9170007442405,-6.351641615467211,-1.70436477925169,26.921167860591883,-12.893776422703983,"3.35","1.7",,,,"91.4",2397,"6.2",746977,657136,671213,678882,622569,666152,807799,680776,641933,"54.3",,,,,,,,79,3,"4-Seam Fastball",3,6,6,3,6,3,6,3,"Standard","Standard",201,"0","0.163",,,,"-0.163",,-3,3,"0.088","0.912",26,24,27,24,1,4,1,1,74,1,"1.19","0.11","-0.11","51.7"
"ST","2024-04-11","79.5","-2.19","6.45","Campbell, Isaiah",681297,663462,,"ball",,,,,11,"Colton Cowser homers (2) on a fly ball to right center field.    Ryan Mountcastle scores.    Cedric Mullins scores.","R","L","R","BOS","BAL","B",,,1,0,2024,"1.5","-0.12","-0.62","3.91",663624,,656775,2,10,"Top",,,,,,,0.6393058964047366,-115.7480510126548,1.4262317642449986,13.359831602538756,21.591805008098433,-33.775163548910335,"3.39","1.69",,,,"79.5",2508,"6.2",746977,657136,671213,678882,622569,666152,807799,680776,641933,"54.25",,,,,,,,79,2,"Sweeper",3,6,6,3,6,3,6,3,"Standard","Standard",36,"0","0.1",,,,"-0.1",,-3,3,"0.088","0.912",26,24,27,24,1,4,1,1,74,1,"3.73","-1.5","1.5","50.2"
"FF","2024-04-11","89.9","-1.92","6.65","Campbell, Isaiah",681297,663462,,"ball",,,,,11,"Colton Cowser homers (2) on a fly ball to right center field.    Ryan Mountcastle scores.    Cedric Mullins scores.","R","L","R","BOS","BAL","B",,,0,0,2024,"-0.33","1.5","-0.67","3.92",663624,,656775,2,10,"Top",,,,,,,3.812115546345491,-130.96634944249473,-4.031668784561227,-4.59352347004131,25.77590778362081,-14.262277576706982,"3.46","1.77",,,,"90.5",2170,"6.4",746977,657136,671213,678882,622569,666152,807799,680776,641933,"54.05",,,,,,,,79,1,"4-Seam Fastball",3,6,6,3,6,3,6,3,"Standard","Standard",198,"0","0.05",,,,"-0.05",,-3,3,"0.088","0.912",26,24,27,24,1,4,1,1,74,1,"1.3","0.33","-0.33","49.2"
"FF","2024-04-11","92.1","-1.79","6.63","Campbell, Isaiah",656775,663462,"single","hit_into_play",,,,,4,"Cedric Mullins singles on a ground ball to center fielder Jarren Duran.   Ryan O'Hearn scores.    Ryan Mountcastle to 3rd.","R","L","R","BOS","BAL","X",8,"ground_ball",1,1,2024,"-0.33","1.66","-0.6","2.52",656811,,663624,2,10,"Top",138.99,87.38,,,,,3.72077307684583,-133.92572713117949,-8.11733752900708,-4.8375301155858255,29.869100627884006,-10.651683275534422,"3.32","1.5",20,"100.5",-6,"91.3",2429,"5.9",746977,657136,671213,678882,622569,666152,807799,680776,641933,"54.57",0.323,0.328,"0.9",1,1,0,2,78,3,"4-Seam Fastball",3,5,5,3,6,3,6,3,"Standard","Standard",200,"-0.099","1.061","69.2","7.2",0.348,"-1.061","100.5",-2,2,"0.187","0.813",26,29,27,30,1,4,1,1,74,1,"1.04","0.33","-0.33","51.8"
"ST","2024-04-11","80.4","-2.25","6.35","Campbell, Isaiah",656775,663462,,"swinging_strike",,,,,14,"Cedric Mullins singles on a ground ball to center fielder Jarren Duran.   Ryan O'Hearn scores.    Ryan Mountcastle to 3rd.","R","L","R","BOS","BAL","S",,,1,0,2024,"1.47","-0.4","0.46","1.31",656811,,663624,2,10,"Top",,,,,,,3.221450153411004,-117.04229301721891,-3.691318509502729,12.81042773027216,23.911155346898934,-35.34293385391326,"3.32","1.5",,,,"80.6",2717,"6.6",746977,657136,671213,678882,622569,666152,807799,680776,641933,"53.94",,,,,,,,78,2,"Sweeper",3,5,5,3,5,3,5,3,"Standard","Standard",44,"0","-0.075","68.3","8.9",,"0.075",,-2,2,"0.187","0.813",26,29,27,30,1,4,1,1,74,1,"3.95","-1.47","1.47","43.7"
"ST","2024-04-11","80.8","-2.27","6.31","Campbell, Isaiah",656775,663462,,"ball",,,,,1,"Cedric Mullins singles on a ground ball to center fielder Jarren Duran.   Ryan O'Hearn scores.    Ryan Mountcastle to 3rd.","R","L","R","BOS","BAL","B",,,0,0,2024,"1.16","0.19","-0.44","3.36",656811,,663624,2,10,"Top",,,,,,,1.8633757341782358,-117.6231931317877,-0.21486393896222544,10.277985588646859,24.527285167622008,-30.65294602978343,"3.29","1.37",,,,"80.8",2553,"6.5",746977,657136,671213,678882,622569,666152,807799,680776,641933,"54.01",,,,,,,,78,1,"Sweeper",3,5,5,3,5,3,5,3,"Standard","Standard",50,"0","0.05",,,,"-0.05",,-2,2,"0.187","0.813",26,29,27,30,1,4,1,1,74,1,"3.33","-1.16","1.16","41.2"
"SL","2024-04-11","86.5","-1.75","6.56","Campbell, Isaiah",663624,663462,"walk","ball",,,,,14,"Ryan Mountcastle walks.","R","R","R","BOS","BAL","B",,,3,1,2024,"0.42","0.19","0.99","1.31",656811,,,2,10,"Top",,,,,,,5.682016485349639,-125.75043767867918,-6.673630368516575,3.2303002728911316,26.550587697731356,-28.924894938707585,"3.54","1.73",,,,"86.3",2646,"6.3",746977,657136,671213,678882,622569,666152,807799,680776,641933,"54.2",,0.689131,"0.7",1,0,0,,77,5,"Slider",3,5,5,3,5,3,5,3,"Standard","Strategic",149,"-0.004","0.106",,,,"-0.106",,-2,2,"0.191","0.809",26,27,27,27,1,4,1,1,74,2,"2.87","-0.42","-0.42","55.7"
"ST","2024-04-11","81.3","-2","6.43","Campbell, Isaiah",663624,663462,,"ball",,,,,14,"Ryan Mountcastle walks.","R","R","R","BOS","BAL","B",,,2,1,2024,"1.37","-0.24","1.2","1.7",656811,,,2,10,"Top",,,,,,,4.569442402948589,-118.1851241074866,-3.4024303597540198,11.604041390704289,26.460620750101583,-33.91815521989706,"3.52","1.71",,,,"81.1",2694,"6.6",746977,657136,671213,678882,622569,666152,807799,680776,641933,"53.86",,,,,,,,77,4,"Sweeper",3,5,5,3,5,3,5,3,"Standard","Strategic",45,"0","0.051",,,,"-0.051",,-2,2,"0.191","0.809",26,27,27,27,1,4,1,1,74,2,"3.75","-1.37","-1.37","43.9"
"SI","2024-04-11","91.2","-1.74","6.53","Campbell, Isaiah",663624,663462,,"ball",,,,,13,"Ryan Mountcastle walks.","R","R","R","BOS","BAL","B",,,1,1,2024,"-1.29","0.8","-1.08","0.26",,656811,,2,10,"Top",,,,,,,4.410519004484124,-132.37840478130238,-11.550810231126668,-16.11888961766059,28.80348437147041,-20.435633771647364,"3.6","1.75",,,,"91.1",2343,"6.4",746977,657136,671213,678882,622569,666152,807799,680776,641933,"54.11",,,,,,,,77,3,"Sinker",3,5,5,3,5,3,5,3,"Standard","Strategic",209,"-0.005","0.043",,,,"-0.043",,-2,2,"0.196","0.804",26,27,27,27,1,4,1,1,74,2,"1.96","1.29","1.29","48.9"
"ST","2024-04-11","80.3","-1.95","6.31","Campbell, Isaiah",663624,663462,,"foul",,,,,8,"Ryan Mountcastle walks.","R","R","R","BOS","BAL","S",,,1,0,2024,"1.53","-0.05","0.16","1.99",,656811,,2,10,"Top",,,,,,,1.790629501664436,-116.94857359335064,-2.773844267808019,13.645334847035448,23.06270559009494,-32.29311194967037,"3.68","1.84",6,"77",-20,"80.5",2569,"6.5",746977,657136,671213,678882,622569,666152,807799,680776,641933,"54.01",,,,,,,,77,2,"Sweeper",3,5,5,3,5,3,5,3,"Standard","Strategic",49,"0","-0.048","82.5","7.8",,"0.048","88.0",-2,2,"0.196","0.804",26,27,27,27,1,4,1,1,74,2,"3.59","-1.53","-1.53","46.3"
"FF","2024-04-11","92","-1.56","6.68","Campbell, Isaiah",663624,663462,,"ball",,,,,11,"Ryan Mountcastle walks.","R","R","R","BOS","BAL","B",,,0,0,2024,"-0.41","1.49","-0.81","4.06",,656811,,2,10,"Top",,,,,,,2.8023018705266134,-134.00092527202253,-4.030756589624821,-5.602562598529976,28.968650202449574,-13.616632096463407,"3.79","1.84",,,,"92.3",2316,"6.4",746977,657136,671213,678882,622569,666152,807799,680776,641933,"54.11",,,,,,,,77,1,"4-Seam Fastball",3,5,5,3,5,3,5,3,"Standard","Strategic",196,"0","0.016",,,,"-0.016",,-2,2,"0.196","0.804",26,27,27,27,1,4,1,1,74,2,"1.2","0.41","0.41","53.1"
"ST","2024-04-11","81.9","-2.38","6.4","Campbell, Isaiah",656811,663462,"double","hit_into_play",,,,,5,"Ryan O'Hearn doubles (2) on a line drive to left fielder Masataka Yoshida.","R","L","R","BOS","BAL","X",7,"line_drive",0,0,2024,"1.37","-0.1","0.19","2.43",,,,2,10,"Top",39.65,120.49,,,,,3.164146618632257,-119.24748583516782,-2.17577722345316,12.404341165240265,24.23145269944146,-32.927059996062766,"3.5","1.65",256,"84.7",27,"82",2718,"6.4",746977,657136,671213,678882,622569,666152,807799,680776,641933,"54.07",0.091,0.114,"1.25",1,1,1,3,76,1,"Sweeper",3,5,5,3,5,3,5,3,"Standard","Standard",50,"-0.02","0.237","71.4","6.7",0.165,"-0.237","88.0",-2,2,"0.216","0.784",26,30,27,31,1,4,1,1,74,1,"3.51","-1.37","1.37","42.3"
"FF","2024-04-11","93.3","-1.57","6.65","Campbell, Isaiah",669720,663462,"strikeout","called_strike",,,,,1,"Austin Hays called out on strikes.","R","R","R","BOS","BAL","S",2,,1,2,2024,"-0.73","1.49","-0.66","3.19",,,,1,10,"Top",,,,,,,3.97644180286037,-135.65948669541902,-6.381750258697339,-9.887501454302432,31.358975756672503,-12.605826625961624,"3.31","1.52",,,,"93.3",2369,"6.4",746977,657136,671213,678882,622569,666152,807799,680776,641933,"54.06",,0,"0",1,0,0,,75,4,"4-Seam Fastball",3,5,5,3,5,3,5,3,"Standard","Strategic",205,"0.014","-0.115",,,,"0.115",,-2,2,"0.202","0.798",26,28,27,29,1,0,1,1,74,1,"1.15","0.73","0.73","55.6"
"ST","2024-04-11","82.3","-2.04","6.36","Campbell, Isaiah",669720,663462,,"swinging_strike",,,,,9,"Austin Hays called out on strikes.","R","R","R","BOS","BAL","S",,,1,1,2024,"1.03","-0.28","0.79","1.86",,,,1,10,"Top",,,,,,,4.43155156616166,-119.84828391291028,-3.133881630954913,8.957842005413609,24.30980950079687,-34.45242517845305,"3.24","1.54",,,,"82.4",2707,"6.4",746977,657136,671213,678882,622569,666152,807799,680776,641933,"54.1",,,,,,,,75,3,"Sweeper",3,5,5,3,5,3,5,3,"Standard","Strategic",48,"0","-0.039","71.1","7.5",,"0.039",,-2,2,"0.202","0.798",26,28,27,29,1,0,1,1,74,1,"3.65","-1.03","-1.03","45.2"
"SL","2024-04-11","88.7","-1.7","6.58","Campbell, Isaiah",669720,663462,,"ball",,,,,14,"Austin Hays called out on strikes.","R","R","R","BOS","BAL","B",,,0,1,2024,"0.34","0.71","1.14","1.66",,,,1,10,"Top",,,,,,,6.212010733796909,-128.8921217399653,-7.460996302389605,2.613712499838494,25.742307081513978,-22.902773144223442,"3.26","1.51",,,,"88.7",2542,"6.2",746977,657136,671213,678882,622569,666152,807799,680776,641933,"54.25",,,,,,,,75,2,"Slider",3,5,5,3,5,3,5,3,"Standard","Strategic",172,"0","0.015",,,,"-0.015",,-2,2,"0.202","0.798",26,28,27,29,1,0,1,1,74,1,"2.18","-0.34","-0.34","50.9"
"ST","2024-04-11","82.1","-2.32","6.43","Campbell, Isaiah",669720,663462,,"foul_tip",,,,,12,"Austin Hays called out on strikes.","R","R","R","BOS","BAL","S",,,0,0,2024,"1.09","0.07","0.4","3.57",,,,1,10,"Top",,,,,,,4.047051524339568,-119.58146679725525,-0.050152665961805454,9.679413363704619,23.480341510658512,-31.70242953175206,"3.24","1.54",,,,"82.1",2661,"6.3",746977,657136,671213,678882,622569,666152,807799,680776,641933,"54.19",,,,,,,,75,1,"Sweeper",3,5,5,3,5,3,5,3,"Standard","Strategic",59,"0","-0.023","71.4","6.7",,"0.023",,-2,2,"0.202","0.798",26,28,27,29,1,0,1,1,74,1,"3.31","-1.09","-1.09","43.6"
"ST","2024-04-11","81.5","-1.98","6.31","Campbell, Isaiah",668939,663462,"field_out","hit_into_play",,,,,9,"Adley Rutschman flies out to center fielder Jarren Duran.","R","L","R","BOS","BAL","X",8,"fly_ball",2,2,2024,"1.17","-0.39","0.4","2.07",,,,0,10,"Top",161.64,63.34,,,,,3.1119979264688,-118.61567183806089,-2.1031570675748186,10.308658040918768,24.77763904969029,-35.66391075783362,"3.33","1.62",347,"95.4",37,"81.2",2677,"6.3",746977,657136,671213,678882,622569,666152,807799,680776,641933,"54.23",0.054,0.082,"0",1,0,0,3,74,5,"Sweeper",3,5,5,3,5,3,5,3,"Infield shade","Standard",54,"0.015","-0.203","71.8","7.2",0.166,"0.203","95.4",-2,2,"0.187","0.813",26,26,27,26,1,4,1,1,74,2,"3.85","-1.17","1.17","42.5"
"SL","2024-04-11","89.5","-2.08","6.42","Campbell, Isaiah",668939,663462,,"called_strike",,,,,7,"Adley Rutschman flies out to center fielder Jarren Duran.","R","L","R","BOS","BAL","S",,,2,1,2024,"0.01","0.68","-0.66","1.65",,,,0,10,"Top",,,,,,,3.494585148507177,-130.15274947060223,-7.194509851605585,-0.6917511943086818,28.31966317063534,-23.093784711029382,"3.48","1.69",,,,"89.4",2517,"6.3",746977,657136,671213,678882,622569,666152,807799,680776,641933,"54.18",,,,,,,,74,4,"Slider",3,5,5,3,5,3,5,3,"Infield shade","Standard",197,"0","-0.062",,,,"0.062",,-2,2,"0.187","0.813",26,26,27,26,1,4,1,1,74,2,"2.18","-0.01","0.01","47.2"
"ST","2024-04-11","81.8","-2.37","6.36","Campbell, Isaiah",668939,663462,,"ball",,,,,14,"Adley Rutschman flies out to center fielder Jarren Duran.","R","L","R","BOS","BAL","B",,,1,1,2024,"1.45","-0.08","1.62","2.46",,,,0,10,"Top",,,,,,,6.171292117687786,-118.92181070815674,-1.9977005080907075,12.37458621560491,24.703324046901425,-32.74822181169835,"3.38","1.61",,,,"81.2",2745,"6.1",746977,657136,671213,678882,622569,666152,807799,680776,641933,"54.41",,,,,,,,74,3,"Sweeper",3,5,5,3,5,3,5,3,"Infield shade","Standard",43,"0","0.048",,,,"-0.048",,-2,2,"0.187","0.813",26,26,27,26,1,4,1,1,74,2,"3.52","-1.45","1.45","48.5"
"ST","2024-04-11","82.5","-2.39","6.43","Campbell, Isaiah",668939,663462,,"called_strike",,,,,5,"Adley Rutschman flies out to center fielder Jarren Duran.","R","L","R","BOS","BAL","S",,,1,0,2024,"0.8","0.04","-0.18","2.39",,,,0,10,"Top",,,,,,,3.4859595383574,-120.1102978854817,-2.7611955908836707,7.071016499114558,22.916696131475735,-31.463523755665086,"3.38","1.59",,,,"82.7",2576,"6.4",746977,657136,671213,678882,622569,666152,807799,680776,641933,"54.14",,,,,,,,74,2,"Sweeper",3,5,5,3,5,3,5,3,"Standard","Standard",56,"0","-0.044",,,,"0.044",,-2,2,"0.187","0.813",26,26,27,26,1,4,1,1,74,2,"3.3","-0.8","0.8","42.0"
"FF","2024-04-11","93.5","-1.81","6.67","Campbell, Isaiah",668939,663462,,"ball",,,,,11,"Adley Rutschman flies out to center fielder Jarren Duran.","R","L","R","BOS","BAL","B",,,0,0,2024,"-0.43","1.51","-1.57","4.3",,,,0,10,"Top",,,,,,,1.5439294196095936,-136.1032905161126,-3.6849503820870884,-5.624342562563924,30.354290245566155,-12.824972979343674,"3.47","1.71",,,,"93.2",2350,"6.1",746977,657136,671213,678882,622569,666152,807799,680776,641933,"54.4",,,,,,,,74,1,"4-Seam Fastball",3,5,5,3,5,3,5,3,"Standard","Standard",203,"0","0.034",,,,"-0.034",,-2,2,"0.187","0.813",26,26,27,26,1,4,1,1,74,2,"1.1","0.43","-0.43","51.0"
"FF","2024-04-11","94.7","-2.03","6.55","Campbell, Isaiah",683002,663462,"home_run","hit_into_play",,,,,1,"Gunnar Henderson homers (3) on a fly ball to left field.   Jackson Holliday scores.","R","L","R","BOS","BAL","X",,"fly_ball",2,2,2024,"-0.53","1.49","-0.36","3.59",,702616,,0,10,"Top",38.03,76.96,,,,,5.5627793990953736,-137.8092302751452,-5.386358697060707,-7.9394587288990435,31.107537031856147,-12.203711616301486,"3.69","1.77",371,"104.7",27,"94.9",2374,"6.4",746977,657136,671213,678882,622569,666152,807799,680776,641933,"54.07",0.886,1.757,"2",1,0,3,6,73,5,"4-Seam Fastball",3,3,3,3,5,3,5,3,"Standard","Standard",201,"-0.313","1.407","71.9","6.2",3.389,"-1.407","104.7",0,0,"0.5","0.5",26,23,27,23,1,4,1,1,74,1,"1.06","0.53","-0.53","51.8"
"ST","2024-04-11","82","-2.36","6.43","Campbell, Isaiah",683002,663462,,"foul",,,,,6,"Gunnar Henderson homers (3) on a fly ball to left field.   Jackson Holliday scores.","R","L","R","BOS","BAL","S",,,2,1,2024,"1.5","-0.09","0.53","2.94",,702616,,0,10,"Top",,,,,,,3.6055884504642983,-119.32680885785187,-1.0901797410237601,13.471162254007199,25.294147570587516,-33.07150627056481,"3.69","1.77",79,"48.9",69,"81.2",2705,"6",746977,657136,671213,678882,622569,666152,807799,680776,641933,"54.52",,,,,,,,73,4,"Sweeper",3,3,3,3,3,3,3,3,"Standard","Standard",46,"0","-0.082","76.9","6.8",,"0.082","88.0",0,0,"0.5","0.5",26,23,27,23,1,4,1,1,74,1,"3.51","-1.5","1.5","44.5"
"FF","2024-04-11","94","-1.88","6.63","Campbell, Isaiah",683002,663462,,"ball",,,,,11,"Gunnar Henderson homers (3) on a fly ball to left field.   Jackson Holliday scores.","R","L","R","BOS","BAL","B",,,1,1,2024,"-0.47","1.62","-1.36","3.28",,702616,,0,10,"Top",,,,,,,2.379687788686313,-136.76316713490237,-6.521233353518859,-6.474784032815206,31.017324048205897,-10.676582659652228,"3.75","1.83",,,,"93.8",2484,"6.2",746977,657136,671213,678882,622569,666152,807799,680776,641933,"54.29",,,,,,,,73,3,"4-Seam Fastball",3,3,3,3,3,3,3,3,"Standard","Standard",198,"0","0.056",,,,"-0.056",,0,0,"0.5","0.5",26,23,27,23,1,4,1,1,74,1,"0.97","0.47","-0.47","48.4"
"FF","2024-04-11","93.1","-1.82","6.64","Campbell, Isaiah",683002,663462,,"called_strike",,,,,4,"Gunnar Henderson homers (3) on a fly ball to left field.   Jackson Holliday scores.","R","L","R","BOS","BAL","S",,,1,0,2024,"-0.46","1.71","-0.44","2.83",,702616,,0,10,"Top",,,,,,,4.5591047723194436,-135.33750634888315,-7.757813215209205,-6.683469096000752,30.14165932563969,-9.620569559664204,"3.76","1.81",,,,"93.1",2474,"6.4",746977,657136,671213,678882,622569,666152,807799,680776,641933,"54.12",,,,,,,,73,2,"4-Seam Fastball",3,3,3,3,3,3,3,3,"Standard","Standard",202,"0","-0.049",,,,"0.049",,0,0,"0.5","0.5",26,23,27,23,1,4,1,1,74,1,"0.93","0.46","-0.46","55.6"
"FF","2024-04-11","93.4","-2.15","6.57","Campbell, Isaiah",683002,663462,,"ball",,,,,13,"Gunnar Henderson homers (3) on a fly ball to left field.   Jackson Holliday scores.","R","L","R","BOS","BAL","B",,,0,0,2024,"-0.75","1.59","-2.11","2.54",,702616,,0,10,"Top",,,,,,,1.7455388424177416,-135.77964790109397,-8.06445457824897,-9.603216552322747,31.285319199046754,-10.953403270627637,"3.69","1.8",,,,"92.9",2460,"6.2",746977,657136,671213,678882,622569,666152,807799,680776,641933,"54.34",,,,,,,,73,1,"4-Seam Fastball",3,3,3,3,3,3,3,3,"Standard","Standard",208,"0","0.051",,,,"-0.051",,0,0,"0.5","0.5",26,23,27,23,1,4,1,1,74,1,"1.04","0.75","-0.75","49.7"
"SL","2024-04-10","88.8","-2.14","6.44","Campbell, Isaiah",668939,663462,"field_out","hit_into_play",,,,,6,"Adley Rutschman grounds out, first baseman Triston Casas to pitcher Isaiah Campbell.","R","L","R","BOS","BAL","X",3,"ground_ball",1,0,2024,"0.37","0.38","0.67","2.22",676059,,,2,6,"Top",152.26,168.41,,,,,6.152548189391535,-129.23647075641094,-5.104751619819985,2.8832073001531433,26.331409570601657,-27.02292463888464,"3.33","1.62",40,"74.2",1,"89.4",2673,"6.6",746980,657136,671213,622569,646240,663853,680776,678882,641933,"53.91",0.117,0.104,"0",1,0,0,2,52,2,"Slider",5,3,3,5,3,5,3,5,"Standard","Standard",164,"0.043","-0.376","66.8","6.4",0.133,"0.376","88.0",2,-2,"0.809","0.191",26,26,27,26,1,3,4,1,1,1,"2.5","-0.37","0.37","49.7"
"ST","2024-04-10","82.1","-2.32","6.23","Campbell, Isaiah",668939,663462,,"ball",,,,,14,"Adley Rutschman grounds out, first baseman Triston Casas to pitcher Isaiah Campbell.","R","L","R","BOS","BAL","B",,,0,0,2024,"1.3","-0.46","0.67","0.96",676059,,,2,6,"Top",,,,,,,4.265155135764351,-119.38404995827091,-4.371065505856466,11.250316610521091,27.556732647893806,-35.739319315663245,"3.31","1.45",,,,"81.6",2912,"6.4",746980,657136,671213,622569,646240,663853,680776,678882,641933,"54.07",,,,,,,,52,1,"Sweeper",5,3,3,5,3,5,3,5,"Standard","Standard",44,"0","0.039",,,,"-0.039",,2,-2,"0.809","0.191",26,26,27,26,1,3,4,1,1,1,"3.9","-1.3","1.3","41.6"
"ST","2024-04-10","82.9","-2.41","6.33","Campbell, Isaiah",683002,663462,"field_out","hit_into_play",,,,,8,"Gunnar Henderson lines out sharply to second baseman Pablo Reyes.","R","L","R","BOS","BAL","X",4,"line_drive",1,0,2024,"1.12","0.14","0.2","2.29",676059,,,1,6,"Top",150.57,140.95,,,,,3.75569574118685,-120.5100470689123,-2.887332710110932,9.878208014887825,28.182024361278742,-30.391611759402977,"3.69","1.76",161,"109.9",10,"82.1",2670,"6.3",746980,657136,671213,622569,646240,663853,680776,678882,641933,"54.19",0.914,0.942,"0",1,0,0,5,51,2,"Sweeper",5,3,3,5,3,5,3,5,"Standard","Standard",42,"0.076","-0.193","77.5","7.1",1.235,"0.193","109.9",2,-2,"0.733","0.267",26,23,27,23,1,3,4,1,1,1,"3.24","-1.12","1.12","44.4"
"SL","2024-04-10","89.3","-2.03","6.46","Campbell, Isaiah",683002,663462,,"blocked_ball",,,,,14,"Gunnar Henderson lines out sharply to second baseman Pablo Reyes.","R","L","R","BOS","BAL","B",,,0,0,2024,"0.14","0.5","0.06","0.43",676059,,,1,6,"Top",,,,,,,4.85507379859809,-129.66045783401876,-9.903370296880508,0.5815805319072659,26.707704441414027,-24.62200960533256,"3.6","1.65",,,,"89.5",2734,"6.5",746980,657136,671213,622569,646240,663853,680776,678882,641933,"53.98",,,,,,,,51,1,"Slider",5,3,3,5,3,5,3,5,"Standard","Standard",181,"0","0.048",,,,"-0.048",,2,-2,"0.733","0.267",26,23,27,23,1,3,4,1,1,1,"2.36","-0.14","0.14","54.2"
"ST","2024-04-10","83.1","-2.19","6.32","Campbell, Isaiah",702616,663462,"field_out","hit_into_play",,,,,8,"Jackson Holliday grounds out, second baseman Pablo Reyes to first baseman Triston Casas.   Colton Cowser scores.    Jordan Westburg to 3rd.","R","L","R","BOS","BAL","X",4,"ground_ball",0,1,2024,"1.15","-0.21","0.1","1.66",681297,676059,,0,6,"Top",150.67,159.67,,,,,3.0027783631567373,-120.91239910663826,-3.762457570630511,10.557418152369005,25.74988196643335,-33.638984376981185,"3.37","1.53",5,"94.4",-19,"82.8",2886,"6.3",746980,657136,671213,622569,646240,663853,680776,678882,641933,"54.22",0.146,0.149,"0",1,0,0,2,50,2,"Sweeper",5,2,2,5,3,5,3,5,"Standard","Standard",26,"0.019","-0.326","72.5","7.5",0.169,"0.326","94.4",3,-3,"0.714","0.286",26,20,27,21,1,2,4,,1,1,"3.54","-1.15","1.15","40.5"
"ST","2024-04-10","81.9","-2.37","6.28","Campbell, Isaiah",702616,663462,,"foul",,,,,2,"Jackson Holliday grounds out, second baseman Pablo Reyes to first baseman Triston Casas.   Colton Cowser scores.    Jordan Westburg to 3rd.","R","L","R","BOS","BAL","S",,,0,0,2024,"1.41","0.08","0.27","2.9",681297,676059,,0,6,"Top",,,,,,,3.265180583010921,-119.36988675195819,-1.2740674604818012,12.894615484656919,22.033497011428924,-31.39176614312086,"3.37","1.53",173,"66.7",57,"82.2",2789,"6.3",746980,657136,671213,622569,646240,663853,680776,678882,641933,"54.22",,,,,,,,50,1,"Sweeper",5,2,2,5,2,5,2,5,"Standard","Standard",44,"0","-0.067","73.1","7.3",,"0.067","88.0",3,-3,"0.714","0.286",26,20,27,21,1,2,4,,1,1,"3.3","-1.41","1.41","44.3"
"SL","2024-04-10","85.4","-2.01","6.54","Campbell, Isaiah",676059,663462,"double","hit_into_play",,,,,4,"Jordan Westburg doubles (3) on a ground ball to left fielder Jarren Duran.   Colton Cowser to 3rd.","R","R","R","BOS","BAL","X",7,"ground_ball",1,0,2024,"0.28","-0.14","-0.47","2.52",,,681297,0,6,"Top",52.16,116.78,,,,,3.098628368875291,-124.371121500179,-2.9205235408860073,2.2651824002133014,24.676057294496907,-33.23163699621853,"3.42","1.61",54,"96.2",1,"85.8",2583,"6.5",746980,657136,671213,622569,646240,663853,680776,678882,641933,"54.02",0.42,0.379,"1.25",1,1,1,4,49,2,"Slider",5,2,2,5,2,5,2,5,"Standard","Standard",126,"-0.118","1.037","72.0","7.2",0.453,"-1.037","96.2",3,-3,"0.832","0.168",26,25,27,25,1,2,4,3,1,1,"3.26","-0.28","-0.28","50.2"
"SL","2024-04-10","87.6","-2.03","6.51","Campbell, Isaiah",676059,663462,,"blocked_ball",,,,,14,"Jordan Westburg doubles (3) on a ground ball to left fielder Jarren Duran.   Colton Cowser to 3rd.","R","R","R","BOS","BAL","B",,,0,0,2024,"0.39","0.29","1.4","0.67",,,681297,0,6,"Top",,,,,,,7.467369315359904,-127.24342277408988,-8.592452171778543,2.7877178324847383,25.32295750630563,-27.456663841455345,"3.4","1.57",,,,"87.9",2694,"6.5",746980,657136,671213,622569,646240,663853,680776,678882,641933,"54",,,,,,,,49,1,"Slider",5,2,2,5,2,5,2,5,"Standard","Standard",132,"0","0.062",,,,"-0.062",,3,-3,"0.832","0.168",26,25,27,25,1,2,4,3,1,1,"2.68","-0.39","-0.39","53.7"
"SL","2024-04-10","88.2","-2.08","6.36","Campbell, Isaiah",681297,663462,"single","hit_into_play",,,,,8,"Colton Cowser singles on a line drive to left fielder Jarren Duran.   Ryan Mountcastle scores.    Cedric Mullins scores.","R","L","R","BOS","BAL","X",7,"line_drive",0,1,2024,"0.37","0.1","-0.05","2.18",663624,656775,,0,6,"Top",74.41,122.34,,,,,4.151147348295599,-128.4330365423976,-4.3163559122490724,3.341205084256464,25.26165295516532,-30.391633538536528,"3.39","1.65",155,"102.3",7,"88.4",2750,"6.2",746980,657136,671213,622569,646240,663853,680776,678882,641933,"54.27",0.666,0.616,"0.9",1,1,0,4,48,2,"Slider",5,0,0,5,2,5,2,5,"Standard","Standard",109,"-0.053","0.915","74.3","6.4",0.748,"-0.915","102.3",5,-5,"0.885","0.115",26,24,27,24,1,2,4,1,1,1,"2.81","-0.37","0.37","47.4"
"SL","2024-04-10","86.9","-2.13","6.49","Campbell, Isaiah",681297,663462,,"foul",,,,,5,"Colton Cowser singles on a line drive to left fielder Jarren Duran.   Ryan Mountcastle scores.    Cedric Mullins scores.","R","L","R","BOS","BAL","S",,,0,0,2024,"0.38","0.15","-0.09","2.78",663624,656775,,0,6,"Top",,,,,,,4.142227844188028,-126.50808921468453,-3.059837581458507,3.2229622218307643,25.292787607510814,-30.153270055840963,"3.39","1.65",302,"94.5",41,"87.4",2716,"6.6",746980,657136,671213,622569,646240,663853,680776,678882,641933,"53.93",,,,,,,,48,1,"Slider",5,0,0,5,0,5,0,5,"Standard","Standard",95,"0","-0.067","76.2","6.5",,"0.067","94.5",5,-5,"0.885","0.115",26,24,27,24,1,2,4,1,1,1,"2.86","-0.38","0.38","47.3"
"SL","2024-04-10","85.4","-1.98","6.37","Campbell, Isaiah",656775,663462,"single","hit_into_play",,,,,4,"Cedric Mullins singles on a line drive to right fielder Tyler O'Neill.   Ryan Mountcastle to 3rd.    Cedric Mullins to 2nd.  Ryan Mountcastle advances to 3rd, on a fielding error by right fielder Tyler O'Neill.","R","L","R","BOS","BAL","X",9,"line_drive",1,2,2024,"0.35","0.14","-0.42","2.12",,,663624,0,6,"Top",162.21,89.27,,,,,3.0092912818128266,-124.41144507147324,-4.133095595798283,3.1324637787454304,21.305136064148552,-30.167286814285276,"3.32","1.5",253,"86.3",15,"86.7",2638,"6.7",746980,657136,671213,622569,646240,663853,680776,678882,641933,"53.8",0.96,0.91,"0.9",1,1,0,4,47,4,"Slider",5,0,0,5,0,5,0,5,"Infield shade","Standard",86,"-0.055","0.76","73.6","7.4",1.112,"-0.76","88.0",5,-5,"0.94","0.06",26,29,27,30,1,2,4,1,1,1,"2.94","-0.35","0.35","45.3"
"FF","2024-04-10","94.6","-1.88","6.48","Campbell, Isaiah",656775,663462,,"called_strike",,,,,7,"Cedric Mullins singles on a line drive to right fielder Tyler O'Neill.   Ryan Mountcastle to 3rd.    Cedric Mullins to 2nd.  Ryan Mountcastle advances to 3rd, on a fielding error by right fielder Tyler O'Neill.","R","L","R","BOS","BAL","S",,,1,1,2024,"-0.41","1.46","-0.37","1.65",,,663624,0,6,"Top",,,,,,,4.847692695065299,-137.41512911145293,-10.245745227799663,-6.222315975431542,27.646547192645933,-11.603402252147717,"3.34","1.43",,,,"95.3",2421,"6.6",746980,657136,671213,622569,646240,663853,680776,678882,641933,"53.94",,,,,,,,47,3,"4-Seam Fastball",5,0,0,5,0,5,0,5,"Standard","Standard",202,"0","-0.074",,,,"0.074",,5,-5,"0.94","0.06",26,29,27,30,1,2,4,1,1,1,"1.07","0.41","-0.41","48.2"
"SL","2024-04-10","88.1","-2.04","6.39","Campbell, Isaiah",656775,663462,,"ball",,,,,14,"Cedric Mullins singles on a line drive to right fielder Tyler O'Neill.   Ryan Mountcastle to 3rd.    Cedric Mullins to 2nd.  Ryan Mountcastle advances to 3rd, on a fielding error by right fielder Tyler O'Neill.","R","L","R","BOS","BAL","B",,,0,1,2024,"0.04","0.29","0.34","1.06",,,663624,0,6,"Top",,,,,,,5.702362090531457,-128.22003917315587,-7.543417620789291,-0.576603261008689,23.053981262937473,-27.692390103043937,"3.3","1.39",,,,"88.8",2612,"6.4",746980,657136,671213,622569,646240,663853,680776,678882,641933,"54.1",,,,,,,,47,2,"Slider",5,0,0,5,0,5,0,5,"Standard","Standard",158,"0","0.052",,,,"-0.052",,5,-5,"0.94","0.06",26,29,27,30,1,2,4,1,1,1,"2.61","-0.04","0.04","47.3"
"SL","2024-04-10","86.4","-2.17","6.4","Campbell, Isaiah",656775,663462,,"foul",,,,,6,"Cedric Mullins singles on a line drive to right fielder Tyler O'Neill.   Ryan Mountcastle to 3rd.    Cedric Mullins to 2nd.  Ryan Mountcastle advances to 3rd, on a fielding error by right fielder Tyler O'Neill.","R","L","R","BOS","BAL","S",,,0,0,2024,"0.49","0.15","0.6","2.22",,,663624,0,6,"Top",,,,,,,5.605978987096746,-125.81521537388238,-4.102958836140131,4.181799143119106,23.575744321651488,-30.02864007461659,"3.32","1.5",,,,"86.8",2741,"6.4",746980,657136,671213,622569,646240,663853,680776,678882,641933,"54.14",,,,,,,,47,1,"Slider",5,0,0,5,0,5,0,5,"Standard","Standard",105,"0","-0.063","69.3","7.4",,"0.063",,5,-5,"0.94","0.06",26,29,27,30,1,2,4,1,1,1,"2.88","-0.49","0.49","52.4"
"SL","2024-04-10","88","-2","6.48","Campbell, Isaiah",663624,663462,"single","hit_into_play",,,,,9,"Ryan Mountcastle singles on a ground ball to right fielder Tyler O'Neill.","R","R","R","BOS","BAL","X",9,"ground_ball",1,0,2024,"0.35","0.46","0.3","2.17",,,,0,6,"Top",199.92,108.83,,,,,4.874002359097036,-128.16551936682882,-5.37739514827414,2.9621890616785715,24.06920498256272,-26.28076040921364,"3.69","1.85",26,"90.7",-3,"88.6",2691,"6.4",746980,657136,671213,622569,646240,663853,680776,678882,641933,"54.07",0.257,0.257,"0.9",1,1,0,2,46,2,"Slider",5,0,0,5,0,5,0,5,"Infield shade","Standard",157,"-0.018","0.368","78.2","6.8",0.279,"-0.368","90.7",5,-5,"0.958","0.042",26,27,27,27,1,2,4,1,1,1,"2.46","-0.35","-0.35","48.8"
"SL","2024-04-10","87.5","-2.04","6.45","Campbell, Isaiah",663624,663462,,"ball",,,,,12,"Ryan Mountcastle singles on a ground ball to right fielder Tyler O'Neill.","R","R","R","BOS","BAL","B",,,0,0,2024,"0.31","0.58","0.83","3.69",,,,0,6,"Top",,,,,,,6.318580716051397,-127.46947528562349,-1.818177883639288,2.2977804338041072,23.124534994491206,-25.62021721805173,"3.66","1.79",,,,"88.5",2652,"6.6",746980,657136,671213,622569,646240,663853,680776,678882,641933,"53.88",,,,,,,,46,1,"Slider",5,0,0,5,0,5,0,5,"Standard","Standard",163,"0","0.034",,,,"-0.034",,5,-5,"0.958","0.042",26,27,27,27,1,2,4,1,1,1,"2.36","-0.31","-0.31","52.9"
"ST","2024-04-06","83.3","-2.24","6.38","Campbell, Isaiah",545361,663462,"field_out","hit_into_play",,,,,9,"Mike Trout flies out to left fielder Jarren Duran.","R","R","R","LAA","BOS","X",7,"fly_ball",1,0,2024,"1.19","-0.02","0.35","2.09",687263,543685,694384,2,6,"Bot",99.71,91.35,,,,,3.589667090506345,-121.29990099484903,-3.300790838836857,10.956597117297385,25.58255891182264,-31.94562193629278,"3.5","1.69",276,"78.1",37,"83",2697,"6.2",746248,657136,671213,665839,646240,622569,680776,678882,641933,"54.3",0.051,0.046,"0",1,0,0,3,51,2,"Sweeper",2,1,2,1,1,2,2,1,"Standard","Standard",55,"-0.064","-0.889","78.2","8.3",0.065,"0.889","88.0",1,1,"0.764","0.764",26,32,27,33,1,3,1,1,4,1,"3.33","-1.19","-1.19","46.0"
"ST","2024-04-06","83","-2.35","6.47","Campbell, Isaiah",545361,663462,,"ball",,,,,13,"Mike Trout flies out to left fielder Jarren Duran.","R","R","R","LAA","BOS","B",,,0,0,2024,"0.83","-0.05","-0.27","1.24",687263,543685,694384,2,6,"Bot",,,,,,,3.1432438024708445,-120.79876849665895,-5.4010579117091675,7.489604998960193,24.565820491787168,-31.734831036963982,"3.3","1.56",,,,"82.9",2612,"6.3",746248,657136,671213,665839,646240,622569,680776,678882,641933,"54.2",,,,,,,,51,1,"Sweeper",2,1,2,1,1,2,2,1,"Standard","Standard",42,"0","0.089",,,,"-0.089",,1,1,"0.764","0.764",26,32,27,33,1,3,1,1,4,1,"3.36","-0.83","-0.83","45.6"
"SL","2024-04-06","87","-2.32","6.47","Campbell, Isaiah",694384,663462,"walk","blocked_ball",,,,,13,"Nolan Schanuel walks.   Anthony Rendon to 2nd.","R","L","R","LAA","BOS","B",,,3,0,2024,"0.41","-0.11","-0.3","-0.26",687263,,543685,2,6,"Bot",,,,,,,3.9841133913830924,-126.41284851558926,-9.69768010649822,3.565413348942981,25.434739210131063,-31.62988184731308,"3.53","1.69",,,,"86.8",2862,"6.2",746248,657136,671213,665839,646240,622569,680776,678882,641933,"54.3",,0.689131,"0.7",1,0,0,,50,4,"Slider",2,1,2,1,1,2,2,1,"Infield shade","Standard",91,"0.018","0.04",,,,"-0.04",,1,1,"0.746","0.746",26,22,27,22,1,3,1,1,4,1,"3.13","-0.41","0.41","46.4"
"SL","2024-04-06","84.9","-2.15","6.54","Campbell, Isaiah",694384,663462,,"ball",,,,,11,"Nolan Schanuel walks.   Anthony Rendon to 2nd.","R","L","R","LAA","BOS","B",,,2,0,2024,"0.4","0.07","-1.33","3.35",687263,,543685,2,6,"Bot",,,,,,,1.1210632668637026,-123.75252382672856,-1.3636338228319462,3.9266599671880793,22.352503735754386,-31.35602611938875,"3.59","1.78",,,,"85.5",2782,"6.3",746248,657136,671213,665839,646240,622569,680776,678882,641933,"54.16",,,,,,,,50,3,"Slider",2,1,2,1,1,2,2,1,"Infield shade","Standard",86,"0","0.163",,,,"-0.163",,1,1,"0.746","0.746",26,22,27,22,1,3,1,1,4,1,"3.05","-0.4","0.4","50.0"
"SL","2024-04-06","87.8","-2.09","6.64","Campbell, Isaiah",694384,663462,,"ball",,,,,13,"Nolan Schanuel walks.   Anthony Rendon to 2nd.","R","L","R","LAA","BOS","B",,,1,0,2024,"0.52","0.18","-0.4","1.35",687263,,543685,2,6,"Bot",,,,,,,3.027209243732462,-127.76424405676445,-7.057530118863954,5.00150181893599,26.883800315914574,-28.93260777337919,"3.61","1.8",,,,"87.9",2802,"6.4",746248,657136,671213,665839,646240,622569,680776,678882,641933,"54.08",,,,,,,,50,2,"Slider",2,1,2,1,1,2,2,1,"Standard","Standard",108,"0","0.1",,,,"-0.1",,1,1,"0.746","0.746",26,22,27,22,1,3,1,1,4,1,"2.78","-0.52","0.52","50.2"
"SL","2024-04-06","84.5","-2.08","6.64","Campbell, Isaiah",694384,663462,,"ball",,,,,11,"Nolan Schanuel walks.   Anthony Rendon to 2nd.","R","L","R","LAA","BOS","B",,,0,0,2024,"0.66","-0.39","-1.1","2.86",687263,,543685,2,6,"Bot",,,,,,,0.9564888287220015,-123.14916577968705,-1.663238434549755,6.493882773507626,25.069032565699633,-36.05975141466896,"3.59","1.75",,,,"84.3",2825,"6.1",746248,657136,671213,665839,646240,622569,680776,678882,641933,"54.36",,,,,,,,50,1,"Slider",2,1,2,1,1,2,2,1,"Standard","Standard",71,"0","0.05",,,,"-0.05",,1,1,"0.746","0.746",26,22,27,22,1,3,1,1,4,1,"3.58","-0.66","0.66","56.1"
"SL","2024-04-06","84.9","-1.88","6.63","Campbell, Isaiah",543685,663462,"field_error","hit_into_play",,,,,4,"Anthony Rendon reaches on a fielding error by third baseman Rafael Devers.   Luis Rengifo scores.    Mickey Moniak scores.    Zach Neto to 3rd.","R","R","R","LAA","BOS","X",5,"ground_ball",2,2,2024,"0.43","-0.22","-0.39","2.22",650859,666160,687263,2,6,"Bot",90.72,140.91,,,,,2.6460510478095203,-123.6780340208021,-3.6163732274825557,3.937850295402545,23.64889013127155,-33.94473023678735,"3.27","1.59",4,"91.7",-28,"85.7",2791,"6.6",746248,657136,671213,665839,646240,622569,680776,678882,641933,"53.88",0.063,0.064,"0.9",1,0,0,2,49,5,"Slider",0,1,0,1,1,2,2,1,"Standard","Standard",70,"0.317","1.493","67.1","5.9",0.063,"-1.493","91.7",-1,-1,"0.429","0.429",26,34,27,34,1,3,1,1,4,1,"3.36","-0.43","-0.43","49.5"
"SL","2024-04-06","87.1","-1.94","6.52","Campbell, Isaiah",543685,663462,,"blocked_ball",,,,,14,"Anthony Rendon reaches on a fielding error by third baseman Rafael Devers.   Luis Rengifo scores.    Mickey Moniak scores.    Zach Neto to 3rd.","R","R","R","LAA","BOS","B",,,1,2,2024,"0.43","-0.17","0.33","0.49",650859,666160,687263,2,6,"Bot",,,,,,,4.55541504022096,-126.55872457905608,-7.942769100637621,3.607312939925518,26.620772632477912,-32.48610697628938,"3.18","1.49",,,,"87",2906,"6.4",746248,657136,671213,665839,646240,622569,680776,678882,641933,"54.12",,,,,,,,49,4,"Slider",0,1,0,1,1,0,0,1,"Standard","Standard",67,"0","0.152",,,,"-0.152",,-1,-1,"0.429","0.429",26,34,27,34,1,3,1,1,4,1,"3.19","-0.43","-0.43","47.3"
"SL","2024-04-06","88.3","-1.91","6.52","Campbell, Isaiah",543685,663462,,"swinging_strike",,,,,14,"Anthony Rendon reaches on a fielding error by third baseman Rafael Devers.   Luis Rengifo scores.    Mickey Moniak scores.    Zach Neto to 3rd.","R","R","R","LAA","BOS","S",,,1,1,2024,"0.3","0.43","0.29","1.02",650859,666160,687263,2,6,"Bot",,,,,,,4.743629148994151,-128.44198842149885,-8.244250754656198,2.458078283711321,25.004409965167856,-25.959523856843834,"3.27","1.59",,,,"88.7",2741,"6.4",746248,657136,671213,665839,646240,622569,680776,678882,641933,"54.09",,,,,,,,49,3,"Slider",0,1,0,1,1,0,0,1,"Standard","Standard",157,"0","-0.146","71.8","7.7",,"0.146",,-1,-1,"0.429","0.429",26,34,27,34,1,3,1,1,4,1,"2.48","-0.3","-0.3","48.4"
"SL","2024-04-06","86.4","-1.99","6.57","Campbell, Isaiah",543685,663462,,"called_strike",,,,,9,"Anthony Rendon reaches on a fielding error by third baseman Rafael Devers.   Luis Rengifo scores.    Mickey Moniak scores.    Zach Neto to 3rd.","R","R","R","LAA","BOS","S",,,1,0,2024,"0.43","0.19","0.39","1.72",650859,666160,687263,2,6,"Bot",,,,,,,4.797894788558143,-125.82485659971321,-5.769869580358307,3.6216837682670926,24.11103108457704,-29.199070684216316,"3.16","1.58",,,,"86.8",2782,"6.4",746248,657136,671213,665839,646240,622569,680776,678882,641933,"54.13",,,,,,,,49,2,"Slider",0,1,0,1,1,0,0,1,"Standard","Standard",89,"0","-0.126",,,,"0.126",,-1,-1,"0.429","0.429",26,34,27,34,1,3,1,1,4,1,"2.84","-0.43","-0.43","48.5"
"SL","2024-04-06","83.6","-1.81","6.51","Campbell, Isaiah",543685,663462,,"blocked_ball",,,,,14,"Anthony Rendon reaches on a fielding error by third baseman Rafael Devers.   Luis Rengifo scores.    Mickey Moniak scores.    Zach Neto to 3rd.","R","R","R","LAA","BOS","B",,,0,0,2024,"0.56","0.1","0.76","0.41",650859,666160,687263,2,6,"Bot",,,,,,,4.825064285634707,-121.55441242220681,-7.823892125719087,4.5904324364508025,23.451134233724883,-29.84309543983987,"3.21","1.54",,,,"83.6",2688,"6.3",746248,657136,671213,665839,646240,622569,680776,678882,641933,"54.19",,,,,,,,49,1,"Slider",0,1,0,1,1,0,0,1,"Standard","Standard",78,"0","0.089",,,,"-0.089",,-1,-1,"0.429","0.429",26,34,27,34,1,3,1,1,4,1,"3.16","-0.56","-0.56","50.2"
"ST","2024-04-06","81","-2.26","6.53","Campbell, Isaiah",687263,663462,"single","hit_into_play",,,,,9,"Zach Neto singles on a ground ball to shortstop Pablo Reyes.   Luis Rengifo to 3rd.    Mickey Moniak to 2nd.","R","R","R","LAA","BOS","X",6,"ground_ball",0,0,2024,"1.48","-0.47","0.53","1.68",,650859,666160,2,6,"Bot",110.55,151.22,,,,,3.3976340025690823,-117.82653023072899,-3.1859972248977866,12.861216049728336,26.059777262317066,-36.042824205987195,"3.49","1.67",28,"79.3",-1,"80.4",2901,"6.3",746248,657136,671213,665839,646240,622569,680776,678882,641933,"54.24",0.157,0.15,"0.9",1,1,0,2,48,1,"Sweeper",0,1,0,1,1,0,0,1,"Infield shade","Standard",45,"0.052","0.898","74.1","7.4",0.194,"-0.898","88.0",-1,-1,"0.377","0.377",26,23,27,23,1,2,1,1,4,1,"3.99","-1.48","-1.48","45.4"
"SL","2024-04-05","88.4","-1.99","6.51","Campbell, Isaiah",694384,663462,"field_out","hit_into_play",,,,,4,"Nolan Schanuel grounds out, pitcher Isaiah Campbell to shortstop Pablo Reyes to first baseman Triston Casas.","R","L","R","LAA","BOS","X",1,"ground_ball",0,1,2024,"0.3","-0.02","-0.32","2.46",,,,2,8,"Bot",128.2,182.32,,,,,3.44899504793333,-128.75932759426257,-3.7517016286006606,2.5460287287791092,27.666748497397485,-31.76723535442187,"3.46","1.66",8,"98.8",-16,"88.2",2627,"6.2",746249,624512,671213,665839,646240,622569,680776,678882,641933,"54.31",0.186,0.191,"0",1,0,0,2,77,2,"Slider",6,7,6,7,7,6,6,7,"Standard","Standard",115,"-0.031","-0.083","70.3","6.6",0.186,"0.083","98.8",-1,-1,"0.189","0.189",26,22,27,22,1,4,3,2,1,1,"2.94","-0.3","0.3","47.3"
"ST","2024-04-05","81","-2.45","6.36","Campbell, Isaiah",694384,663462,,"called_strike",,,,,4,"Nolan Schanuel grounds out, pitcher Isaiah Campbell to shortstop Pablo Reyes to first baseman Triston Casas.","R","L","R","LAA","BOS","S",,,0,0,2024,"1.28","-0.37","-0.73","2.68",,,,2,8,"Bot",,,,,,,1.398753579688241,-117.88589072932511,-0.8077823285606984,11.542755232087586,24.852721404434952,-35.69836805721387,"3.71","1.96",,,,"80.6",2599,"6.3",746249,624512,671213,665839,646240,622569,680776,678882,641933,"54.22",,,,,,,,77,1,"Sweeper",6,7,6,7,7,6,6,7,"Standard","Standard",39,"0","-0.016",,,,"0.016",,-1,-1,"0.189","0.189",26,22,27,22,1,4,3,2,1,1,"3.88","-1.28","1.28","42.1"
"SL","2024-04-05","83.9","-1.95","6.61","Campbell, Isaiah",543685,663462,"field_out","hit_into_play",,,,,4,"Anthony Rendon grounds out, third baseman Rafael Devers to first baseman Triston Casas.","R","R","R","LAA","BOS","X",5,"ground_ball",2,0,2024,"0.26","-0.25","-0.29","2.34",,,,1,8,"Bot",90.86,162.99,,,,,3.3356138153793657,-122.13678593402615,-2.9449255426060494,1.8996360230976226,24.98562695697156,-34.32107772696595,"3.28","1.6",7,"83.4",-20,"84",2606,"6.4",746249,624512,671213,665839,646240,622569,680776,678882,641933,"54.07",0.06,0.057,"0",1,0,0,2,76,3,"Slider",6,7,6,7,7,6,6,7,"Standard","Standard",67,"-0.046","-0.232","72.9","6.6",0.06,"0.232","88.0",-1,-1,"0.235","0.235",26,34,27,34,1,4,3,3,1,1,"3.5","-0.26","-0.26","49.7"
"SL","2024-04-05","86.2","-1.99","6.5","Campbell, Isaiah",543685,663462,,"ball",,,,,14,"Anthony Rendon grounds out, third baseman Rafael Devers to first baseman Triston Casas.","R","R","R","LAA","BOS","B",,,1,0,2024,"0.22","0.08","1.27","0.46",,,,1,8,"Bot",,,,,,,7.280315702724655,-125.20692644386284,-8.216510551810996,0.8183842071082321,26.476301124561452,-29.721043322347736,"3.24","1.55",,,,"85.8",2795,"6.2",746249,624512,671213,665839,646240,622569,680776,678882,641933,"54.25",,,,,,,,76,2,"Slider",6,7,6,7,7,6,6,7,"Standard","Standard",81,"0","0.046",,,,"-0.046",,-1,-1,"0.235","0.235",26,34,27,34,1,4,3,3,1,1,"3.01","-0.22","-0.22","48.2"
"FF","2024-04-05","93.8","-1.85","6.58","Campbell, Isaiah",543685,663462,,"ball",,,,,14,"Anthony Rendon grounds out, third baseman Rafael Devers to first baseman Triston Casas.","R","R","R","LAA","BOS","B",,,0,0,2024,"-0.54","1.68","1.38","1.35",,,,1,8,"Bot",,,,,,,9.50733421233272,-135.8941199431545,-11.431527534797654,-8.793454219748625,30.85140978245586,-8.880544633385016,"3.24","1.61",,,,"93.4",2530,"6.4",746249,624512,671213,665839,646240,622569,680776,678882,641933,"54.13",,,,,,,,76,1,"4-Seam Fastball",6,7,6,7,7,6,6,7,"Standard","Standard",207,"0","0.025",,,,"-0.025",,-1,-1,"0.235","0.235",26,34,27,34,1,4,3,3,1,1,"0.94","0.54","0.54","51.0"
"ST","2024-04-05","79.9","-2.36","6.43","Campbell, Isaiah",687263,663462,"field_out","hit_into_play",,,,,14,"Zach Neto grounds out, second baseman Enmanuel Valdez to first baseman Triston Casas.","R","R","R","LAA","BOS","X",4,"ground_ball",0,0,2024,"1.57","-0.36","0.84","1.76",,,,0,8,"Bot",132.28,139.54,,,,,4.068113735108468,-116.25366585764802,-2.796485409911887,13.229051473957686,24.629122646957818,-35.095797594421406,"3.49","1.67",84,"86.7",6,"79.4",2774,"6.2",746249,624512,671213,665839,646240,622569,680776,678882,641933,"54.25",0.477,0.455,"0",1,0,0,4,75,1,"Sweeper",6,7,6,7,7,6,6,7,"Standard","Standard",40,"-0.062","-0.228","66.9","7.2",0.55,"0.228","88.0",-1,-1,"0.297","0.297",26,23,27,23,1,3,3,2,1,1,"3.97","-1.57","-1.57","44.0"
"SL","2024-04-02","87","-2.1","6.62","Campbell, Isaiah",680869,663462,"field_out","hit_into_play",,,,,14,"Zack Gelof lines out to center fielder Jarren Duran.","R","R","R","OAK","BOS","X",8,"line_drive",2,2,2024,"0.44","0.29","0.63","1.41",671732,,,2,7,"Bot",113.14,68.24,,,,,5.633275775399821,-126.43777876315909,-6.864561037474287,3.497002159706702,26.525600309663577,-27.835580102130976,"3.47","1.59",326,"96.9",22,"86.6",2637,"6.2",745680,657136,671213,678882,646240,596115,641933,680776,677800,"54.3",0.243,0.298,"0",1,0,0,5,63,5,"Slider",4,4,4,4,4,4,4,4,"Standard","Standard",101,"-0.074","-0.253",,,0.485,"0.253","96.9",0,0,"0.574","0.574",26,24,27,25,1,3,3,1,3,1,"2.74","-0.44","-0.44","52.1"
"SL","2024-04-02","84.8","-2.1","6.52","Campbell, Isaiah",680869,663462,,"ball",,,,,14,"Zack Gelof lines out to center fielder Jarren Duran.","R","R","R","OAK","BOS","B",,,1,2,2024,"0.83","0.22","1.25","1.67",671732,,,2,7,"Bot",,,,,,,6.181078289483436,-123.21383525559688,-5.355477075475281,6.990293713257452,27.125912215261675,-29.002454360462295,"3.44","1.57",,,,"84.5",2730,"6.4",745680,657136,671213,678882,646240,596115,641933,680776,677800,"54.05",,,,,,,,63,4,"Slider",4,4,4,4,4,4,4,4,"Standard","Standard",62,"0","0.021",,,,"-0.021",,0,0,"0.574","0.574",26,24,27,25,1,3,3,1,3,1,"2.99","-0.83","-0.83","48.7"
"SL","2024-04-02","85.6","-1.85","6.58","Campbell, Isaiah",680869,663462,,"blocked_ball",,,,,14,"Zack Gelof lines out to center fielder Jarren Duran.","R","R","R","OAK","BOS","B",,,0,2,2024,"0.59","0.03","1.38","-0.33",671732,,,2,7,"Bot",,,,,,,6.443187147853418,-124.26111951818909,-10.062227104258042,4.759741599137571,25.186596323843844,-29.98897805312584,"3.47","1.56",,,,"85.5",2673,"6.4",745680,657136,671213,678882,646240,596115,641933,680776,677800,"54.13",,,,,,,,63,3,"Slider",4,4,4,4,4,4,4,4,"Standard","Standard",93,"0","0.021",,,,"-0.021",,0,0,"0.574","0.574",26,24,27,25,1,3,3,1,3,1,"3.1","-0.59","-0.59","50.3"
"SL","2024-04-02","87.4","-2","6.58","Campbell, Isaiah",680869,663462,,"swinging_strike",,,,,14,"Zack Gelof lines out to center fielder Jarren Duran.","R","R","R","OAK","BOS","S",,,0,1,2024,"0.66","0.22","0.75","1.45",671732,,,2,7,"Bot",,,,,,,5.277465053978323,-127.12581863616116,-6.6251775263969,5.974827501083089,27.46163472927093,-28.602329668614328,"3.47","1.59",,,,"87.2",2750,"6.3",745680,657136,671213,678882,646240,596115,641933,680776,677800,"54.19",,,,,,,,63,2,"Slider",4,4,4,4,4,4,4,4,"Standard","Standard",84,"0","-0.07",,,,"0.07",,0,0,"0.574","0.574",26,24,27,25,1,3,3,1,3,1,"2.78","-0.66","-0.66","49.3"
"SL","2024-04-02","85.1","-2.29","6.56","Campbell, Isaiah",680869,663462,,"called_strike",,,,,12,"Zack Gelof lines out to center fielder Jarren Duran.","R","R","R","OAK","BOS","S",,,0,0,2024,"0.56","0.2","1","2.64",671732,,,2,7,"Bot",,,,,,,6.612142252544894,-123.78838452609332,-3.27498112817569,4.36490106769829,25.756400975784075,-29.633560251226072,"3.51","1.62",,,,"85.1",2780,"6.4",745680,657136,671213,678882,646240,596115,641933,680776,677800,"54.11",,,,,,,,63,1,"Slider",4,4,4,4,4,4,4,4,"Standard","Standard",63,"0","-0.047",,,,"0.047",,0,0,"0.574","0.574",26,24,27,25,1,3,3,1,3,1,"2.96","-0.56","-0.56","54.6"
"SL","2024-04-02","85.3","-2.35","6.5","Campbell, Isaiah",676116,663462,"field_out","hit_into_play",,,,,7,"Ryan Noda grounds out to first baseman Triston Casas.   Lawrence Butler to 3rd.","R","L","R","OAK","BOS","X",3,"ground_ball",2,1,2024,"0.42","0.07","-0.47","1.93",,671732,,1,7,"Bot",161.64,164.14,,,,,3.5832982380715186,-124.16146724746304,-4.605803415293801,3.6119602823746697,24.22845970525042,-30.76557814958348,"3.4","1.63",9,"77.6",-13,"85.3",2748,"6.2",745680,657136,671213,678882,646240,596115,641933,680776,677800,"54.3",0.054,0.054,"0",1,0,0,2,62,4,"Slider",4,4,4,4,4,4,4,4,"Infield shade","Standard",82,"-0.05","-0.344",,,0.064,"0.344","88.0",0,0,"0.624","0.624",26,28,27,28,1,3,3,1,3,1,"3.06","-0.42","0.42","51.6"
"SL","2024-04-02","85","-2.14","6.41","Campbell, Isaiah",676116,663462,,"blocked_ball",,,,,14,"Ryan Noda grounds out to first baseman Triston Casas.   Lawrence Butler to 3rd.","R","L","R","OAK","BOS","B",,,1,1,2024,"0.45","0.03","0.52","0.54",,671732,,1,7,"Bot",,,,,,,5.344551482449447,-123.56399196734334,-7.479573415063689,3.5038997362011033,25.420447220284036,-30.528744720500132,"3.16","1.48",,,,"85",2625,"6.4",745680,657136,671213,678882,646240,596115,641933,680776,677800,"54.05",,,,,,,,62,3,"Slider",4,4,4,4,4,4,4,4,"Standard","Standard",80,"0","0.047",,,,"-0.047",,0,0,"0.624","0.624",26,28,27,28,1,3,3,1,3,1,"3.14","-0.45","0.45","43.4"
"SL","2024-04-02","87.5","-2.46","6.53","Campbell, Isaiah",676116,663462,,"ball",,,,,13,"Ryan Noda grounds out to first baseman Triston Casas.   Lawrence Butler to 3rd.","R","L","R","OAK","BOS","B",,,0,1,2024,"0.48","0.15","-0.71","1.37",,671732,,1,7,"Bot",,,,,,,3.220861136838335,-127.35387689284616,-6.609181936165337,4.543092589965319,26.95633217211134,-29.323811758004826,"3.13","1.51",,,,"87.4",2712,"6.3",745680,657136,671213,678882,646240,596115,641933,680776,677800,"54.24",,,,,,,,62,2,"Slider",4,4,4,4,4,4,4,4,"Standard","Standard",111,"0","0.025",,,,"-0.025",,0,0,"0.624","0.624",26,28,27,28,1,3,3,1,3,1,"2.83","-0.48","0.48","47.4"
"SL","2024-04-02","86.5","-2.42","6.51","Campbell, Isaiah",676116,663462,,"swinging_strike",,,,,13,"Ryan Noda grounds out to first baseman Triston Casas.   Lawrence Butler to 3rd.","R","L","R","OAK","BOS","S",,,0,0,2024,"0.42","0","-0.39","1.4",,671732,,1,7,"Bot",,,,,,,3.994517009366793,-125.93745556103694,-6.026191742422094,3.705469612964325,23.882744138612637,-31.196328073626074,"3.4","1.63",,,,"86.7",2537,"6.2",745680,657136,671213,678882,646240,596115,641933,680776,677800,"54.26",,,,,,,,62,1,"Slider",4,4,4,4,4,4,4,4,"Standard","Standard",117,"0","-0.045",,,,"0.045",,0,0,"0.624","0.624",26,28,27,28,1,3,3,1,3,1,"3.02","-0.42","0.42","45.6"
"SL","2024-04-02","87.7","-2.28","6.57","Campbell, Isaiah",669397,663462,,"foul_bunt",,,,,6,"Nick Allen strikes out on a foul bunt.","R","R","R","OAK","BOS","S",,,0,1,2024,"0.37","0.11","0.46","2.22",,671732,,0,7,"Bot",,,,,,,5.855164383291021,-127.67403292878157,-4.689372539998895,3.0069964865349936,23.99973426147293,-30.20750063703096,"3.03","1.43",4,,,"87.9",2581,"6.2",745680,657136,671213,678882,646240,596115,641933,680776,677800,"54.29",,,,,,,,61,2,"Slider",4,4,4,4,4,4,4,4,"Strategic","Standard",162,"0","-0.092",,,,"0.092","88.0",0,0,"0.696","0.696",26,25,27,26,1,2,3,2,3,1,"2.82","-0.37","-0.37","49.7"
"SL","2024-04-02","84.4","-2.17","6.62","Campbell, Isaiah",669397,663462,,"foul_bunt",,,,,9,"Nick Allen strikes out on a foul bunt.","R","R","R","OAK","BOS","S",,,0,0,2024,"0.72","-0.26","0.48","1.61",,671732,,0,7,"Bot",,,,,,,4.719072896585487,-122.89588648657231,-4.834909627403215,6.478899248143478,23.169424637804664,-34.07023332883529,"3.03","1.43",0,,,"84.7",2641,"6.3",745680,657136,671213,678882,646240,596115,641933,680776,677800,"54.19",,,,,,,,61,1,"Slider",4,4,4,4,4,4,4,4,"Strategic","Standard",87,"0","-0.047",,,,"0.047",,0,0,"0.696","0.696",26,25,27,26,1,2,3,2,3,1,"3.44","-0.72","-0.72","53.6"
"ST","2024-04-02","80.9","-2.55","6.3","Campbell, Isaiah",671732,663462,"double","hit_into_play",,,,,14,"Lawrence Butler doubles (1) on a sharp line drive to center fielder Jarren Duran.","R","L","R","OAK","BOS","X",8,"line_drive",1,2,2024,"1.31","-0.37","0.25","1.56",,,,0,7,"Bot",147.84,93.79,,,,,3.7403525641531497,-117.79149853476764,-3.1862558195672417,11.361547790577847,23.919599321998735,-35.17215722756306,"3.55","1.7",268,"101.5",14,"80.5",2684,"6.2",745680,657136,671213,678882,646240,596115,641933,680776,677800,"54.35",0.751,0.752,"1.25",1,1,1,4,60,4,"Sweeper",4,4,4,4,4,4,4,4,"Infield shade","Standard",47,"0.11","0.683",,,1.016,"-0.683","101.5",0,0,"0.586","0.586",26,23,27,24,1,2,3,1,3,1,"3.87","-1.31","1.31","39.8"
"SL","2024-04-02","85.5","-2.38","6.53","Campbell, Isaiah",671732,663462,,"foul",,,,,7,"Lawrence Butler doubles (1) on a sharp line drive to center fielder Jarren Duran.","R","L","R","OAK","BOS","S",,,1,1,2024,"0.33","-0.13","-0.67","2.13",,,,0,7,"Bot",,,,,,,3.3799693391738477,-124.62102576536864,-3.9106274254895403,2.8036828831155263,22.759125163999524,-33.03856987752805,"3.55","1.7",184,"70.2",46,"85.8",2700,"6.2",745680,657136,671213,678882,646240,596115,641933,680776,677800,"54.34",,,,,,,,60,3,"Slider",4,4,4,4,4,4,4,4,"Infield shade","Standard",62,"0","-0.051",,,,"0.051","88.0",0,0,"0.586","0.586",26,23,27,24,1,2,3,1,3,1,"3.22","-0.33","0.33","49.1"
"SL","2024-04-02","87","-2.29","6.56","Campbell, Isaiah",671732,663462,,"called_strike",,,,,12,"Lawrence Butler doubles (1) on a sharp line drive to center fielder Jarren Duran.","R","L","R","OAK","BOS","S",,,1,0,2024,"0.46","0.09","0.84","2.64",,,,0,7,"Bot",,,,,,,6.582740774793645,-126.55331271112395,-3.4240703076845875,3.6720202715501933,25.073946353846118,-30.75843264900352,"3.41","1.64",,,,"87.3",2413,"6.4",745680,657136,671213,678882,646240,596115,641933,680776,677800,"54.08",,,,,,,,60,2,"Slider",4,4,4,4,4,4,4,4,"Infield shade","Standard",142,"0","-0.044",,,,"0.044",,0,0,"0.586","0.586",26,23,27,24,1,2,3,1,3,1,"2.92","-0.46","0.46","49.6"
"SL","2024-04-02","88.2","-2.31","6.57","Campbell, Isaiah",671732,663462,,"ball",,,,,14,"Lawrence Butler doubles (1) on a sharp line drive to center fielder Jarren Duran.","R","L","R","OAK","BOS","B",,,0,0,2024,"0.3","0.14","0.96","0.4",,,,0,7,"Bot",,,,,,,7.324752081258936,-128.15950015852346,-9.259008969764638,1.9732250340076554,24.108627759424014,-28.971258441986908,"3.43","1.63",,,,"88.5",2541,"6.4",745680,657136,671213,678882,646240,596115,641933,680776,677800,"54.15",,,,,,,,60,1,"Slider",4,4,4,4,4,4,4,4,"Infield shade","Standard",162,"0","0.034",,,,"-0.034",,0,0,"0.586","0.586",26,23,27,24,1,2,3,1,3,1,"2.77","-0.3","0.3","52.0"
"FF","2024-03-30","93.8","-1.95","6.54","Campbell, Isaiah",670042,663462,"strikeout","called_strike",,,,,9,"Luke Raley called out on strikes.","R","L","R","SEA","BOS","S",2,,0,2,2024,"-0.18","1.42","0.69","2.05",,,,2,7,"Bot",,,,,,,7.235348614264518,-136.20507241321042,-9.062966476156744,-3.7661387916966276,27.809438000417888,-12.670317728965903,"3.56","1.58",,,,"94.2",2348,"6.5",745278,657136,671213,665839,622569,596115,680776,678882,677800,"54.03",,0,"0",1,0,0,,51,3,"4-Seam Fastball",1,1,1,1,1,1,1,1,"Infield shade","Standard",199,"-0.02","-0.061",,,,"0.061",,0,0,"0.52","0.52",26,29,27,30,1,2,2,1,3,1,"1.16","0.18","-0.18","50.0"
"SL","2024-03-30","86.6","-1.97","6.47","Campbell, Isaiah",670042,663462,,"swinging_strike",,,,,14,"Luke Raley called out on strikes.","R","L","R","SEA","BOS","S",,,0,1,2024,"0.44","-0.3","0.11","1.06",,,,2,7,"Bot",,,,,,,4.077373950098332,-126.00221900610879,-6.153766299117432,3.9617651404180587,24.474695460162707,-34.395033882807304,"3.45","1.55",,,,"87",2763,"6.5",745278,657136,671213,665839,622569,596115,680776,678882,677800,"54.03",,,,,,,,51,2,"Slider",1,1,1,1,1,1,1,1,"Infield shade","Standard",74,"0","-0.022",,,,"0.022",,0,0,"0.52","0.52",26,29,27,30,1,2,2,1,3,1,"3.33","-0.44","0.44","48.6"
"SL","2024-03-30","86.5","-2.02","6.56","Campbell, Isaiah",670042,663462,,"foul",,,,,7,"Luke Raley called out on strikes.","R","L","R","SEA","BOS","S",,,0,0,2024,"0.3","-0.11","-0.38","1.98",,,,2,7,"Bot",,,,,,,3.290632725124791,-125.98147954493683,-4.522837015858252,2.605198471026936,23.589576237034017,-32.74794987371088,"3.45","1.55",256,"90.2",49,"86.9",2637,"6.3",745278,657136,671213,665839,622569,596115,680776,678882,677800,"54.15",,,,,,,,51,1,"Slider",1,1,1,1,1,1,1,1,"Infield shade","Standard",91,"0","-0.016",,,,"0.016","90.2",0,0,"0.52","0.52",26,29,27,30,1,2,2,1,3,1,"3.14","-0.3","0.3","48.0"
"SL","2024-03-30","85.1","-2.18","6.49","Campbell, Isaiah",664034,663462,"field_out","hit_into_play",,,,,7,"Ty France grounds out, third baseman Pablo Reyes to first baseman Triston Casas.","R","R","R","SEA","BOS","X",5,"ground_ball",3,2,2024,"0.43","-0.3","-0.81","1.8",,,,1,7,"Bot",103.86,166.28,,,,,2.3558736502990563,-123.95102446525335,-4.155104892486202,4.053832588798453,23.38617170553349,-34.70667634782074,"3.25","1.49",33,"97.5",-1,"85.8",2717,"6.5",745278,657136,671213,665839,622569,596115,680776,678882,677800,"53.96",0.414,0.327,"0",1,0,0,2,50,6,"Slider",1,1,1,1,1,1,1,1,"Standard","Standard",68,"-0.028","-0.21",,,0.477,"0.21","97.5",0,0,"0.548","0.548",26,29,27,30,1,2,2,1,3,1,"3.43","-0.43","-0.43","50.1"
"SL","2024-03-30","84.9","-2.08","6.44","Campbell, Isaiah",664034,663462,,"swinging_strike",,,,,14,"Ty France grounds out, third baseman Pablo Reyes to first baseman Triston Casas.","R","R","R","SEA","BOS","S",,,3,1,2024,"0.31","-0.13","0.32","0.81",,,,1,7,"Bot",,,,,,,5.03613887641851,-123.49680841697278,-6.634474222687326,2.1387704763465885,24.50699772378874,-32.41633264491752,"3.25","1.49",,,,"85.4",2624,"6.7",745278,657136,671213,665839,622569,596115,680776,678882,677800,"53.85",,,,,,,,50,5,"Slider",1,1,1,1,1,1,1,1,"Standard","Standard",93,"0","-0.058",,,,"0.058",,0,0,"0.548","0.548",26,29,27,30,1,2,2,1,3,1,"3.3","-0.31","-0.31","49.2"
"SL","2024-03-30","85.8","-2.02","6.47","Campbell, Isaiah",664034,663462,,"ball",,,,,14,"Ty France grounds out, third baseman Pablo Reyes to first baseman Triston Casas.","R","R","R","SEA","BOS","B",,,2,1,2024,"0.44","0.17","0.77","1.4",,,,1,7,"Bot",,,,,,,5.719284898272415,-124.82422612160853,-6.077509659809149,3.455082107464078,25.216424180036086,-29.37309182794129,"3.37","1.53",,,,"86.3",2690,"6.6",745278,657136,671213,665839,622569,596115,680776,678882,677800,"53.9",,,,,,,,50,4,"Slider",1,1,1,1,1,1,1,1,"Standard","Standard",103,"0","0.077",,,,"-0.077",,0,0,"0.548","0.548",26,29,27,30,1,2,2,1,3,1,"2.93","-0.44","-0.44","49.1"
"FF","2024-03-30","93.4","-1.72","6.55","Campbell, Isaiah",664034,663462,,"ball",,,,,14,"Ty France grounds out, third baseman Pablo Reyes to first baseman Triston Casas.","R","R","R","SEA","BOS","B",,,1,1,2024,"-0.06","1.46","0.27","1.27",,,,1,7,"Bot",,,,,,,5.2540623405989315,-135.53872278216454,-11.015360074606102,-1.8619065068484322,29.503730687713457,-11.985111915630123,"3.39","1.62",,,,"93.3",2395,"6.4",745278,657136,671213,665839,622569,596115,680776,678882,677800,"54.15",,,,,,,,50,3,"4-Seam Fastball",1,1,1,1,1,1,1,1,"Standard","Standard",199,"0","0.037",,,,"-0.037",,0,0,"0.548","0.548",26,29,27,30,1,2,2,1,3,1,"1.17","0.06","0.06","51.0"
"SL","2024-03-30","87.4","-2.03","6.58","Campbell, Isaiah",664034,663462,,"foul",,,,,6,"Ty France grounds out, third baseman Pablo Reyes to first baseman Triston Casas.","R","R","R","SEA","BOS","S",,,1,0,2024,"0.44","0.22","0.4","2.7",,,,1,7,"Bot",,,,,,,4.954191817500343,-127.3333868810027,-3.743609776811135,3.946226901356143,22.990945688783444,-29.229910880128784,"3.25","1.49",224,"75.7",42,"87.9",2643,"6.2",745278,657136,671213,665839,622569,596115,680776,678882,677800,"54.26",,,,,,,,50,2,"Slider",1,1,1,1,1,1,1,1,"Standard","Standard",96,"0","-0.032",,,,"0.032","88.0",0,0,"0.548","0.548",26,29,27,30,1,2,2,1,3,1,"2.72","-0.44","-0.44","49.1"
"SL","2024-03-30","85.4","-1.78","6.6","Campbell, Isaiah",664034,663462,,"ball",,,,,11,"Ty France grounds out, third baseman Pablo Reyes to first baseman Triston Casas.","R","R","R","SEA","BOS","B",,,0,0,2024,"0.6","-0.01","-0.52","3.59",,,,1,7,"Bot",,,,,,,1.7680137478657263,-124.51152329433289,-0.862921689903942,5.9960716812563755,22.314630891272916,-32.316003348160734,"3.39","1.55",,,,"86.1",2665,"6.4",745278,657136,671213,665839,622569,596115,680776,678882,677800,"54.08",,,,,,,,50,1,"Slider",1,1,1,1,1,1,1,1,"Standard","Standard",82,"0","0.025",,,,"-0.025",,0,0,"0.548","0.548",26,29,27,30,1,2,2,1,3,1,"3.1","-0.6","-0.6","50.8"
"FF","2024-03-30","95.5","-2.04","6.57","Campbell, Isaiah",663728,663462,"strikeout","swinging_strike",,,,,11,"Cal Raleigh strikes out swinging.","R","L","R","SEA","BOS","S",2,,2,2,2024,"-0.38","1.52","-0.65","3.79",,,,0,7,"Bot",,,,,,,4.532010683132181,-139.04161577827853,-5.1496607573742335,-5.867531148211202,29.74399535602824,-11.515840800411251,"3.44","1.65",,,,"95.9",2468,"6.4",745278,657136,671213,665839,622569,596115,680776,678882,677800,"54.13",,0,"0",1,0,0,,49,5,"4-Seam Fastball",1,1,1,1,1,1,1,1,"Infield shade","Standard",206,"-0.038","-0.203",,,,"0.203",,0,0,"0.586","0.586",26,27,27,28,1,2,2,1,3,2,"0.97","0.38","-0.38","48.8"
"SL","2024-03-30","86.5","-2.18","6.44","Campbell, Isaiah",663728,663462,,"called_strike",,,,,8,"Cal Raleigh strikes out swinging.","R","L","R","SEA","BOS","S",,,2,1,2024,"0.39","0.11","-0.1","1.77",,,,0,7,"Bot",,,,,,,4.173664632626875,-125.96308915051786,-5.233511864125193,3.3983027156930077,23.20619949416207,-30.242930797537156,"3.66","1.65",,,,"86.9",2620,"6.3",745278,657136,671213,665839,622569,596115,680776,678882,677800,"54.22",,,,,,,,49,4,"Slider",1,1,1,1,1,1,1,1,"Infield shade","Standard",116,"0","-0.062",,,,"0.062",,0,0,"0.586","0.586",26,27,27,28,1,2,2,1,3,2,"2.91","-0.39","0.39","48.7"
"ST","2024-03-30","81.6","-2.45","6.37","Campbell, Isaiah",663728,663462,,"ball",,,,,13,"Cal Raleigh strikes out swinging.","R","L","R","SEA","BOS","B",,,1,1,2024,"1.56","-0.19","-0.88","2.54",,,,0,7,"Bot",,,,,,,0.5286214814987606,-118.84225980368187,-1.642887646118123,14.639935835051908,24.283015714701218,-33.82332518579947,"3.73","1.79",,,,"81.5",2818,"6.3",745278,657136,671213,665839,622569,596115,680776,678882,677800,"54.18",,,,,,,,49,3,"Sweeper",1,1,1,1,1,1,1,1,"Infield shade","Standard",50,"0","0.048",,,,"-0.048",,0,0,"0.586","0.586",26,27,27,28,1,2,2,1,3,2,"3.62","-1.56","1.56","41.9"
"ST","2024-03-30","80.8","-2.39","6.38","Campbell, Isaiah",663728,663462,,"swinging_strike",,,,,6,"Cal Raleigh strikes out swinging.","R","L","R","SEA","BOS","S",,,1,0,2024,"1.69","-0.31","0.69","2.3",,,,0,7,"Bot",,,,,,,3.640951097539198,-117.65973508821335,-1.7885648663207099,14.81742682839983,24.774164787783757,-34.904353468545004,"3.44","1.65",,,,"80.8",2712,"6.5",745278,657136,671213,665839,622569,596115,680776,678882,677800,"54.01",,,,,,,,49,2,"Sweeper",1,1,1,1,1,1,1,1,"Infield shade","Standard",42,"0","-0.044",,,,"0.044",,0,0,"0.586","0.586",26,27,27,28,1,2,2,1,3,2,"3.83","-1.69","1.69","43.2"
"ST","2024-03-30","79.5","-2.49","6.32","Campbell, Isaiah",663728,663462,,"ball",,,,,13,"Cal Raleigh strikes out swinging.","R","L","R","SEA","BOS","B",,,0,0,2024,"1.55","-0.18","-0.45","1.23",,,,0,7,"Bot",,,,,,,1.5528662102632231,-115.68659355245569,-4.006838382720169,13.593729896279044,22.836775327484915,-33.241127661770975,"3.51","1.59",,,,"79.3",2643,"6.3",745278,657136,671213,665839,622569,596115,680776,678882,677800,"54.21",,,,,,,,49,1,"Sweeper",1,1,1,1,1,1,1,1,"Infield shade","Standard",51,"0","0.034",,,,"-0.034",,0,0,"0.586","0.586",26,27,27,28,1,2,2,1,3,2,"3.81","-1.55","1.55","42.8"
"ST","2024-03-28","83.3","-2.26","6.48","Campbell, Isaiah",571745,663462,"single","hit_into_play",,,,,12,"Mitch Haniger singles on a fly ball to right fielder Tyler O'Neill.","R","R","R","SEA","BOS","X",9,"fly_ball",1,2,2024,"1.61","-0.07","1.04","3.02",,,,0,7,"Bot",152.27,97.75,,,,,4.424526328173408,-121.27227049485577,-1.3059136536007665,14.84467853756967,25.47997676410254,-32.811440542637214,"3.29","1.54",237,"70.9",31,"83.2",2717,"6.4",745283,657136,671213,622569,646240,596115,680776,678882,641933,"54.14",0.726,0.672,"0.9",1,1,0,4,56,4,"Sweeper",2,5,2,5,5,2,2,5,"Standard","Standard",46,"0.047","0.463",,,0.782,"-0.463","88.0",-3,-3,"0.118","0.118",26,33,27,34,1,2,,,2,1,"3.37","-1.61","-1.61","44.8"
"SL","2024-03-28","88","-2.14","6.63","Campbell, Isaiah",571745,663462,,"foul",,,,,1,"Mitch Haniger singles on a fly ball to right fielder Tyler O'Neill.","R","R","R","SEA","BOS","S",,,1,1,2024,"0.36","0.16","-0.6","3.33",,,,0,7,"Bot",,,,,,,2.967851771737107,-128.18642694145476,-2.2447057114436846,3.339739388530787,26.857724611513163,-30.12735607929757,"3.29","1.54",138,"71.9",13,"87.7",2646,"6.1",745283,657136,671213,622569,646240,596115,680776,678882,641933,"54.44",,,,,,,,56,3,"Slider",2,5,2,5,5,2,2,5,"Standard","Standard",111,"0","-0.051",,,,"0.051","88.0",-3,-3,"0.118","0.118",26,33,27,34,1,2,,,2,1,"2.78","-0.36","-0.36","50.6"
"ST","2024-03-28","83.3","-2.39","6.41","Campbell, Isaiah",571745,663462,,"ball",,,,,14,"Mitch Haniger singles on a fly ball to right fielder Tyler O'Neill.","R","R","R","SEA","BOS","B",,,0,1,2024,"1.61","-0.42","0.89","0.5",,,,0,7,"Bot",,,,,,,4.360944826962551,-121.08229468284438,-6.155637113134782,14.550244391990436,28.477793515357323,-35.04601134087555,"3.35","1.5",,,,"82.7",2807,"6.4",745283,657136,671213,622569,646240,596115,680776,678882,641933,"54.11",,,,,,,,56,2,"Sweeper",2,5,2,5,5,2,2,5,"Standard","Standard",33,"0","0.023",,,,"-0.023",,-3,-3,"0.118","0.118",26,33,27,34,1,2,,,2,1,"3.77","-1.61","-1.61","48.4"
"ST","2024-03-28","81.1","-2.47","6.48","Campbell, Isaiah",571745,663462,,"called_strike",,,,,5,"Mitch Haniger singles on a fly ball to right fielder Tyler O'Neill.","R","R","R","SEA","BOS","S",,,0,0,2024,"1.68","-0.31","0.16","2.27",,,,0,7,"Bot",,,,,,,2.653682254113627,-117.98020892703148,-2.1136936951674716,14.958928545978194,25.525136932864324,-34.81628453915565,"3.41","1.6",,,,"80.8",2767,"6.4",745283,657136,671213,622569,646240,596115,680776,678882,641933,"54.07",,,,,,,,56,1,"Sweeper",2,5,2,5,5,2,2,5,"Standard","Standard",48,"0","-0.033",,,,"0.033",,-3,-3,"0.118","0.118",26,33,27,34,1,2,,,2,1,"3.82","-1.68","-1.68","44.2"
"SL","2024-03-28","85.9","-2.32","6.39","Campbell, Isaiah",663728,663462,"strikeout","swinging_strike",,,,,8,"Cal Raleigh strikes out swinging.","R","L","R","SEA","BOS","S",2,,3,2,2024,"0.4","-0.12","0.16","1.84",,,,2,6,"Bot",,,,,,,5.060076783126744,-125.01628758714246,-4.2269294682737595,3.0355908794446713,27.470754783937355,-32.76134093414624,"3.45","1.66",,,,"85.8",2713,"6.4",745283,657136,671213,622569,646240,596115,680776,678882,641933,"54.1",,0,"0",1,0,0,,52,7,"Slider",2,5,2,5,5,2,2,5,"Infield shade","Standard",67,"-0.01","-0.125",,,,"0.125",,-3,-3,"0.108","0.108",26,27,27,28,1,2,,,2,1,"3.23","-0.4","0.4","49.5"
"SL","2024-03-28","87.5","-2.06","6.58","Campbell, Isaiah",663728,663462,,"ball",,,,,14,"Cal Raleigh strikes out swinging.","R","L","R","SEA","BOS","B",,,2,2,2024,"0.32","-0.1","0.37","0.52",,,,2,6,"Bot",,,,,,,5.191101842422501,-127.11261802806563,-8.227316622874246,2.3234237195696426,27.268482751652613,-31.710592236800007,"3.37","1.44",,,,"87.4",2803,"6.4",745283,657136,671213,622569,646240,596115,680776,678882,641933,"54.1",,,,,,,,52,6,"Slider",2,5,2,5,5,2,2,5,"Infield shade","Standard",76,"0","0.041",,,,"-0.041",,-3,-3,"0.108","0.108",26,27,27,28,1,2,,,2,1,"3.1","-0.32","0.32","50.7"
"ST","2024-03-28","81.7","-2.54","6.34","Campbell, Isaiah",663728,663462,,"ball",,,,,13,"Cal Raleigh strikes out swinging.","R","L","R","SEA","BOS","B",,,1,2,2024,"1.37","-0.6","-1.43","1.52",,,,2,6,"Bot",,,,,,,-0.13976858710280043,-118.8757959228148,-3.013115455582146,12.846023127676773,26.79223420235173,-37.37123991202616,"3.33","1.41",,,,"81.1",2622,"6.3",745283,657136,671213,622569,646240,596115,680776,678882,641933,"54.19",,,,,,,,52,5,"Sweeper",2,5,2,5,5,2,2,5,"Infield shade","Standard",48,"0","0.015",,,,"-0.015",,-3,-3,"0.108","0.108",26,27,27,28,1,2,,,2,1,"4.07","-1.37","1.37","40.6"
"FF","2024-03-28","93.9","-2.1","6.5","Campbell, Isaiah",663728,663462,,"foul",,,,,5,"Cal Raleigh strikes out swinging.","R","L","R","SEA","BOS","S",,,1,2,2024,"-0.42","1.56","0","2.88",,,,2,6,"Bot",,,,,,,6.3387279371294065,-136.44915833848157,-7.110185738260924,-6.616972371867464,29.62319861774598,-11.300125793660431,"3.45","1.66",211,"84.2",12,"93.8",2480,"6.3",745283,657136,671213,622569,646240,596115,680776,678882,641933,"54.2",,,,,,,,52,4,"4-Seam Fastball",2,5,2,5,5,2,2,5,"Infield shade","Standard",205,"0","0",,,,"0","88.0",-3,-3,"0.108","0.108",26,27,27,28,1,2,,,2,1,"1.03","0.42","-0.42","48.3"
"SL","2024-03-28","86.5","-2.52","6.46","Campbell, Isaiah",663728,663462,,"swinging_strike",,,,,13,"Cal Raleigh strikes out swinging.","R","L","R","SEA","BOS","S",,,1,1,2024,"0.31","-0.17","-0.24","1.3",,,,2,6,"Bot",,,,,,,4.800026496047833,-125.81528857648472,-5.743195116212669,2.378962034384147,24.96967910511871,-33.07215421428703,"3.45","1.66",,,,"86.5",2688,"6.3",745283,657136,671213,622569,646240,596115,680776,678882,641933,"54.23",,,,,,,,52,3,"Slider",2,5,2,5,5,2,2,5,"Infield shade","Standard",63,"0","-0.025",,,,"0.025",,-3,-3,"0.108","0.108",26,27,27,28,1,2,,,2,1,"3.22","-0.31","0.31","47.8"
"ST","2024-03-28","82.7","-2.46","6.33","Campbell, Isaiah",663728,663462,,"ball",,,,,14,"Cal Raleigh strikes out swinging.","R","L","R","SEA","BOS","B",,,0,1,2024,"1.45","-0.25","1.18","1.89",,,,2,6,"Bot",,,,,,,5.4849383436042505,-120.27982637554199,-3.039849207572885,12.739283240465959,26.17492949798361,-34.16886411044274,"3.45","1.54",,,,"82.4",2820,"6.4",745283,657136,671213,622569,646240,596115,680776,678882,641933,"54.09",,,,,,,,52,2,"Sweeper",2,5,2,5,5,2,2,5,"Infield shade","Standard",50,"0","0.011",,,,"-0.011",,-3,-3,"0.108","0.108",26,27,27,28,1,2,,,2,1,"3.62","-1.45","1.45","42.8"
"ST","2024-03-28","80.7","-2.52","6.41","Campbell, Isaiah",663728,663462,,"foul",,,,,7,"Cal Raleigh strikes out swinging.","R","L","R","SEA","BOS","S",,,0,0,2024,"1.47","-0.24","-0.32","2.06",,,,2,6,"Bot",,,,,,,2.0709831662735887,-117.4682444712202,-2.4912457719785572,13.085399292480359,24.824051137833894,-34.084649649839164,"3.45","1.66",6,"78.1",-19,"80.1",2661,"6.1",745283,657136,671213,622569,646240,596115,680776,678882,641933,"54.39",,,,,,,,52,1,"Sweeper",2,5,2,5,5,2,2,5,"Infield shade","Standard",41,"0","-0.016",,,,"0.016","88.0",-3,-3,"0.108","0.108",26,27,27,28,1,2,,,2,1,"3.77","-1.47","1.47","43.7"
"SL","2024-03-28","88.5","-1.95","6.61","Campbell, Isaiah",641598,663462,"field_out","hit_into_play",,,,,14,"Mitch Garver grounds out, second baseman Pablo Reyes to first baseman Triston Casas.","R","R","R","SEA","BOS","X",4,"ground_ball",0,1,2024,"0.44","0.02","1.08","2.18",,,,1,6,"Bot",151,153.1,,,,,6.444885099361087,-128.7432154273618,-4.811647306658256,3.6652600046669437,24.633973860949013,-31.21135684484029,"3.44","1.56",6,"69.8",-19,"88.4",2661,"6.1",745283,657136,671213,622569,646240,596115,680776,678882,641933,"54.43",0.043,0.045,"0",1,0,0,2,51,2,"Slider",2,5,2,5,5,2,2,5,"Standard","Standard",93,"-0.017","-0.138",,,0.044,"0.138","88.0",-3,-3,"0.125","0.125",26,33,27,33,1,2,,,2,4,"2.87","-0.44","-0.44","50.5"
"ST","2024-03-28","81.1","-2.41","6.47","Campbell, Isaiah",641598,663462,,"called_strike",,,,,4,"Mitch Garver grounds out, second baseman Pablo Reyes to first baseman Triston Casas.","R","R","R","SEA","BOS","S",,,0,0,2024,"1.5","-0.65","-0.34","2.26",,,,1,6,"Bot",,,,,,,1.7627246392038896,-117.97825551240663,-1.4463277557162992,13.420276260055042,25.970429733186357,-38.100913452195435,"3.33","1.51",,,,"80.6",2828,"6.3",745283,657136,671213,622569,646240,596115,680776,678882,641933,"54.18",,,,,,,,51,1,"Sweeper",2,5,2,5,5,2,2,5,"Standard","Standard",45,"0","-0.023",,,,"0.023",,-3,-3,"0.125","0.125",26,33,27,33,1,2,,,2,4,"4.16","-1.5","-1.5","44.0"
"ST","2024-03-28","81.5","-2.52","6.37","Campbell, Isaiah",593871,663462,"field_out","hit_into_play",,,,,6,"Jorge Polanco flies out sharply to right fielder Tyler O'Neill.","R","L","R","SEA","BOS","X",9,"fly_ball",1,2,2024,"1.52","-0.53","0.68","2.49",,,,0,6,"Bot",211.64,92.26,,,,,4.283079792844661,-118.62205837217348,-0.9995826386127762,13.242978127964243,26.111249760534925,-37.15230555472226,"3.36","1.66",336,"101.8",43,"81.2",2909,"6.4",745283,657136,671213,622569,646240,596115,680776,678882,641933,"54.11",0.131,0.257,"0",1,0,0,3,50,4,"Sweeper",2,5,2,5,5,2,2,5,"Infield shade","Standard",47,"-0.026","-0.167",,,0.489,"0.167","101.8",-3,-3,"0.151","0.151",26,30,27,31,1,2,,,2,1,"4","-1.52","1.52","43.9"
"ST","2024-03-28","81.7","-2.42","6.23","Campbell, Isaiah",593871,663462,,"ball",,,,,14,"Jorge Polanco flies out sharply to right fielder Tyler O'Neill.","R","L","R","SEA","BOS","B",,,0,2,2024,"1.63","-0.47","0.16","0.56",,,,0,6,"Bot",,,,,,,2.674754155758191,-118.74236171060377,-5.1504404675227144,14.6163875479,26.775319414358286,-35.616685385974925,"3.14","1.61",,,,"80.9",2615,"6.2",745283,657136,671213,622569,646240,596115,680776,678882,641933,"54.26",,,,,,,,50,3,"Sweeper",2,5,2,5,5,2,2,5,"Infield shade","Standard",43,"0","0.021",,,,"-0.021",,-3,-3,"0.151","0.151",26,30,27,31,1,2,,,2,1,"3.94","-1.63","1.63","39.4"
"ST","2024-03-28","81.4","-2.41","6.43","Campbell, Isaiah",593871,663462,,"called_strike",,,,,4,"Jorge Polanco flies out sharply to right fielder Tyler O'Neill.","R","L","R","SEA","BOS","S",,,0,1,2024,"1.68","-0.53","-0.47","2.62",,,,0,6,"Bot",,,,,,,1.108094592363062,-118.40780680766844,-0.8315892467426423,15.417867624723455,26.146683469261657,-37.1965155683909,"3.16","1.59",,,,"80.8",2702,"6.2",745283,657136,671213,622569,646240,596115,680776,678882,641933,"54.27",,,,,,,,50,2,"Sweeper",2,5,2,5,5,2,2,5,"Standard","Standard",45,"0","-0.049",,,,"0.049",,-3,-3,"0.151","0.151",26,30,27,31,1,2,,,2,1,"4.02","-1.68","1.68","42.7"
"SL","2024-03-28","89.2","-2.29","6.5","Campbell, Isaiah",593871,663462,,"foul",,,,,5,"Jorge Polanco flies out sharply to right fielder Tyler O'Neill.","R","L","R","SEA","BOS","S",,,0,0,2024,"-0.02","0.51","-0.18","2.54",,,,0,6,"Bot",,,,,,,5.205851730815586,-129.75325355674306,-4.7884867750869455,-1.2844017033535513,27.01739407072825,-25.59269852314902,"3.36","1.66",204,"74.8",52,"89",2552,"6.2",745283,657136,671213,622569,646240,596115,680776,678882,641933,"54.33",,,,,,,,50,1,"Slider",2,5,2,5,5,2,2,5,"Infield shade","Standard",194,"0","-0.033",,,,"0.033","88.0",-3,-3,"0.151","0.151",26,30,27,31,1,2,,,2,1,"2.35","0.02","-0.02","45.6"