﻿"pitch_type","game_date","release_speed","release_pos_x","release_pos_z","player_name","batter","pitcher","events","description","spin_dir","spin_rate_deprecated","break_angle_deprecated","break_length_deprecated","zone","des","game_type","stand","p_throws","home_team","away_team","type","hit_location","bb_type","balls","strikes","game_year","pfx_x","pfx_z","plate_x","plate_z","on_3b","on_2b","on_1b","outs_when_up","inning","inning_topbot","hc_x","hc_y","tfs_deprecated","tfs_zulu_deprecated","umpire","sv_id","vx0","vy0","vz0","ax","ay","az","sz_top","sz_bot","hit_distance_sc","launch_speed","launch_angle","effective_speed","release_spin_rate","release_extension","game_pk","fielder_2","fielder_3","fielder_4","fielder_5","fielder_6","fielder_7","fielder_8","fielder_9","release_pos_y","estimated_ba_using_speedangle","estimated_woba_using_speedangle","woba_value","woba_denom","babip_value","iso_value","launch_speed_angle","at_bat_number","pitch_number","pitch_name","home_score","away_score","bat_score","fld_score","post_away_score","post_home_score","post_bat_score","post_fld_score","if_fielding_alignment","of_fielding_alignment","spin_axis","delta_home_win_exp","delta_run_exp","bat_speed","swing_length","estimated_slg_using_speedangle","delta_pitcher_run_exp","hyper_speed","home_score_diff","bat_score_diff","home_win_exp","bat_win_exp","age_pit_legacy","age_bat_legacy","age_pit","age_bat","n_thruorder_pitcher","n_priorpa_thisgame_player_at_bat","pitcher_days_since_prev_game","batter_days_since_prev_game","pitcher_days_until_next_game","batter_days_until_next_game","api_break_z_with_gravity","api_break_x_arm","api_break_x_batter_in","arm_angle"
"CH","2024-09-28","90.3","-2.49","5.27","Shugart, Chase",666139,663767,"strikeout","swinging_strike",,,,,13,"Josh Lowe strikes out swinging.","R","L","R","BOS","TB","S",2,,1,2,2024,"-1.3","0.15","-0.94","1.69",,,,2,9,"Top",,,,,,,6.606555563354165,-131.39654059234456,-3.28969195079803,-16.41009942121332,26.970921475934464,-29.95017220374377,"3.58","1.72",,,,"90.3",1726,"6.2",746902,643376,671213,687093,663853,596115,641933,680776,677800,"54.3",,0,"0",1,0,0,,72,5,"Changeup",2,7,7,2,7,2,7,2,"Infield shade","Standard",237,"0.001","-0.069","72.1","7.5",,"0.069",,-5,5,"0.006","0.994",27,26,28,26,1,4,3,1,,1,"2.64","1.3","-1.3","30.6"
"FF","2024-09-28","96.3","-1.94","5.78","Shugart, Chase",666139,663767,,"foul",,,,,11,"Josh Lowe strikes out swinging.","R","L","R","BOS","TB","S",,,1,2,2024,"-0.69","1.33","-0.89","3.59",,,,2,9,"Top",,,,,,,4.3409799798335875,-140.12646498581765,-3.254352351919047,-10.082269039367473,32.068355936398476,-14.118952433234407,"3.58","1.72",203,"78.8",19,"96.5",2141,"6.4",746902,643376,671213,687093,663853,596115,641933,680776,677800,"54.09",,,,,,,,72,4,"4-Seam Fastball",2,7,7,2,7,2,7,2,"Infield shade","Standard",211,"0","0","61.5","6.2",,"0","88.0",-5,5,"0.006","0.994",27,26,28,26,1,4,3,1,,1,"1.13","0.69","-0.69","45.7"
"FC","2024-09-28","93.5","-2.03","5.63","Shugart, Chase",666139,663767,,"foul_tip",,,,,3,"Josh Lowe strikes out swinging.","R","L","R","BOS","TB","S",,,1,1,2024,"0.02","0.93","0.58","3.31",,,,2,9,"Top",,,,,,,6.642410956347164,-136.1122645765152,-2.2760283513323296,-1.1431662947980883,29.627564756054678,-20.324834867922256,"3.58","1.72",,,,"93.4",2462,"6.2",746902,643376,671213,687093,663853,596115,641933,680776,677800,"54.31",,,,,,,,72,3,"Cutter",2,7,7,2,7,2,7,2,"Infield shade","Standard",200,"0","-0.025","77.3","7.2",,"0.025",,-5,5,"0.006","0.994",27,26,28,26,1,4,3,1,,1,"1.67","-0.02","0.02","41.6"
"CH","2024-09-28","90","-2.49","5.27","Shugart, Chase",666139,663767,,"ball",,,,,13,"Josh Lowe strikes out swinging.","R","L","R","BOS","TB","B",,,0,1,2024,"-1.55","0.34","-0.34","0.81",,,,2,9,"Top",,,,,,,8.564615348505914,-130.58551815946683,-5.698799800984534,-19.60117578660794,30.84697168764561,-27.204395575808007,"3.74","1.84",,,,"88.9",1703,"6.1",746902,643376,671213,687093,663853,596115,641933,680776,677800,"54.44",,,,,,,,72,2,"Changeup",2,7,7,2,7,2,7,2,"Infield shade","Standard",241,"0","0.011",,,,"-0.011",,-5,5,"0.006","0.994",27,26,28,26,1,4,3,1,,1,"2.52","1.55","-1.55","33.0"
"FF","2024-09-28","96","-1.99","5.7","Shugart, Chase",666139,663767,,"called_strike",,,,,2,"Josh Lowe strikes out swinging.","R","L","R","BOS","TB","S",,,0,0,2024,"-0.73","1.18","-0.27","3.02",,,,2,9,"Top",,,,,,,6.189239067691111,-139.66596111213806,-4.141995500055721,-10.924045611063908,31.84223199082358,-16.009592173854042,"3.56","1.66",,,,"95.8",2190,"6.2",746902,643376,671213,687093,663853,596115,641933,680776,677800,"54.27",,,,,,,,72,1,"4-Seam Fastball",2,7,7,2,7,2,7,2,"Infield shade","Standard",212,"0","-0.016",,,,"0.016",,-5,5,"0.006","0.994",27,26,28,26,1,4,3,1,,1,"1.3","0.73","-0.73","44.3"
"SI","2024-09-28","97.1","-1.88","5.69","Shugart, Chase",666624,663767,"field_out","hit_into_play",,,,,5,"Christopher Morel lines out sharply to right fielder Wilyer Abreu.","R","R","R","BOS","TB","X",9,"line_drive",0,0,2024,"-1.4","0.87","0.27","2.38",,,,1,9,"Top",204.36,99.62,,,,,8.959948210145631,-141.06384123918497,-5.287759266672265,-20.738492163966416,32.95526501715923,-19.558516675313857,"3.55","1.61",313,"105.8",16,"96.8",2132,"6.3",746902,643376,671213,687093,663853,596115,641933,680776,677800,"54.22",0.617,0.736,"0",1,0,0,5,71,1,"Sinker",2,7,7,2,7,2,7,2,"Standard","Standard",216,"0","-0.162","75.0","7.4",1.114,"0.162","105.8",-5,5,"0.006","0.994",27,25,28,25,1,4,3,1,,1,"1.56","1.4","1.4","38.7"
"ST","2024-09-28","80.6","-2.74","5.23","Shugart, Chase",666018,663767,"field_out","hit_into_play",,,,,7,"Jonathan Aranda flies out to right fielder Wilyer Abreu.","R","L","R","BOS","TB","X",9,"fly_ball",0,0,2024,"1.2","0.12","-0.62","1.92",,,,0,9,"Top",160.59,74.04,,,,,2.4180926581595936,-117.35283580537643,-0.925261168344426,10.633098577919762,22.778181482046474,-31.067243040105375,"3.22","1.49",321,"91.8",26,"80",2788,"5.9",746902,643376,671213,687093,663853,596115,641933,680776,677800,"54.62",0.114,0.134,"0",1,0,0,3,70,1,"Sweeper",2,7,7,2,7,2,7,2,"Infield shade","Standard",60,"0.001","-0.228",,,0.225,"0.228","91.8",-5,5,"0.005","0.995",27,26,28,26,1,4,3,1,,1,"3.39","-1.2","1.2","27.9"
"CH","2024-09-25","91.7","-2.42","5.3","Shugart, Chase",694388,663767,"strikeout","called_strike",,,,,9,"Joey Loperfido called out on strikes.","R","L","R","TOR","BOS","S",2,,1,2,2024,"-1.45","0.66","0.36","1.57",,,,2,8,"Bot",,,,,,,10.150810692122965,-133.0511819072351,-4.954963585003611,-19.469481211621154,28.86014276066196,-23.46316061720485,"3.32","1.53",,,,"91.4",1685,"6.3",744877,657136,671213,687093,686765,596115,663853,680776,641933,"54.22",,0,"0",1,0,0,,67,4,"Changeup",6,1,6,1,1,6,6,1,"Infield shade","Standard",237,"0","-0.069",,,,"0.069",,5,5,"0.995","0.995",27,25,28,25,1,3,1,1,3,3,"2.07","1.45","-1.45","31.6"
"ST","2024-09-25","82.4","-2.44","5.26","Shugart, Chase",694388,663767,,"swinging_strike",,,,,9,"Joey Loperfido called out on strikes.","R","L","R","TOR","BOS","S",,,1,1,2024,"1.58","-0.14","0.46","1.94",,,,2,8,"Bot",,,,,,,3.502836254136707,-119.84600616514746,-0.6423346077859591,14.274042926544935,26.608386323426355,-33.62582191445848,"3.41","1.65",,,,"81.6",2767,"6.1",744877,657136,671213,687093,686765,596115,663853,680776,641933,"54.42",,,,,,,,67,3,"Sweeper",6,1,6,1,1,6,6,1,"Infield shade","Standard",55,"0","-0.025","70.5","9.5",,"0.025",,5,5,"0.995","0.995",27,25,28,25,1,3,1,1,3,3,"3.54","-1.58","1.58","30.5"
"CH","2024-09-25","89.3","-2.49","5.33","Shugart, Chase",694388,663767,,"foul",,,,,11,"Joey Loperfido called out on strikes.","R","L","R","TOR","BOS","S",,,1,0,2024,"-1.35","0.83","-0.92","2.68",,,,2,8,"Bot",,,,,,,6.682649843954816,-129.95709660860732,-2.265429367796642,-16.696490022023738,27.181630895310068,-22.506719029520134,"3.41","1.65",5,"66.1",-28,"89",1663,"6.1",744877,657136,671213,687093,686765,596115,663853,680776,641933,"54.38",,,,,,,,67,2,"Changeup",6,1,6,1,1,6,6,1,"Infield shade","Standard",239,"0","-0.02","69.2","8.5",,"0.02","88.0",5,5,"0.995","0.995",27,25,28,25,1,3,1,1,3,3,"2.03","1.35","-1.35","31.8"
"FC","2024-09-25","93.8","-1.81","5.53","Shugart, Chase",694388,663767,,"ball",,,,,14,"Joey Loperfido called out on strikes.","R","L","R","TOR","BOS","B",,,0,0,2024,"0.11","0.77","2.03","1.53",,,,2,8,"Bot",,,,,,,9.726684881636997,-136.2168498355086,-6.31453835540425,-0.8274301729627977,30.09062985365663,-21.37445784524621,"3.53","1.72",,,,"93.9",2395,"6.5",744877,657136,671213,687093,686765,596115,663853,680776,641933,"54.04",,,,,,,,67,1,"Cutter",6,1,6,1,1,6,6,1,"Infield shade","Standard",204,"0","0.015",,,,"-0.015",,5,5,"0.995","0.995",27,25,28,25,1,3,1,1,3,3,"1.83","-0.11","0.11","41.8"
"SI","2024-09-25","96.1","-1.94","5.6","Shugart, Chase",677870,663767,"grounded_into_double_play","hit_into_play",,,,,5,"Leo Jiménez grounds into a double play, third baseman Nick Sogard to second baseman Vaughn Grissom to first baseman Triston Casas.   Ernie Clement out at 2nd.    Leo Jiménez out at 1st.","R","R","R","TOR","BOS","X",5,"ground_ball",0,2,2024,"-1.27","0.92","-0.11","2.16",,,676391,0,8,"Bot",101.15,165.41,,,,,7.712850742814798,-139.63355170467673,-5.584916071890701,-18.40957344103528,31.33958836418686,-19.07604382182195,"3.26","1.57",11,"94.7",-11,"96",2125,"6.3",744877,657136,671213,687093,686765,596115,663853,680776,641933,"54.17",0.171,0.173,"0",1,0,0,2,66,3,"Sinker",6,1,6,1,1,6,6,1,"Standard","Standard",216,"-0.001","-0.393","72.4","7.7",0.184,"0.393","94.7",5,5,"0.996","0.996",27,23,28,23,1,3,1,1,3,2,"1.56","1.27","1.27","41.3"
"FC","2024-09-25","91.3","-2.06","5.53","Shugart, Chase",677870,663767,,"foul",,,,,14,"Leo Jiménez grounds into a double play, third baseman Nick Sogard to second baseman Vaughn Grissom to first baseman Triston Casas.   Ernie Clement out at 2nd.    Leo Jiménez out at 1st.","R","R","R","TOR","BOS","S",,,0,1,2024,"0.17","0.88","0.96","2.2",,,676391,0,8,"Bot",,,,,,,7.225159184675217,-132.87778258835326,-4.45964129315303,0.561944497947212,26.753603818932703,-20.921126017046323,"3.26","1.57",217,"74.6",37,"91.7",2401,"6.4",744877,657136,671213,687093,686765,596115,663853,680776,641933,"54.11",,,,,,,,66,2,"Cutter",6,1,6,1,1,6,6,1,"Standard","Standard",194,"0","-0.073","65.4","7.5",,"0.073","88.0",5,5,"0.996","0.996",27,23,28,23,1,3,1,1,3,2,"1.84","-0.17","-0.17","37.1"
"SI","2024-09-25","94.2","-1.94","5.59","Shugart, Chase",677870,663767,,"called_strike",,,,,1,"Leo Jiménez grounds into a double play, third baseman Nick Sogard to second baseman Vaughn Grissom to first baseman Triston Casas.   Ernie Clement out at 2nd.    Leo Jiménez out at 1st.","R","R","R","TOR","BOS","S",,,0,0,2024,"-1.22","0.92","-0.52","2.85",,,676391,0,8,"Bot",,,,,,,6.394238400542917,-137.03900854420218,-3.4450613850992093,-16.753055770325524,30.823400249498555,-19.981265802817724,"3.3","1.61",,,,"94.2",2094,"6.4",744877,657136,671213,687093,686765,596115,663853,680776,641933,"54.13",,,,,,,,66,1,"Sinker",6,1,6,1,1,6,6,1,"Standard","Standard",215,"0","-0.063",,,,"0.063",,5,5,"0.996","0.996",27,23,28,23,1,3,1,1,3,2,"1.65","1.22","1.22","44.1"
"ST","2024-09-25","84","-2.38","5.3","Shugart, Chase",676391,663767,"single","hit_into_play",,,,,12,"Ernie Clement singles on a line drive to left fielder Romy Gonzalez.","R","R","R","TOR","BOS","X",7,"line_drive",0,2,2024,"1.6","0.03","0.89","2.51",,,,0,8,"Bot",85.83,98.22,,,,,4.403816717983733,-122.25883680973536,-0.04585551818861511,14.940938612876598,26.752743134128362,-32.153215460396446,"3.36","1.57",195,"85.9",12,"83.4",2876,"6.1",744877,657136,671213,687093,686765,596115,663853,680776,641933,"54.36",0.714,0.668,"0.9",1,1,0,4,65,4,"Sweeper",6,1,6,1,1,6,6,1,"Standard","Standard",63,"0","0.484","65.0","7.1",0.823,"-0.484","88.0",5,5,"0.996","0.996",27,28,28,28,1,3,1,1,3,2,"3.23","-1.6","-1.6","30.0"
"ST","2024-09-25","80.7","-2.26","5.38","Shugart, Chase",676391,663767,,"foul",,,,,13,"Ernie Clement singles on a line drive to left fielder Romy Gonzalez.","R","R","R","TOR","BOS","S",,,0,2,2024,"1.53","-0.18","-0.44","1.4",,,,0,8,"Bot",,,,,,,1.1419826193382476,-117.43810709055478,-1.7825694728058934,13.791992568213827,24.48183643798716,-33.676318880114955,"3.36","1.57",146,"72.8",68,"80.2",2744,"6.2",744877,657136,671213,687093,686765,596115,663853,680776,641933,"54.32",,,,,,,,65,3,"Sweeper",6,1,6,1,1,6,6,1,"Standard","Standard",57,"0","0","68.0","7.8",,"0","88.0",5,5,"0.996","0.996",27,28,28,28,1,3,1,1,3,2,"3.71","-1.53","-1.53","37.2"
"ST","2024-09-25","80.5","-2.45","5.28","Shugart, Chase",676391,663767,,"called_strike",,,,,9,"Ernie Clement singles on a line drive to left fielder Romy Gonzalez.","R","R","R","TOR","BOS","S",,,0,1,2024,"1.65","0.1","0.4","1.62",,,,0,8,"Bot",,,,,,,3.1865740754982124,-117.17365109586794,-1.581463130971845,14.420780818012927,24.55394821951847,-31.126201822017844,"3.3","1.57",,,,"79.9",2654,"6.1",744877,657136,671213,687093,686765,596115,663853,680776,641933,"54.38",,,,,,,,65,2,"Sweeper",6,1,6,1,1,6,6,1,"Infield shade","Standard",60,"0","-0.049",,,,"0.049",,5,5,"0.996","0.996",27,28,28,28,1,3,1,1,3,2,"3.44","-1.65","-1.65","31.8"
"SI","2024-09-25","93.8","-2.19","5.6","Shugart, Chase",676391,663767,,"foul",,,,,4,"Ernie Clement singles on a line drive to left fielder Romy Gonzalez.","R","R","R","TOR","BOS","S",,,0,0,2024,"-1.29","0.8","-0.44","2.42",,,,0,8,"Bot",,,,,,,7.369957442981395,-136.3045000301572,-4.202568333752973,-17.77062606747901,31.66712367173138,-21.445870825693774,"3.36","1.57",5,"76.3",-27,"93.2",2094,"6.1",744877,657136,671213,687093,686765,596115,663853,680776,641933,"54.36",,,,,,,,65,1,"Sinker",6,1,6,1,1,6,6,1,"Infield shade","Standard",218,"0","-0.033","70.1","7.1",,"0.033","88.0",5,5,"0.996","0.996",27,28,28,28,1,3,1,1,3,2,"1.81","1.29","1.29","37.0"
"FC","2024-09-24","94","-2.36","5.54","Shugart, Chase",680718,663767,"field_out","hit_into_play",,,,,3,"Addison Barger pops out to third baseman Enmanuel Valdez.","R","L","R","TOR","BOS","X",5,"popup",0,1,2024,"0.26","0.78","0.52","3.43",664770,672642,682729,2,10,"Bot",99.91,155.1,,,,,6.8680198756844595,-136.88512016761314,-1.501051434189557,1.8601534604248022,28.51205640278194,-22.17594660079801,"3.58","1.74",134,"52.5",27,"94.1",2388,"6.2",744876,657136,681508,687093,665839,596115,663853,680776,678882,"54.3",0.209,0.188,"0",1,0,0,1,85,2,"Cutter",5,6,5,6,6,5,5,6,"Infield shade","Standard",197,"-0.271","-0.671","69.4","6.5",0.209,"0.671","88.0",-1,-1,"0.271","0.271",27,24,28,25,1,4,17,1,1,1,"1.78","-0.26","0.26","40.2"
"ST","2024-09-24","81.5","-2.95","5.2","Shugart, Chase",680718,663767,,"called_strike",,,,,7,"Addison Barger pops out to third baseman Enmanuel Valdez.","R","L","R","TOR","BOS","S",,,0,0,2024,"1.18","-0.09","-0.59","2.21",664770,672642,682729,2,10,"Bot",,,,,,,3.0461758144514537,-118.72962441055834,0.03884657811206571,10.567385466004009,23.098888595995735,-33.26382642974078,"3.58","1.63",,,,"81.6",2710,"6.3",744876,657136,681508,687093,665839,596115,663853,680776,678882,"54.19",,,,,,,,85,1,"Sweeper",5,6,5,6,6,5,5,6,"Infield shade","Standard",64,"0","-0.129",,,,"0.129",,-1,-1,"0.271","0.271",27,24,28,25,1,4,17,1,1,1,"3.52","-1.18","1.18","30.4"
"FF","2024-09-24","96.5","-2.21","5.63","Shugart, Chase",672386,663767,"walk","ball",,,,,12,"Alejandro Kirk walks.   Leo Jiménez scores.    Nathan Lukes to 3rd.    Steward Berroa to 2nd.","R","R","R","TOR","BOS","B",,,3,0,2024,"-0.57","1.14","0.32","3.53",677870,664770,672642,2,10,"Bot",,,,,,,7.995711360274647,-140.42567457839837,-2.6415829450784267,-9.294027257029201,30.73548588920576,-16.613702615250272,"3.03","1.34",,,,"96.5",2114,"6.2",744876,657136,681508,687093,665839,596115,663853,680776,678882,"54.3",,0.689131,"0.7",1,0,0,,84,4,"4-Seam Fastball",4,6,4,6,6,5,5,6,"Infield shade","Standard",214,"0.101","0.339",,,,"-0.339",,-2,-2,"0.17","0.17",27,25,28,26,1,4,17,1,1,1,"1.3","0.57","0.57","43.4"
"SI","2024-09-24","95.9","-2.41","5.48","Shugart, Chase",672386,663767,,"ball",,,,,11,"Alejandro Kirk walks.   Leo Jiménez scores.    Nathan Lukes to 3rd.    Steward Berroa to 2nd.","R","R","R","TOR","BOS","B",,,2,0,2024,"-1.32","0.53","-1.46","3.63",677870,664770,672642,2,10,"Bot",,,,,,,5.513843318495661,-139.59811856795818,-0.49253360621542724,-18.52084618737535,30.907660667043917,-25.37753192287014,"3.08","1.38",,,,"96.2",2063,"6.4",744876,657136,681508,687093,665839,596115,663853,680776,678882,"54.07",,,,,,,,84,3,"Sinker",4,6,4,6,6,4,4,6,"Infield shade","Standard",220,"0","0.315",,,,"-0.315",,-2,-2,"0.17","0.17",27,25,28,26,1,4,17,1,1,1,"1.95","1.32","1.32","37.1"
"FC","2024-09-24","95.3","-2.45","5.42","Shugart, Chase",672386,663767,,"ball",,,,,14,"Alejandro Kirk walks.   Leo Jiménez scores.    Nathan Lukes to 3rd.    Steward Berroa to 2nd.","R","R","R","TOR","BOS","B",,,1,0,2024,"0.43","0.72","1.48","0.9",677870,664770,672642,2,10,"Bot",,,,,,,9.35466894302504,-138.34391270632472,-7.824658210208299,3.504110420134229,29.829903318077015,-21.408019135844114,"3.22","1.38",,,,"95.4",2467,"6.4",744876,657136,681508,687093,665839,596115,663853,680776,678882,"54.12",,,,,,,,84,2,"Cutter",4,6,4,6,6,4,4,6,"Infield shade","Standard",213,"0","0.256",,,,"-0.256",,-2,-2,"0.17","0.17",27,25,28,26,1,4,17,1,1,1,"1.8","-0.43","-0.43","39.4"
"SI","2024-09-24","97.8","-2.22","5.48","Shugart, Chase",672386,663767,,"ball",,,,,8,"Alejandro Kirk walks.   Leo Jiménez scores.    Nathan Lukes to 3rd.    Steward Berroa to 2nd.","R","R","R","TOR","BOS","B",,,0,0,2024,"-1.33","0.51","0.13","1.46",677870,664770,672642,2,10,"Bot",,,,,,,9.386942081167303,-142.0002521049561,-6.544522314726079,-20.076388982635745,31.353873013433216,-23.919320193318775,"3.22","1.47",,,,"97.9",2173,"6.4",744876,657136,681508,687093,665839,596115,663853,680776,678882,"54.09",,,,,,,,84,1,"Sinker",4,6,4,6,6,4,4,6,"Infield shade","Standard",221,"0","0.089",,,,"-0.089",,-2,-2,"0.17","0.17",27,25,28,26,1,4,17,1,1,1,"1.87","1.33","1.33","37.2"
"CH","2024-09-24","91.9","-2.49","5.17","Shugart, Chase",687462,663767,"walk","ball",,,,,14,"Spencer Horwitz walks.   Leo Jiménez to 3rd.    Nathan Lukes to 2nd.","R","L","R","TOR","BOS","B",,,3,2,2024,"-1.29","0.35","0.29","1.31",,677870,664770,2,10,"Bot",,,,,,,9.818006956093377,-133.47922651943293,-4.707883540068995,-17.484605301282993,27.69529303614345,-27.094207554449586,"3.53","1.69",,,,"91.9",1626,"6.3",744876,657136,681508,687093,665839,596115,663853,680776,678882,"54.16",,0.689131,"0.7",1,0,0,,83,6,"Changeup",4,6,4,6,6,4,4,6,"Infield shade","Standard",234,"0.08","0.345",,,,"-0.345",,-2,-2,"0.09","0.09",27,26,28,27,1,4,17,1,1,3,"2.35","1.29","-1.29","33.7"
"ST","2024-09-24","83.4","-2.76","5.12","Shugart, Chase",687462,663767,,"blocked_ball",,,,,14,"Spencer Horwitz walks.   Leo Jiménez to 3rd.    Nathan Lukes to 2nd.","R","L","R","TOR","BOS","B",,,2,2,2024,"1.66","-0.28","0.47","0.55",,677870,664770,2,10,"Bot",,,,,,,4.165613419578218,-121.36613473647506,-3.443874606286072,15.354920330103958,26.09976827396289,-34.41534212541844,"3.56","1.72",,,,"83",2815,"6.2",744876,657136,681508,687093,665839,596115,663853,680776,678882,"54.27",,,,,,,,83,5,"Sweeper",4,6,4,6,6,4,4,6,"Infield shade","Standard",64,"0","0.149",,,,"-0.149",,-2,-2,"0.09","0.09",27,26,28,27,1,4,17,1,1,3,"3.58","-1.66","1.66","29.0"
"FF","2024-09-24","98.1","-2","5.72","Shugart, Chase",687462,663767,,"ball",,,,,11,"Spencer Horwitz walks.   Leo Jiménez to 3rd.    Nathan Lukes to 2nd.","R","L","R","TOR","BOS","B",,,1,2,2024,"-0.45","1.27","-0.45","4.1",,677870,664770,2,10,"Bot",,,,,,,5.21367893106818,-142.80203017622097,-1.8562885147776662,-7.308602724057861,32.52162673903304,-14.583229122808055,"3.56","1.66",,,,"98",2114,"6.2",744876,657136,681508,687093,665839,596115,663853,680776,678882,"54.32",,,,,,,,83,4,"4-Seam Fastball",4,6,4,6,6,4,4,6,"Infield shade","Standard",212,"0","0.025",,,,"-0.025",,-2,-2,"0.09","0.09",27,26,28,27,1,4,17,1,1,3,"1.1","0.45","-0.45","46.2"
"CH","2024-09-24","91","-2.75","5.15","Shugart, Chase",687462,663767,,"foul",,,,,11,"Spencer Horwitz walks.   Leo Jiménez to 3rd.    Nathan Lukes to 2nd.","R","L","R","TOR","BOS","S",,,1,1,2024,"-1.23","0.13","-1.1","2.63",,677870,664770,2,10,"Bot",,,,,,,6.763752401919589,-132.28606551151816,-0.6464329536375772,-15.933174174915026,30.44689522837341,-30.75642461362656,"3.52","1.68",247,"79.7",41,"90.5",1631,"6.2",744876,657136,681508,687093,665839,596115,663853,680776,678882,"54.25",,,,,,,,83,3,"Changeup",4,6,4,6,6,4,4,6,"Infield shade","Standard",242,"0","-0.121","67.2","6.7",,"0.121","88.0",-2,-2,"0.09","0.09",27,26,28,27,1,4,17,1,1,3,"2.65","1.23","-1.23","26.6"
"FF","2024-09-24","98.1","-2.11","5.67","Shugart, Chase",687462,663767,,"ball",,,,,1,"Spencer Horwitz walks.   Leo Jiménez to 3rd.    Nathan Lukes to 2nd.","R","L","R","TOR","BOS","B",,,0,1,2024,"-0.54","1.23","-0.66","3.62",,677870,664770,2,10,"Bot",,,,,,,5.181447000098229,-142.8206339132318,-2.8978987194510704,-8.631383315864914,34.16239010234223,-14.885579959891688,"3.56","1.7",,,,"98.2",2114,"6.4",744876,657136,681508,687093,665839,596115,663853,680776,678882,"54.08",,,,,,,,83,2,"4-Seam Fastball",4,6,4,6,6,4,4,6,"Infield shade","Standard",215,"0","0.053",,,,"-0.053",,-2,-2,"0.09","0.09",27,26,28,27,1,4,17,1,1,3,"1.14","0.54","-0.54","44.7"
"FC","2024-09-24","95.4","-2.22","5.59","Shugart, Chase",687462,663767,,"swinging_strike",,,,,2,"Spencer Horwitz walks.   Leo Jiménez to 3rd.    Nathan Lukes to 2nd.","R","L","R","TOR","BOS","S",,,0,0,2024,"0.11","1.07","0.23","3.32",,677870,664770,2,10,"Bot",,,,,,,6.1712172796795866,-138.78238207221267,-2.7333821363499693,0.05621131572584907,30.987493210212442,-17.95313615452865,"3.52","1.68",,,,"95.1",2419,"6.1",744876,657136,681508,687093,665839,596115,663853,680776,678882,"54.39",,,,,,,,83,1,"Cutter",4,6,4,6,6,4,4,6,"Infield shade","Standard",209,"0","-0.077","69.7","6.3",,"0.077",,-2,-2,"0.09","0.09",27,26,28,27,1,4,17,1,1,3,"1.44","-0.11","0.11","36.9"
"SI","2024-09-24","95.8","-2.5","5.43","Shugart, Chase",665489,663767,"field_out","hit_into_play",,,,,7,"Vladimir Guerrero Jr.  flies out to right fielder Ceddanne Rafaela.","R","R","R","TOR","BOS","X",9,"fly_ball",2,1,2024,"-1.23","0.46","-0.55","2.03",,677870,664770,1,10,"Bot",190.01,107.93,,,,,7.943375248083488,-139.28739939163503,-4.420840798131934,-17.76998965019811,30.820744958200642,-25.39544439177258,"3.6","1.67",276,"84.2",35,"95.9",2065,"6.4",744876,657136,681508,687093,665839,596115,663853,680776,678882,"54.14",0.011,0.01,"0",1,0,0,3,82,4,"Sinker",4,6,4,6,6,4,4,6,"Infield shade","Standard",224,"-0.103","-0.5","79.7","7.6",0.017,"0.5","88.0",-2,-2,"0.193","0.193",27,25,28,25,1,4,17,1,1,1,"2.03","1.23","1.23","34.1"
"ST","2024-09-24","84.4","-2.66","5.21","Shugart, Chase",665489,663767,,"ball",,,,,14,"Vladimir Guerrero Jr.  flies out to right fielder Ceddanne Rafaela.","R","R","R","TOR","BOS","B",,,1,1,2024,"1.48","0.05","1.74","1.73",,677870,664770,1,10,"Bot",,,,,,,7.306590202162955,-122.69946117503737,-1.764944824883844,13.293540407088013,26.030665968878775,-31.523848658283494,"3.56","1.58",,,,"84.2",2774,"6.4",744876,657136,681508,687093,665839,596115,663853,680776,678882,"54.1",,,,,,,,82,3,"Sweeper",4,6,4,6,6,4,4,6,"Infield shade","Standard",53,"0","0.082",,,,"-0.082",,-2,-2,"0.193","0.193",27,25,28,25,1,4,17,1,1,1,"3.17","-1.48","-1.48","30.1"
"ST","2024-09-24","83","-2.68","5.2","Shugart, Chase",665489,663767,,"ball",,,,,14,"Vladimir Guerrero Jr.  flies out to right fielder Ceddanne Rafaela.","R","R","R","TOR","BOS","B",,,0,1,2024,"1.8","-0.04","0.26","1.37",,677870,664770,1,10,"Bot",,,,,,,3.196449106545218,-120.76607939845499,-2.1572289398500253,16.837026896981197,25.646047673370937,-32.333981820599035,"3.77","1.68",,,,"82.9",2860,"6.4",744876,657136,681508,687093,665839,596115,663853,680776,678882,"54.09",,,,,,,,82,2,"Sweeper",4,6,4,6,6,4,4,6,"Standard","Standard",63,"0","0.029",,,,"-0.029",,-2,-2,"0.193","0.193",27,25,28,25,1,4,17,1,1,1,"3.37","-1.8","-1.8","29.9"
"SI","2024-09-24","96.4","-2.63","5.46","Shugart, Chase",665489,663767,,"called_strike",,,,,4,"Vladimir Guerrero Jr.  flies out to right fielder Ceddanne Rafaela.","R","R","R","TOR","BOS","S",,,0,0,2024,"-1.31","0.79","-0.77","2.53",,677870,664770,1,10,"Bot",,,,,,,7.907998449578772,-140.20737940870998,-4.0082947342957524,-19.01806832811582,32.17403126808002,-20.984247394979214,"3.72","1.66",,,,"96.4",2096,"6.4",744876,657136,681508,687093,665839,596115,663853,680776,678882,"54.15",,,,,,,,82,1,"Sinker",4,6,4,6,6,4,4,6,"Infield shade","Standard",224,"0","-0.075",,,,"0.075",,-2,-2,"0.193","0.193",27,25,28,25,1,4,17,1,1,1,"1.66","1.31","1.31","38.7"
"FF","2024-09-07","96.3","-1.8","5.65","Shugart, Chase",683734,663767,"single","hit_into_play",,,,,1,"Andrew Vaughn singles on a ground ball to center fielder Ceddanne Rafaela.","R","R","R","BOS","CWS","X",8,"ground_ball",0,2,2024,"-0.68","1.26","-0.37","3.1",,,,1,7,"Top",119.36,96.73,,,,,5.330466466974183,-140.2056450432798,-4.091802719300289,-10.122001902913688,29.168535880567422,-14.810576391855207,"3.13","1.47",140,"97.2",9,"96.8",2098,"6.4",746911,643376,657136,663853,646240,596115,680776,678882,641933,"54.12",0.666,0.611,"0.9",1,1,0,4,60,3,"4-Seam Fastball",7,5,5,7,5,7,5,7,"Standard","Standard",214,"-0.039","0.325","63.6","6.4",0.728,"-0.325","97.2",2,-2,"0.857","0.143",27,26,28,26,1,3,6,1,17,1,"1.18","0.68","0.68","45.2"
"SI","2024-09-07","96.6","-1.92","5.56","Shugart, Chase",683734,663767,,"foul",,,,,5,"Andrew Vaughn singles on a ground ball to center fielder Ceddanne Rafaela.","R","R","R","BOS","CWS","S",,,0,1,2024,"-1.15","0.75","0.06","2.28",,,,1,7,"Top",,,,,,,7.8950031814221475,-140.37953429338697,-4.866561669605924,-17.003913782890088,31.37264696195232,-21.3629222964536,"3.13","1.47",269,"85.6",45,"96.8",2230,"6.5",746911,643376,657136,663853,646240,596115,680776,678882,641933,"54.04",,,,,,,,60,2,"Sinker",7,5,5,7,5,7,5,7,"Standard","Standard",212,"0","-0.036","72.8","7.2",,"0.036","88.0",2,-2,"0.857","0.143",27,26,28,26,1,3,6,1,17,1,"1.7","1.15","1.15","41.0"
"SI","2024-09-07","97.1","-2.12","5.43","Shugart, Chase",683734,663767,,"called_strike",,,,,6,"Andrew Vaughn singles on a ground ball to center fielder Ceddanne Rafaela.","R","R","R","BOS","CWS","S",,,0,0,2024,"-1.11","0.77","0.43","2.2",,,,1,7,"Top",,,,,,,9.360393283487015,-141.0086281989294,-4.833342574360884,-16.909646384992545,33.15979986594123,-21.018105597514477,"3.14","1.4",,,,"97",2209,"6.4",746911,643376,657136,663853,646240,596115,680776,678882,641933,"54.08",,,,,,,,60,1,"Sinker",7,5,5,7,5,7,5,7,"Standard","Standard",218,"0","-0.023",,,,"0.023",,2,-2,"0.857","0.143",27,26,28,26,1,3,6,1,17,1,"1.67","1.11","1.11","39.8"
"FC","2024-09-07","90.7","-2.07","5.57","Shugart, Chase",643217,663767,"home_run","hit_into_play",,,,,2,"Andrew Benintendi homers (16) on a fly ball to right center field.    Chuckie Robinson scores.    Nicky Lopez scores.","R","L","R","BOS","CWS","X",,"fly_ball",1,2,2024,"0.34","0.56","-0.17","3.1",,642020,670032,1,7,"Top",179.28,46.45,,,,,4.055643217179531,-132.16672087707283,-1.513048395499378,3.2076959319804783,25.621700845406895,-25.468130819718212,"3.2","1.51",391,"99.3",35,"91.4",2556,"6.4",746911,643376,657136,663853,646240,596115,680776,678882,641933,"54.06",0.254,0.504,"2",1,0,3,5,59,4,"Cutter",7,2,2,7,5,7,5,7,"Strategic","Standard",160,"-0.098","2.462","70.5","6.6",0.971,"-2.462","99.3",5,-5,"0.955","0.045",27,29,28,30,1,3,6,1,17,1,"2.18","-0.34","0.34","37.9"
"FF","2024-09-07","95.7","-2.06","5.65","Shugart, Chase",643217,663767,,"ball",,,,,11,"Andrew Benintendi homers (16) on a fly ball to right center field.    Chuckie Robinson scores.    Nicky Lopez scores.","R","L","R","BOS","CWS","B",,,0,2,2024,"-0.66","1.21","-2.12","5.7",,642020,670032,1,7,"Top",,,,,,,1.3342217908241745,-139.3992596634952,3.000472685023562,-8.91581480705626,30.672427316834515,-17.196493204592283,"3.21","1.58",,,,"95.8",2149,"6.3",746911,643376,657136,663853,646240,596115,680776,678882,641933,"54.23",,,,,,,,59,3,"4-Seam Fastball",7,2,2,7,2,7,2,7,"Strategic","Standard",214,"0","0.043",,,,"-0.043",,5,-5,"0.955","0.045",27,29,28,30,1,3,6,1,17,1,"1.27","0.66","-0.66","43.2"
"CH","2024-09-07","90.7","-2.59","5.11","Shugart, Chase",643217,663767,,"foul",,,,,4,"Andrew Benintendi homers (16) on a fly ball to right center field.    Chuckie Robinson scores.    Nicky Lopez scores.","R","L","R","BOS","CWS","S",,,0,1,2024,"-1.59","0.46","-0.65","2.37",,642020,670032,1,7,"Top",,,,,,,8.241130647410706,-131.80036797619806,-1.8572412175434359,-20.2958521421904,28.8323871998398,-26.641298715391315,"3.2","1.51",186,"74.4",31,"90.5",1853,"6.3",746911,643376,657136,663853,646240,596115,680776,678882,641933,"54.17",,,,,,,,59,2,"Changeup",7,2,2,7,2,7,2,7,"Strategic","Standard",240,"0","-0.093","69.2","7.1",,"0.093","88.0",5,-5,"0.955","0.045",27,29,28,30,1,3,6,1,17,1,"2.33","1.59","-1.59","26.8"
"CH","2024-09-07","90.8","-2.41","5.17","Shugart, Chase",643217,663767,,"foul",,,,,5,"Andrew Benintendi homers (16) on a fly ball to right center field.    Chuckie Robinson scores.    Nicky Lopez scores.","R","L","R","BOS","CWS","S",,,0,0,2024,"-1.38","0.23","-0.05","2.24",,642020,670032,1,7,"Top",,,,,,,8.851990348995244,-132.00465079719868,-1.9185798232365705,-17.985554684473282,27.224600298842038,-29.307465460248167,"3.2","1.51",6,"79.1",-22,"90.8",1982,"6.3",746911,643376,657136,663853,646240,596115,680776,678882,641933,"54.21",,,,,,,,59,1,"Changeup",7,2,2,7,2,7,2,7,"Infield shade","Standard",242,"0","-0.075","68.9","7.3",,"0.075","88.0",5,-5,"0.955","0.045",27,29,28,30,1,3,6,1,17,1,"2.54","1.38","-1.38","29.7"
"ST","2024-09-07","79.8","-2.43","5.18","Shugart, Chase",673357,663767,"field_out","hit_into_play",,,,,9,"Luis Robert Jr.  flies out to center fielder Ceddanne Rafaela.","R","R","R","BOS","CWS","X",8,"fly_ball",1,2,2024,"1.94","-0.34","0.66","2.33",,642020,670032,0,7,"Top",99.19,65.62,,,,,3.125604329900007,-116.02174648124495,1.323078617503488,16.316998281433253,28.43547045715046,-35.80192197841101,"3.86","1.79",337,"90.9",36,"78.5",2933,"6.2",746911,643376,657136,663853,646240,596115,680776,678882,641933,"54.33",0.009,0.008,"0",1,0,0,3,58,4,"Sweeper",7,2,2,7,2,7,2,7,"Standard","Standard",57,"0.028","-0.344","76.3","8.1",0.017,"0.344","90.9",5,-5,"0.927","0.073",27,26,28,27,1,3,6,1,17,1,"4.02","-1.94","-1.94","29.1"
"ST","2024-09-07","82.7","-2.3","5.19","Shugart, Chase",673357,663767,,"ball",,,,,14,"Luis Robert Jr.  flies out to center fielder Ceddanne Rafaela.","R","R","R","BOS","CWS","B",,,0,2,2024,"1.84","-0.07","2.64","1.51",,642020,670032,0,7,"Top",,,,,,,7.6582559164898685,-120.14678237419825,-1.6939466293526295,16.06044261275235,25.33799831882383,-32.67752251989146,"3.81","1.79",,,,"82.3",2880,"6.3",746911,643376,657136,663853,646240,596115,680776,678882,641933,"54.18",,,,,,,,58,3,"Sweeper",7,2,2,7,2,7,2,7,"Standard","Standard",55,"0","0.076",,,,"-0.076",,5,-5,"0.927","0.073",27,26,28,27,1,3,6,1,17,1,"3.43","-1.84","-1.84","30.8"
"SI","2024-09-07","96.5","-2.05","5.56","Shugart, Chase",673357,663767,,"foul",,,,,11,"Luis Robert Jr.  flies out to center fielder Ceddanne Rafaela.","R","R","R","BOS","CWS","S",,,0,1,2024,"-1.58","0.77","-0.96","3.2",,642020,670032,0,7,"Top",,,,,,,6.502572080134036,-140.3832329281723,-2.4673212955931056,-22.38952762345122,31.23896953119061,-21.564295683644858,"3.86","1.79",,,,"96.6",2101,"6.3",746911,643376,657136,663853,646240,596115,680776,678882,641933,"54.18",,,,,,,,58,2,"Sinker",7,2,2,7,2,7,2,7,"Standard","Standard",218,"0","-0.145","70.6","6.2",,"0.145",,5,-5,"0.927","0.073",27,26,28,27,1,3,6,1,17,1,"1.67","1.58","1.58","40.2"
"ST","2024-09-07","81","-2.4","5.2","Shugart, Chase",673357,663767,,"foul",,,,,14,"Luis Robert Jr.  flies out to center fielder Ceddanne Rafaela.","R","R","R","BOS","CWS","S",,,0,0,2024,"1.73","0.05","1.09","2.5",,642020,670032,0,7,"Top",,,,,,,4.489437874710586,-117.73894816681843,0.6442656126080879,14.854037011653952,26.49753425309859,-32.12544716460713,"3.86","1.79",132,"60.1",22,"80.3",2945,"6.3",746911,643376,657136,663853,646240,596115,680776,678882,641933,"54.21",,,,,,,,58,1,"Sweeper",7,2,2,7,2,7,2,7,"Standard","Standard",66,"0","-0.09","72.8","8.2",,"0.09","88.0",5,-5,"0.927","0.073",27,26,28,27,1,3,6,1,17,1,"3.49","-1.73","-1.73","32.4"
"FF","2024-09-07","96.6","-1.93","5.67","Shugart, Chase",670032,663767,"single","hit_into_play",,,,,14,"Nicky Lopez singles on a line drive to center fielder Ceddanne Rafaela.   Chuckie Robinson to 2nd.","R","L","R","BOS","CWS","X",8,"line_drive",1,2,2024,"-0.57","1.3","0.87","1.86",,,642020,0,7,"Top",108.81,109.42,,,,,8.765427122321393,-140.26305180125158,-7.582176381786926,-9.400538048223428,30.068572801199206,-13.387133091077796,"2.94","1.28",191,"66.8",23,"96.9",2068,"6.4",746911,643376,657136,663853,646240,596115,680776,678882,641933,"54.05",0.854,0.776,"0.9",1,1,0,4,57,4,"4-Seam Fastball",7,2,2,7,2,7,2,7,"Infield shade","Standard",221,"-0.03","0.76","61.4","6.4",0.899,"-0.76","88.0",5,-5,"0.957","0.043",27,29,28,29,1,3,6,1,17,3,"1.14","0.57","-0.57","43.0"
"ST","2024-09-07","80","-2.5","5.13","Shugart, Chase",670032,663767,,"swinging_strike",,,,,14,"Nicky Lopez singles on a line drive to center fielder Ceddanne Rafaela.   Chuckie Robinson to 2nd.","R","L","R","BOS","CWS","S",,,1,1,2024,"1.74","-0.07","0.92","1.99",,,642020,0,7,"Top",,,,,,,4.257223955719638,-116.38624435201064,-0.032960414238558444,14.790309162286956,23.937450780603854,-33.00458813485834,"2.94","1.28",,,,"79.5",2826,"6.1",746911,643376,657136,663853,646240,596115,680776,678882,641933,"54.36",,,,,,,,57,3,"Sweeper",7,2,2,7,2,7,2,7,"Standard","Standard",59,"0","-0.074","65.6","7.8",,"0.074",,5,-5,"0.957","0.043",27,29,28,29,1,3,6,1,17,3,"3.66","-1.74","1.74","31.9"
"CH","2024-09-07","89.1","-2.41","5.23","Shugart, Chase",670032,663767,,"called_strike",,,,,12,"Nicky Lopez singles on a line drive to center fielder Ceddanne Rafaela.   Chuckie Robinson to 2nd.","R","L","R","BOS","CWS","S",,,1,0,2024,"-1.36","0.38","0.26","3.33",,,642020,0,7,"Top",,,,,,,9.374442544312846,-129.50150566642674,0.539290236571632,-17.244167831628015,25.038292744508954,-28.207095444424727,"2.95","1.39",,,,"89.1",1717,"6.2",746911,643376,657136,663853,646240,596115,680776,678882,641933,"54.34",,,,,,,,57,2,"Changeup",7,2,2,7,2,7,2,7,"Standard","Standard",236,"0","-0.074",,,,"0.074",,5,-5,"0.957","0.043",27,29,28,29,1,3,6,1,17,3,"2.48","1.36","-1.36","29.0"
"FC","2024-09-07","90.8","-2.27","5.36","Shugart, Chase",670032,663767,,"ball",,,,,12,"Nicky Lopez singles on a line drive to center fielder Ceddanne Rafaela.   Chuckie Robinson to 2nd.","R","L","R","BOS","CWS","B",,,0,0,2024,"0.28","0.63","0.97","2.68",,,642020,0,7,"Top",,,,,,,7.513498663795816,-132.1564842230461,-2.2475229118452327,1.9117567170062126,24.01805637897862,-24.420379155587284,"2.81","1.22",,,,"91.3",2339,"6.2",746911,643376,657136,663853,646240,596115,680776,678882,641933,"54.25",,,,,,,,57,1,"Cutter",7,2,2,7,2,7,2,7,"Infield shade","Standard",193,"0","0.062",,,,"-0.062",,5,-5,"0.957","0.043",27,29,28,29,1,3,6,1,17,3,"2.1","-0.28","0.28","34.6"
"SI","2024-09-07","94.4","-2.24","5.41","Shugart, Chase",642020,663767,"walk","ball",,,,,11,"Chuckie Robinson walks.","R","R","R","BOS","CWS","B",,,3,2,2024,"-1.08","0.52","-0.38","4.15",,,,0,7,"Top",,,,,,,7.228093571951847,-137.49968828296124,1.1764567198412785,-15.224488164180247,26.22086769092576,-25.96436966106004,"3.52","1.59",,,,"94.7",2257,"6.1",746911,643376,657136,663853,646240,596115,680776,678882,641933,"54.41",,0.689131,"0.7",1,0,0,,56,7,"Sinker",7,2,2,7,2,7,2,7,"Standard","Standard",219,"-0.015","0.333",,,,"-0.333",,5,-5,"0.972","0.028",27,29,28,30,1,2,6,1,17,4,"2.01","1.08","1.08","32.9"
"SI","2024-09-07","94.7","-2.2","5.36","Shugart, Chase",642020,663767,,"foul",,,,,11,"Chuckie Robinson walks.","R","R","R","BOS","CWS","S",,,3,2,2024,"-1.54","0.7","-0.16","3.63",,,,0,7,"Top",,,,,,,8.72838918374193,-137.75257869996733,-0.44428893391189755,-21.5410100581021,28.071850020040415,-23.357776378747587,"3.38","1.65",272,"83.3",30,"94.7",2148,"6.2",746911,643376,657136,663853,646240,596115,680776,678882,641933,"54.35",,,,,,,,56,6,"Sinker",7,2,2,7,2,7,2,7,"Standard","Standard",223,"0","0","55.4","4.9",,"0","88.0",5,-5,"0.972","0.028",27,29,28,30,1,2,6,1,17,4,"1.83","1.54","1.54","32.5"
"FF","2024-09-07","95.1","-1.88","5.68","Shugart, Chase",642020,663767,,"foul",,,,,12,"Chuckie Robinson walks.","R","R","R","BOS","CWS","S",,,3,1,2024,"-0.3","1.23","0.85","3.25",,,,0,7,"Top",,,,,,,7.833023462902729,-138.27140790319797,-3.46843475625193,-5.645013731149182,31.331358628344812,-15.836368616386572,"3.38","1.65",261,"82.6",29,"95",2187,"6.3",746911,643376,657136,663853,646240,596115,680776,678882,641933,"54.19",,,,,,,,56,5,"4-Seam Fastball",7,2,2,7,2,7,2,7,"Standard","Standard",218,"0","-0.076","68.5","6.3",,"0.076","88.0",5,-5,"0.972","0.028",27,29,28,30,1,2,6,1,17,4,"1.3","0.3","0.3","48.0"
"SI","2024-09-07","93.5","-2.27","5.43","Shugart, Chase",642020,663767,,"ball",,,,,11,"Chuckie Robinson walks.","R","R","R","BOS","CWS","B",,,2,1,2024,"-1.25","0.47","-0.99","3.34",,,,0,7,"Top",,,,,,,6.03781210818875,-136.12287555842224,-0.6800791744847611,-16.867437234132932,30.558306496293696,-26.400437399944593,"3.48","1.68",,,,"93.2",2109,"6.1",746911,643376,657136,663853,646240,596115,680776,678882,641933,"54.36",,,,,,,,56,4,"Sinker",7,2,2,7,2,7,2,7,"Standard","Standard",224,"0","0.11",,,,"-0.11",,5,-5,"0.972","0.028",27,29,28,30,1,2,6,1,17,4,"2.14","1.25","1.25","36.4"
"ST","2024-09-07","78.8","-2.6","5.32","Shugart, Chase",642020,663767,,"ball",,,,,12,"Chuckie Robinson walks.","R","R","R","BOS","CWS","B",,,1,1,2024,"1.67","-0.06","0.91","3.64",,,,0,7,"Top",,,,,,,4.4793817512824505,-114.57452664602489,3.3574702839865544,13.69545332960975,23.673666428736652,-33.665211174697646,"3.39","1.59",,,,"77.9",2726,"5.9",746911,643376,657136,663853,646240,596115,680776,678882,641933,"54.56",,,,,,,,56,3,"Sweeper",7,2,2,7,2,7,2,7,"Standard","Standard",56,"0","0.048",,,,"-0.048",,5,-5,"0.972","0.028",27,29,28,30,1,2,6,1,17,4,"3.78","-1.67","-1.67","31.8"
"ST","2024-09-07","81.4","-2.28","5.25","Shugart, Chase",642020,663767,,"ball",,,,,14,"Chuckie Robinson walks.","R","R","R","BOS","CWS","B",,,0,1,2024,"1.37","-0.01","2.23","1.98",,,,0,7,"Top",,,,,,,7.474026907903453,-118.37439730841227,-0.7011985233358653,11.421452233631063,23.09154058895278,-32.32648006936021,"3.35","1.61",,,,"81.2",2725,"6.3",746911,643376,657136,663853,646240,596115,680776,678882,641933,"54.23",,,,,,,,56,2,"Sweeper",7,2,2,7,2,7,2,7,"Standard","Standard",58,"0","0.023",,,,"-0.023",,5,-5,"0.972","0.028",27,29,28,30,1,2,6,1,17,4,"3.46","-1.37","-1.37","32.4"
"SI","2024-09-07","95.1","-2.18","5.6","Shugart, Chase",642020,663767,,"foul",,,,,6,"Chuckie Robinson walks.","R","R","R","BOS","CWS","S",,,0,0,2024,"-1.12","0.83","0.31","2.2",,,,0,7,"Top",,,,,,,9.023555703100966,-138.22148275270695,-5.156499605419787,-16.336546908211453,28.94140761438809,-20.513792918299927,"3.38","1.65",220,"81",55,"95.3",2158,"6.3",746911,643376,657136,663853,646240,596115,680776,678882,641933,"54.18",,,,,,,,56,1,"Sinker",7,2,2,7,2,7,2,7,"Standard","Standard",219,"0","-0.033","75.4","7.0",,"0.033","88.0",5,-5,"0.972","0.028",27,29,28,30,1,2,6,1,17,4,"1.68","1.12","1.12","37.0"
"FF","2024-09-07","95.5","-1.69","5.79","Shugart, Chase",678246,663767,"strikeout","swinging_strike",,,,,6,"Miguel Vargas strikes out swinging.","R","R","R","BOS","CWS","S",2,,3,2,2024,"-0.4","1.35","0.52","2.64",,,657757,2,6,"Top",,,,,,,6.740290386723043,-138.86392247865663,-5.728114162305452,-6.6795041687950265,31.103219257148503,-13.601002501947587,"3.3","1.54",,,,"95.8",2177,"6.5",746911,643376,657136,663853,646240,596115,680776,678882,641933,"54.02",,0,"0",1,0,0,,51,7,"4-Seam Fastball",7,2,2,7,2,7,2,7,"Standard","Standard",208,"0.008","-0.269","70.6","7.9",,"0.269",,5,-5,"0.969","0.031",27,24,28,25,1,2,6,5,17,1,"1.15","0.4","0.4","47.4"
"ST","2024-09-07","82.2","-2.18","5.32","Shugart, Chase",678246,663767,,"ball",,,,,14,"Miguel Vargas strikes out swinging.","R","R","R","BOS","CWS","B",,,2,2,2024,"1.59","-0.51","1.78","1.99",,,657757,2,6,"Top",,,,,,,5.9006753918713555,-119.56759275651474,0.06299322569788712,13.801204204402842,26.23936178015945,-37.234604925153256,"3.23","1.5",,,,"81.9",2846,"6.4",746911,643376,657136,663853,646240,596115,680776,678882,641933,"54.06",,,,,,,,51,6,"Sweeper",7,2,2,7,2,7,2,7,"Standard","Standard",58,"0","0.072",,,,"-0.072",,5,-5,"0.969","0.031",27,24,28,25,1,2,6,5,17,1,"3.92","-1.59","-1.59","39.9"
"FF","2024-09-07","96.7","-1.77","5.78","Shugart, Chase",678246,663767,,"foul",,,,,1,"Miguel Vargas strikes out swinging.","R","R","R","BOS","CWS","S",,,2,2,2024,"-0.46","1.33","-0.35","3.35",,,657757,2,6,"Top",,,,,,,4.851804739427403,-140.82871691079112,-3.9927720727334077,-7.22534742013424,29.481898528046756,-13.720435787198122,"3.3","1.54",166,"84.2",12,"97.3",2130,"6.4",746911,643376,657136,663853,646240,596115,680776,678882,641933,"54.12",,,,,,,,51,5,"4-Seam Fastball",7,2,2,7,2,7,2,7,"Standard","Standard",207,"0","0","71.9","7.4",,"0","88.0",5,-5,"0.969","0.031",27,24,28,25,1,2,6,5,17,1,"1.09","0.46","0.46","48.7"
"SI","2024-09-07","95.1","-2.05","5.6","Shugart, Chase",678246,663767,,"foul",,,,,11,"Miguel Vargas strikes out swinging.","R","R","R","BOS","CWS","S",,,2,1,2024,"-1.35","0.73","-1.01","2.68",,,657757,2,6,"Top",,,,,,,5.740446367121345,-138.3271350136164,-3.6301634067463495,-18.650938805646838,31.01215069044813,-22.222370944166283,"3.3","1.54",22,"98.8",-5,"95.1",2208,"6.3",746911,643376,657136,663853,646240,596115,680776,678882,641933,"54.17",,,,,,,,51,4,"Sinker",7,2,2,7,2,7,2,7,"Standard","Standard",215,"0","-0.061","77.6","8.2",,"0.061","98.8",5,-5,"0.969","0.031",27,24,28,25,1,2,6,5,17,1,"1.8","1.35","1.35","42.9"
"ST","2024-09-07","81.8","-2.41","5.27","Shugart, Chase",678246,663767,,"ball",,,,,14,"Miguel Vargas strikes out swinging.","R","R","R","BOS","CWS","B",,,1,1,2024,"1.65","-0.26","0.97","1.64",,,657757,2,6,"Top",,,,,,,4.444833659985997,-119.06835787478835,-1.0460236912999283,14.566228583874569,26.098404111700216,-34.61116503533706,"3.16","1.47",,,,"81.4",2861,"6.3",746911,643376,657136,663853,646240,596115,680776,678882,641933,"54.19",,,,,,,,51,3,"Sweeper",7,2,2,7,2,7,2,7,"Standard","Standard",61,"0","0.042",,,,"-0.042",,5,-5,"0.969","0.031",27,24,28,25,1,2,6,5,17,1,"3.7","-1.65","-1.65","30.3"
"ST","2024-09-07","81.6","-2.13","5.33","Shugart, Chase",678246,663767,,"ball",,,,,14,"Miguel Vargas strikes out swinging.","R","R","R","BOS","CWS","B",,,0,1,2024,"1.5","-0.12","1.17","1.37",,,657757,2,6,"Top",,,,,,,4.536593935446157,-118.73714480667955,-2.033781292457254,13.116470319571006,25.160049532355515,-33.0628271669183,"3.22","1.42",,,,"81.2",2868,"6.3",746911,643376,657136,663853,646240,596115,680776,678882,641933,"54.25",,,,,,,,51,2,"Sweeper",7,2,2,7,2,7,2,7,"Standard","Standard",58,"0","0.027",,,,"-0.027",,5,-5,"0.969","0.031",27,24,28,25,1,2,6,5,17,1,"3.57","-1.5","-1.5","32.9"
"SI","2024-09-07","96.3","-2.1","5.59","Shugart, Chase",678246,663767,,"foul",,,,,5,"Miguel Vargas strikes out swinging.","R","R","R","BOS","CWS","S",,,0,0,2024,"-1.27","0.72","0.24","2.67",,,657757,2,6,"Top",,,,,,,9.058585070031583,-140.01790474060167,-3.7820706932598243,-18.79849657128922,31.288369876001536,-22.05924241066472,"3.3","1.54",,,,"96.1",2153,"6.2",746911,643376,657136,663853,646240,596115,680776,678882,641933,"54.28",,,,,,,,51,1,"Sinker",7,2,2,7,2,7,2,7,"Standard","Standard",222,"0","-0.039","68.1","7.1",,"0.039",,5,-5,"0.969","0.031",27,24,28,25,1,2,6,5,17,1,"1.74","1.27","1.27","39.6"
"CH","2024-09-07","89.1","-2.46","5.27","Shugart, Chase",666150,663767,"field_out","hit_into_play",,,,,4,"Dominic Fletcher pops out to third baseman Rafael Devers.","R","L","R","BOS","CWS","X",5,"popup",0,0,2024,"-1.22","0.17","-0.48","2.51",,,657757,1,6,"Top",101.85,149.69,,,,,7.395408425974752,-129.68354341800762,-1.141598913071255,-15.296987781738338,25.46661553944938,-30.24364090881663,"3.13","1.48",144,"81.9",67,"88.9",1889,"6",746911,643376,657136,663853,646240,596115,680776,678882,641933,"54.45",0.009,0.008,"0",1,0,0,3,50,1,"Changeup",7,2,2,7,2,7,2,7,"Infield shade","Standard",242,"0.012","-0.301","68.0","7.1",0.009,"0.301","88.0",5,-5,"0.957","0.043",27,26,28,27,1,2,6,1,17,1,"2.69","1.22","-1.22","27.9"
"ST","2024-09-07","79.2","-2.41","5.34","Shugart, Chase",672820,663767,"strikeout","called_strike",,,,,11,"Lenyn Sosa called out on strikes.","R","R","R","BOS","CWS","S",2,,1,2,2024,"1.36","-0.39","-0.83","2.89",,,657757,0,6,"Top",,,,,,,0.9128557903622869,-115.32331615407715,2.1550216311125467,11.89867354164855,22.340085002104942,-36.25530855635224,"3.25","1.53",,,,"79",2874,"6.2",746911,643376,657136,663853,646240,596115,680776,678882,641933,"54.27",,0,"0",1,0,0,,49,4,"Sweeper",7,2,2,7,2,7,2,7,"Standard","Standard",59,"0.017","-0.275",,,,"0.275",,5,-5,"0.94","0.06",27,24,28,24,1,2,6,1,17,1,"4.03","-1.36","-1.36","32.3"
"SI","2024-09-07","93.3","-2.31","5.49","Shugart, Chase",672820,663767,,"foul",,,,,4,"Lenyn Sosa called out on strikes.","R","R","R","BOS","CWS","S",,,1,1,2024,"-1.29","0.65","-0.82","2.79",,,657757,0,6,"Top",,,,,,,6.62642981579357,-135.7612255717583,-2.68181220159076,-17.337989155510197,27.17591753251343,-23.71925698595037,"3.34","1.62",183,"66.9",55,"93.4",2150,"6.2",746911,643376,657136,663853,646240,596115,680776,678882,641933,"54.33",,,,,,,,49,3,"Sinker",7,2,2,7,2,7,2,7,"Standard","Standard",226,"0","-0.074","68.1","6.4",,"0.074","88.0",5,-5,"0.94","0.06",27,24,28,24,1,2,6,1,17,1,"1.95","1.29","1.29","35.7"
"SI","2024-09-07","94.6","-2.13","5.64","Shugart, Chase",672820,663767,,"ball",,,,,11,"Lenyn Sosa called out on strikes.","R","R","R","BOS","CWS","B",,,0,1,2024,"-1.13","0.82","-1.26","3.25",,,657757,0,6,"Top",,,,,,,4.787401534570457,-137.78936891914577,-2.431727248187384,-15.516314622869759,28.182733662630692,-21.381203345940758,"3.34","1.66",,,,"94.8",2228,"6.2",746911,643376,657136,663853,646240,596115,680776,678882,641933,"54.32",,,,,,,,49,2,"Sinker",7,2,2,7,2,7,2,7,"Standard","Standard",212,"0","0.052",,,,"-0.052",,5,-5,"0.94","0.06",27,24,28,24,1,2,6,1,17,1,"1.71","1.13","1.13","38.5"
"ST","2024-09-07","80.2","-2.35","5.24","Shugart, Chase",672820,663767,,"called_strike",,,,,5,"Lenyn Sosa called out on strikes.","R","R","R","BOS","CWS","S",,,0,0,2024,"1.83","-0.08","-0.17","2.47",,,657757,0,6,"Top",,,,,,,1.366025031465725,-116.72742477492604,0.7302601703346245,16.390454402626133,22.898129490772405,-33.25331546201709,"3.18","1.47",,,,"79.7",2840,"6",746911,643376,657136,663853,646240,596115,680776,678882,641933,"54.49",,,,,,,,49,1,"Sweeper",7,2,2,7,2,7,2,7,"Standard","Standard",63,"0","-0.063",,,,"0.063",,5,-5,"0.94","0.06",27,24,28,24,1,2,6,1,17,1,"3.63","-1.83","-1.83","30.6"
"CH","2024-09-07","90.3","-2.61","5.24","Shugart, Chase",657757,663767,"single","hit_into_play",,,,,13,"Gavin Sheets singles on a ground ball to third baseman Rafael Devers.","R","L","R","BOS","CWS","X",5,"ground_ball",2,2,2024,"-1.45","0.21","-1.64","2.4",,,,0,6,"Top",89.2,133.5,,,,,5.4367737582072255,-131.41351721198942,-1.5127076190400373,-17.89162070326377,30.03420722076592,-29.636998451850438,"3.3","1.62",88,"65.3",8,"89.5",1900,"5.9",746911,643376,657136,663853,646240,596115,680776,678882,641933,"54.55",0.166,0.158,"0.9",1,1,0,2,48,7,"Changeup",7,2,2,7,2,7,2,7,"Infield shade","Standard",246,"-0.018","0.427","64.5","7.2",0.171,"-0.427","88.0",5,-5,"0.958","0.042",27,28,28,28,1,2,6,1,17,1,"2.6","1.45","-1.45","29.3"
"ST","2024-09-07","82","-2.42","5.33","Shugart, Chase",657757,663767,,"foul",,,,,6,"Gavin Sheets singles on a ground ball to third baseman Rafael Devers.","R","L","R","BOS","CWS","S",,,2,2,2024,"1.84","0.13","0.76","2.52",,,,0,6,"Top",,,,,,,3.613380289867223,-119.26043248350499,0.06770713960579755,16.494383553703226,27.410697375246716,-31.180655300664217,"3.3","1.62",183,"90.9",65,"81",2966,"6.1",746911,643376,657136,663853,646240,596115,680776,678882,641933,"54.41",,,,,,,,48,6,"Sweeper",7,2,2,7,2,7,2,7,"Infield shade","Standard",65,"0","0","75.5","8.8",,"0","90.9",5,-5,"0.958","0.042",27,28,28,28,1,2,6,1,17,1,"3.31","-1.84","1.84","30.4"
"CH","2024-09-07","88","-2.52","5.27","Shugart, Chase",657757,663767,,"foul",,,,,13,"Gavin Sheets singles on a ground ball to third baseman Rafael Devers.","R","L","R","BOS","CWS","S",,,2,2,2024,"-1.37","0.18","-0.94","2.02",,,,0,6,"Top",,,,,,,6.610063460877047,-128.046325766225,-2.183365907633687,-16.377475461629185,25.156674412338976,-29.937260597248773,"3.3","1.62",181,"65.9",42,"87.6",1531,"5.9",746911,643376,657136,663853,646240,596115,680776,678882,641933,"54.58",,,,,,,,48,5,"Changeup",7,2,2,7,2,7,2,7,"Infield shade","Standard",245,"0","0","68.1","7.5",,"0","88.0",5,-5,"0.958","0.042",27,28,28,28,1,2,6,1,17,1,"2.75","1.37","-1.37","27.3"
"FC","2024-09-07","90.4","-2.4","5.61","Shugart, Chase",657757,663767,,"called_strike",,,,,1,"Gavin Sheets singles on a ground ball to third baseman Rafael Devers.","R","L","R","BOS","CWS","S",,,2,1,2024,"0.21","0.76","-0.77","3.35",,,,0,6,"Top",,,,,,,3.6102949870516805,-131.66617581068638,-1.3533551676408015,1.7142773612562834,26.154153026686203,-23.180166697610385,"3.38","1.66",,,,"90.3",2426,"6",746911,643376,657136,663853,646240,596115,680776,678882,641933,"54.47",,,,,,,,48,4,"Cutter",7,2,2,7,2,7,2,7,"Infield shade","Standard",183,"0","-0.062",,,,"0.062",,5,-5,"0.958","0.042",27,28,28,28,1,2,6,1,17,1,"2.01","-0.21","0.21","35.1"
"FF","2024-09-07","94","-2.21","5.74","Shugart, Chase",657757,663767,,"foul_tip",,,,,11,"Gavin Sheets singles on a ground ball to third baseman Rafael Devers.","R","L","R","BOS","CWS","S",,,2,0,2024,"-0.65","1.26","-0.36","4.06",,,,0,6,"Top",,,,,,,6.221716523836253,-136.79956358145282,-1.4409737594693306,-9.509540071528635,28.503433227694405,-16.191375559610243,"3.3","1.62",,,,"94.1",2082,"6.2",746911,643376,657136,663853,646240,596115,680776,678882,641933,"54.29",,,,,,,,48,3,"4-Seam Fastball",7,2,2,7,2,7,2,7,"Infield shade","Standard",216,"0","-0.058","69.2","6.6",,"0.058",,5,-5,"0.958","0.042",27,28,28,28,1,2,6,1,17,1,"1.31","0.65","-0.65","38.6"
"FC","2024-09-07","89.3","-2.33","5.53","Shugart, Chase",657757,663767,,"ball",,,,,14,"Gavin Sheets singles on a ground ball to third baseman Rafael Devers.","R","L","R","BOS","CWS","B",,,1,0,2024,"0.25","0.66","0.98","1.88",,,,0,6,"Top",,,,,,,7.616883630126186,-129.952918433492,-4.458861338010174,1.5356893927463096,22.02266164651691,-24.009684628120404,"3.26","1.48",,,,"89.9",2462,"6.3",746911,643376,657136,663853,646240,596115,680776,678882,641933,"54.25",,,,,,,,48,2,"Cutter",7,2,2,7,2,7,2,7,"Infield shade","Standard",192,"0","0.062",,,,"-0.062",,5,-5,"0.958","0.042",27,28,28,28,1,2,6,1,17,1,"2.16","-0.25","0.25","38.9"
"FC","2024-09-07","92.1","-2.25","5.61","Shugart, Chase",657757,663767,,"ball",,,,,11,"Gavin Sheets singles on a ground ball to third baseman Rafael Devers.","R","L","R","BOS","CWS","B",,,0,0,2024,"0.11","0.79","-1.08","3.7",,,,0,6,"Top",,,,,,,2.7405371970362618,-134.33465530098053,-0.8218189962678137,0.7897899224521094,24.926571091622478,-22.57796763649546,"3.24","1.49",,,,"92.6",2453,"6.1",746911,643376,657136,663853,646240,596115,680776,678882,641933,"54.38",,,,,,,,48,1,"Cutter",7,2,2,7,2,7,2,7,"Infield shade","Standard",202,"0","0.034",,,,"-0.034",,5,-5,"0.958","0.042",27,28,28,28,1,2,6,1,17,1,"1.86","-0.11","0.11","38.3"
"ST","2024-09-01","80.3","-2.14","5.08","Shugart, Chase",693307,663767,"strikeout","swinging_strike",,,,,14,"Dillon Dingler strikes out swinging.","R","R","R","DET","BOS","S",2,,2,2,2024,"1.73","-0.28","1.11","1",,,,0,8,"Bot",,,,,,,3.9027795429119774,-116.89083122788321,-1.7320811155481055,14.929184265024933,24.35396876357714,-34.638288087365865,"3.49","1.57",,,,"79.8",2899,"6.1",746426,643376,671213,665839,646240,663853,657136,680776,608701,"54.37",,0,"0",1,0,0,,58,6,"Sweeper",4,1,4,1,1,4,4,1,"Standard","Standard",53,"-0.003","-0.203","68.8","8.7",,"0.203",,3,3,"0.975","0.975",27,25,28,26,1,2,17,3,6,3,"3.85","-1.73","-1.73","34.3"
"ST","2024-09-01","80.3","-2.32","5.06","Shugart, Chase",693307,663767,,"ball",,,,,13,"Dillon Dingler strikes out swinging.","R","R","R","DET","BOS","B",,,1,2,2024,"1.74","-0.19","-0.95","2.55",,,,0,8,"Bot",,,,,,,-0.2586910958656412,-116.99097116873783,1.4805568189900116,16.04374546899922,22.39236286155988,-34.44679031664151,"3.57","1.68",,,,"79.8",2800,"5.9",746426,643376,671213,665839,646240,663853,657136,680776,608701,"54.57",,,,,,,,58,5,"Sweeper",4,1,4,1,1,4,4,1,"Standard","Standard",59,"0","0.036",,,,"-0.036",,3,3,"0.975","0.975",27,25,28,26,1,2,17,3,6,3,"3.72","-1.74","-1.74","30.7"
"FF","2024-09-01","96.2","-1.76","5.66","Shugart, Chase",693307,663767,,"ball",,,,,11,"Dillon Dingler strikes out swinging.","R","R","R","DET","BOS","B",,,0,2,2024,"-0.55","1.23","-0.49","3.75",,,,0,8,"Bot",,,,,,,4.605061497978965,-140.18328001566607,-2.3015056391930657,-8.267229918735993,30.05110066752038,-15.652618078247205,"3.52","1.71",,,,"96.2",2139,"6.1",746426,643376,671213,665839,646240,663853,657136,680776,608701,"54.39",,,,,,,,58,4,"4-Seam Fastball",4,1,4,1,1,4,4,1,"Standard","Standard",206,"0","0.021",,,,"-0.021",,3,3,"0.975","0.975",27,25,28,26,1,2,17,3,6,3,"1.22","0.55","0.55","45.7"
"FF","2024-09-01","96.2","-1.75","5.58","Shugart, Chase",693307,663767,,"foul",,,,,5,"Dillon Dingler strikes out swinging.","R","R","R","DET","BOS","S",,,0,2,2024,"-0.38","1.08","-0.15","2.7",,,,0,8,"Bot",,,,,,,5.070545793956204,-140.15155448861114,-4.554695716002812,-6.088293018730468,29.124790398745258,-17.070839861965556,"3.49","1.57",203,"68.6",35,"96.4",2065,"6.1",746426,643376,671213,665839,646240,663853,657136,680776,608701,"54.36",,,,,,,,58,3,"4-Seam Fastball",4,1,4,1,1,4,4,1,"Standard","Standard",212,"0","0","65.2","6.4",,"0","88.0",3,3,"0.975","0.975",27,25,28,26,1,2,17,3,6,3,"1.36","0.38","0.38","43.4"
"SI","2024-09-01","95","-2.13","5.44","Shugart, Chase",693307,663767,,"called_strike",,,,,9,"Dillon Dingler strikes out swinging.","R","R","R","DET","BOS","S",,,0,1,2024,"-1.32","0.69","0.57","1.72",,,,0,8,"Bot",,,,,,,9.984950217083597,-138.09378867355804,-5.651817391501217,-19.068083790573514,27.40294892148878,-22.312372613381882,"3.49","1.58",,,,"94.9",2180,"6.1",746426,643376,671213,665839,646240,663853,657136,680776,608701,"54.44",,,,,,,,58,2,"Sinker",4,1,4,1,1,4,4,1,"Standard","Standard",226,"0","-0.049",,,,"0.049",,3,3,"0.975","0.975",27,25,28,26,1,2,17,3,6,3,"1.82","1.32","1.32","34.7"
"ST","2024-09-01","80.2","-2.42","5.11","Shugart, Chase",693307,663767,,"called_strike",,,,,7,"Dillon Dingler strikes out swinging.","R","R","R","DET","BOS","S",,,0,0,2024,"1.28","0.53","-0.41","2.04",,,,0,8,"Bot",,,,,,,2.0189556087840175,-116.83394491583982,-1.0724417189828297,11.31633051229388,22.89187404180588,-27.31405201722907,"3.47","1.6",,,,"79.6",2712,"5.9",746426,643376,671213,665839,646240,663853,657136,680776,608701,"54.61",,,,,,,,58,1,"Sweeper",4,1,4,1,1,4,4,1,"Standard","Standard",63,"0","-0.033",,,,"0.033",,3,3,"0.975","0.975",27,25,28,26,1,2,17,3,6,3,"3.01","-1.28","-1.28","30.0"
"FC","2024-09-01","91.9","-1.91","5.44","Shugart, Chase",700242,663767,"field_out","hit_into_play",,,,,2,"Trey Sweeney lines out to center fielder Jarren Duran.","R","L","R","DET","BOS","X",8,"line_drive",2,1,2024,"0.37","0.66","-0.1","3.25",,,,2,7,"Bot",138.76,50.36,,,,,3.7889408166588874,-133.92213076575456,-1.2218851386537715,3.789702839862634,26.06627309112525,-24.09687274466399,"3.49","1.6",369,"96",22,"92.3",2426,"6.2",746426,643376,671213,665839,646240,663853,657136,680776,608701,"54.29",0.186,0.205,"0",1,0,0,3,54,4,"Cutter",4,1,4,1,1,4,4,1,"Infield shade","Standard",165,"-0.002","-0.117","75.7","7.6",0.331,"0.117","96.0",3,3,"0.937","0.937",27,24,28,24,1,2,17,1,6,1,"2.01","-0.37","0.37","39.2"
"CH","2024-09-01","87.5","-2.44","5.03","Shugart, Chase",700242,663767,,"ball",,,,,13,"Trey Sweeney lines out to center fielder Jarren Duran.","R","L","R","DET","BOS","B",,,1,1,2024,"-1.22","0.08","-1.62","2.15",,,,2,7,"Bot",,,,,,,4.471383904598249,-127.49681600196408,-1.0316767211576954,-14.215250424473627,24.654158226184737,-31.30205198795735,"3.66","1.8",,,,"87.6",1849,"6.1",746426,643376,671213,665839,646240,663853,657136,680776,608701,"54.38",,,,,,,,54,3,"Changeup",4,1,4,1,1,4,4,1,"Infield shade","Standard",246,"0","0.023",,,,"-0.023",,3,3,"0.937","0.937",27,24,28,24,1,2,17,1,6,1,"2.87","1.22","-1.22","28.8"
"FC","2024-09-01","94.2","-1.98","5.34","Shugart, Chase",700242,663767,,"foul",,,,,6,"Trey Sweeney lines out to center fielder Jarren Duran.","R","L","R","DET","BOS","S",,,1,0,2024,"0.24","0.85","0.47","2.38",,,,2,7,"Bot",,,,,,,5.847694307956757,-137.21346338383267,-3.9712314697804674,1.95123888011553,26.072885327992584,-20.689569310584908,"3.49","1.6",3,"62",-43,"94.7",2416,"6.2",746426,643376,671213,665839,646240,663853,657136,680776,608701,"54.3",,,,,,,,54,2,"Cutter",4,1,4,1,1,4,4,1,"Standard","Standard",207,"0","-0.02","71.6","7.6",,"0.02","88.0",3,3,"0.937","0.937",27,24,28,24,1,2,17,1,6,1,"1.68","-0.24","0.24","39.6"
"CH","2024-09-01","91.6","-2.44","5.18","Shugart, Chase",700242,663767,,"ball",,,,,13,"Trey Sweeney lines out to center fielder Jarren Duran.","R","L","R","DET","BOS","B",,,0,0,2024,"-1.51","0.5","-1.26","2.76",,,,2,7,"Bot",,,,,,,6.202620032441049,-133.27239509059893,-1.3394692688386065,-19.320252593005833,28.551337018861656,-26.0856093186624,"3.84","1.82",,,,"91.3",1680,"6.1",746426,643376,671213,665839,646240,663853,657136,680776,608701,"54.41",,,,,,,,54,1,"Changeup",4,1,4,1,1,4,4,1,"Standard","Standard",243,"0","0.015",,,,"-0.015",,3,3,"0.937","0.937",27,24,28,24,1,2,17,1,6,1,"2.21","1.51","-1.51","34.2"
"CH","2024-09-01","88.8","-2.46","5.06","Shugart, Chase",656716,663767,"field_out","hit_into_play",,,,,7,"Zach McKinstry pops out to shortstop Romy Gonzalez.","R","L","R","DET","BOS","X",6,"popup",2,1,2024,"-1.49","0.43","-0.39","1.6",,,,1,7,"Bot",79.07,143.19,,,,,8.143852465377677,-129.06063665182054,-3.3276139255959913,-18.33817256415886,25.602111375725276,-26.817618438398892,"3.28","1.55",183,"73.6",58,"88.6",1629,"6.1",746426,643376,671213,665839,646240,663853,657136,680776,608701,"54.35",0.04,0.04,"0",1,0,0,3,53,4,"Changeup",4,1,4,1,1,4,4,1,"Infield shade","Standard",241,"-0.004","-0.191","68.8","7.6",0.051,"0.191","88.0",3,3,"0.941","0.941",27,29,28,29,1,2,17,1,6,3,"2.45","1.49","-1.49","28.2"
"FC","2024-09-01","90.8","-2.17","5.22","Shugart, Chase",656716,663767,,"foul",,,,,5,"Zach McKinstry pops out to shortstop Romy Gonzalez.","R","L","R","DET","BOS","S",,,2,0,2024,"0.21","0.61","0.18","2.74",,,,1,7,"Bot",,,,,,,5.431629036918853,-132.26375508949855,-1.682566106330156,1.4812652591621334,25.38479416988333,-24.780585702778264,"3.28","1.55",,,,"91.3",2576,"6.3",746426,643376,671213,665839,646240,663853,657136,680776,608701,"54.21",,,,,,,,53,3,"Cutter",4,1,4,1,1,4,4,1,"Infield shade","Standard",150,"0","-0.041","72.1","6.0",,"0.041",,3,3,"0.941","0.941",27,29,28,29,1,2,17,1,6,3,"2.12","-0.21","0.21","31.9"
"FC","2024-09-01","91.8","-2.02","5.43","Shugart, Chase",656716,663767,,"ball",,,,,12,"Zach McKinstry pops out to shortstop Romy Gonzalez.","R","L","R","DET","BOS","B",,,1,0,2024,"0.3","0.71","0.94","3.64",,,,1,7,"Bot",,,,,,,6.838709993617596,-133.672994203883,-0.3064093286328256,2.3373641764758544,24.3083699692908,-23.66558348709334,"3.33","1.69",,,,"92.4",2455,"6.2",746426,643376,671213,665839,646240,663853,657136,680776,608701,"54.26",,,,,,,,53,2,"Cutter",4,1,4,1,1,4,4,1,"Infield shade","Standard",175,"0","0.046",,,,"-0.046",,3,3,"0.941","0.941",27,29,28,29,1,2,17,1,6,3,"1.96","-0.3","0.3","43.1"
"ST","2024-09-01","79.6","-2.61","4.92","Shugart, Chase",656716,663767,,"ball",,,,,13,"Zach McKinstry pops out to shortstop Romy Gonzalez.","R","L","R","DET","BOS","B",,,0,0,2024,"1.75","0.09","-1.09","2.1",,,,1,7,"Bot",,,,,,,0.06003707864975821,-115.8579294195336,0.41015950295848635,15.64333850810328,22.91501646478506,-31.678066575905792,"3.28","1.64",,,,"78.7",2658,"5.8",746426,643376,671213,665839,646240,663853,657136,680776,608701,"54.69",,,,,,,,53,1,"Sweeper",4,1,4,1,1,4,4,1,"Infield shade","Standard",61,"0","0.025",,,,"-0.025",,3,3,"0.941","0.941",27,29,28,29,1,2,17,1,6,3,"3.52","-1.75","1.75","24.0"
"ST","2024-09-01","81.8","-2.3","5.15","Shugart, Chase",679529,663767,"strikeout","swinging_strike",,,,,3,"Spencer Torkelson strikes out swinging.","R","R","R","DET","BOS","S",2,,1,2,2024,"1.5","0.08","0.43","2.97",,,,0,7,"Bot",,,,,,,3.2551921839146236,-119.05069225031446,1.5107807648342277,13.567287278840325,23.475686904089837,-31.954786164609352,"3.45","1.57",,,,"81.3",2745,"6",746426,643376,671213,665839,646240,663853,657136,680776,608701,"54.5",,0,"0",1,0,0,,52,4,"Sweeper",4,1,4,1,1,4,4,1,"Standard","Standard",67,"-0.005","-0.167","69.5","7.4",,"0.167",,3,3,"0.946","0.946",27,24,28,25,1,2,17,1,6,1,"3.33","-1.5","-1.5","29.3"
"ST","2024-09-01","79.2","-2.38","5.03","Shugart, Chase",679529,663767,,"called_strike",,,,,4,"Spencer Torkelson strikes out swinging.","R","R","R","DET","BOS","S",,,1,1,2024,"1.58","-0.16","-0.5","2.22",,,,0,7,"Bot",,,,,,,1.1577641340592801,-115.29405369987805,0.9577412908166496,13.798628691674226,22.381192447441705,-34.035312001251604,"3.45","1.62",,,,"78.7",2828,"6.1",746426,643376,671213,665839,646240,663853,657136,680776,608701,"54.45",,,,,,,,52,3,"Sweeper",4,1,4,1,1,4,4,1,"Standard","Standard",60,"0","-0.051",,,,"0.051",,3,3,"0.946","0.946",27,24,28,25,1,2,17,1,6,1,"3.81","-1.58","-1.58","26.5"
"ST","2024-09-01","80.8","-2.31","5.08","Shugart, Chase",679529,663767,,"ball",,,,,14,"Spencer Torkelson strikes out swinging.","R","R","R","DET","BOS","B",,,0,1,2024,"1.59","-0.08","1.66","2.25",,,,0,7,"Bot",,,,,,,5.7840644612681755,-117.55368625268133,0.5220832918120772,13.553958420507524,23.206924967400727,-33.23241597370647,"3.43","1.59",,,,"80.3",2760,"6",746426,643376,671213,665839,646240,663853,657136,680776,608701,"54.48",,,,,,,,52,2,"Sweeper",4,1,4,1,1,4,4,1,"Standard","Standard",60,"0","0.023",,,,"-0.023",,3,3,"0.946","0.946",27,24,28,25,1,2,17,1,6,1,"3.58","-1.59","-1.59","28.6"
"SI","2024-09-01","94.6","-2.24","5.42","Shugart, Chase",679529,663767,,"foul",,,,,11,"Spencer Torkelson strikes out swinging.","R","R","R","DET","BOS","S",,,0,0,2024,"-1.05","0.79","-0.87","2.72",,,,0,7,"Bot",,,,,,,5.916933600736899,-137.82037050357928,-3.222146463804849,-14.701520226643371,25.716673435429968,-21.520134060085017,"3.45","1.57",187,"70.3",34,"95.1",2083,"6.1",746426,643376,671213,665839,646240,663853,657136,680776,608701,"54.35",,,,,,,,52,1,"Sinker",4,1,4,1,1,4,4,1,"Standard","Standard",217,"0","-0.033","72.6","7.6",,"0.033","88.0",3,3,"0.946","0.946",27,24,28,25,1,2,17,1,6,1,"1.72","1.05","1.05","35.5"
"FC","2024-09-01","91.8","-2.27","5.37","Shugart, Chase",690291,663767,"field_out","hit_into_play",,,,,5,"Jace Jung grounds out, second baseman Romy Gonzalez to first baseman Triston Casas.","R","L","R","DET","BOS","X",4,"ground_ball",1,0,2024,"0.04","0.8","-0.09","2.42",,,,2,6,"Bot",143.82,154.46,,,,,5.432053411095408,-133.75044992970766,-3.411333596707208,-0.5042498265720168,25.388984242267743,-22.044635396068774,"3.42","1.65",16,"99.2",-8,"92.4",2397,"6.3",746426,657136,671213,663853,646240,686765,608701,680776,677800,"54.22",0.223,0.206,"0",1,0,0,2,47,2,"Cutter",4,1,4,1,1,4,4,1,"Infield shade","Standard",193,"-0.003","-0.114","74.0","7.0",0.223,"0.114","99.2",3,3,"0.905","0.905",27,23,28,24,1,2,17,2,6,1,"1.87","-0.04","0.04","40.1"
"FC","2024-09-01","92.6","-2.29","5.43","Shugart, Chase",690291,663767,,"ball",,,,,12,"Jace Jung grounds out, second baseman Romy Gonzalez to first baseman Triston Casas.","R","L","R","DET","BOS","B",,,0,0,2024,"0.1","0.84","1.02","2.75",,,,2,6,"Bot",,,,,,,8.244088840155532,-134.7131913882163,-2.9575700479938725,-0.27437037213276966,25.103377877805165,-21.408552975708098,"3.36","1.6",,,,"93.3",2547,"6.4",746426,657136,671213,663853,646240,686765,608701,680776,677800,"54.12",,,,,,,,47,1,"Cutter",4,1,4,1,1,4,4,1,"Infield shade","Standard",183,"0","0.015",,,,"-0.015",,3,3,"0.905","0.905",27,23,28,24,1,2,17,2,6,1,"1.79","-0.1","0.1","39.6"
"CH","2024-09-01","89","-2.59","5.1","Shugart, Chase",681481,663767,"field_out","hit_into_play",,,,,13,"Kerry Carpenter grounds out, second baseman Romy Gonzalez to first baseman Triston Casas.","R","L","R","DET","BOS","X",4,"ground_ball",1,1,2024,"-1.27","0.39","-0.9","2.39",,,,1,6,"Bot",138.69,153.59,,,,,6.768130604317119,-129.52666004561786,-1.4681126991680284,-15.666295025266704,24.475261798513415,-27.624039001399527,"3.44","1.61",10,"75.8",-13,"88.9",1715,"6",746426,657136,671213,663853,646240,686765,608701,680776,677800,"54.51",0.049,0.058,"0",1,0,0,2,46,3,"Changeup",4,1,4,1,1,4,4,1,"Infield shade","Standard",242,"-0.006","-0.154","74.2","7.8",0.051,"0.154","88.0",3,3,"0.911","0.911",27,26,28,27,1,2,17,2,6,1,"2.46","1.27","-1.27","29.4"
"FC","2024-09-01","91.6","-2.26","5.51","Shugart, Chase",681481,663767,,"swinging_strike",,,,,11,"Kerry Carpenter grounds out, second baseman Romy Gonzalez to first baseman Triston Casas.","R","L","R","DET","BOS","S",,,1,0,2024,"0.14","0.76","-0.14","3.78",,,,1,6,"Bot",,,,,,,5.044069798616335,-133.40654680246857,-0.22542788624373877,0.6930759432439965,25.28521300774788,-23.15063584476812,"3.44","1.61",,,,"91.9",2408,"6.2",746426,657136,671213,663853,646240,686765,608701,680776,677800,"54.33",,,,,,,,46,2,"Cutter",4,1,4,1,1,4,4,1,"Infield shade","Standard",200,"0","-0.032","69.3","6.2",,"0.032",,3,3,"0.911","0.911",27,26,28,27,1,2,17,2,6,1,"1.92","-0.14","0.14","38.3"
"ST","2024-09-01","80.6","-2.83","5.19","Shugart, Chase",681481,663767,,"ball",,,,,11,"Kerry Carpenter grounds out, second baseman Romy Gonzalez to first baseman Triston Casas.","R","L","R","DET","BOS","B",,,0,0,2024,"1.12","0.02","-0.97","2.76",,,,1,6,"Bot",,,,,,,1.9833351922070428,-117.32698643081358,1.2387176056725115,9.935512717748969,23.637510442254737,-32.481247927600386,"3.28","1.65",,,,"79.5",2634,"5.6",746426,657136,671213,663853,646240,686765,608701,680776,677800,"54.88",,,,,,,,46,1,"Sweeper",4,1,4,1,1,4,4,1,"Infield shade","Standard",69,"0","0.025",,,,"-0.025",,3,3,"0.911","0.911",27,26,28,27,1,2,17,2,6,1,"3.51","-1.12","1.12","27.7"
"CH","2024-08-15","87.9","-2.44","5.2","Shugart, Chase",702616,663767,"field_out","hit_into_play",,,,,13,"Jackson Holliday grounds out, pitcher Chase Shugart to first baseman Mickey Gasper.","R","L","R","BAL","BOS","X",1,"ground_ball",1,2,2024,"-0.99","0.28","-0.99","2.24",,,683002,2,8,"Bot",125.88,179.38,,,,,5.586100297753071,-127.93306045260671,-1.6689217127300975,-12.048231034708369,24.679184199646286,-28.95555118814863,"3.44","1.59",38,"76.2",0,"88.3",1710,"6.4",747002,643376,681508,657136,646240,663853,680776,678882,608701,"54.11",0.103,0.104,"0",1,0,0,2,64,4,"Changeup",5,1,5,1,1,5,5,1,"Infield shade","Standard",238,"-0.001","-0.165","75.6","6.9",0.103,"0.165","88.0",4,4,"0.988","0.988",27,20,28,21,2,3,,1,17,1,"2.65","0.99","-0.99","25.7"
"FC","2024-08-15","91.8","-2.1","5.53","Shugart, Chase",702616,663767,,"foul",,,,,6,"Jackson Holliday grounds out, pitcher Chase Shugart to first baseman Mickey Gasper.","R","L","R","BAL","BOS","S",,,1,1,2024,"0.32","0.46","0.73","2.49",,,683002,2,8,"Bot",,,,,,,6.4731068624496,-133.65685870981193,-2.842004341751978,2.514646906051113,28.444552562014245,-26.302320687507247,"3.44","1.59",53,"93.6",0,"92.1",2509,"6.4",747002,643376,681508,657136,646240,663853,680776,678882,608701,"54.1",,,,,,,,64,3,"Cutter",5,1,5,1,1,5,5,1,"Infield shade","Standard",171,"0","-0.05","74.0","7.4",,"0.05","93.6",4,4,"0.988","0.988",27,20,28,21,2,3,,1,17,1,"2.24","-0.32","0.32","42.7"
"FC","2024-08-15","92.3","-2.11","5.58","Shugart, Chase",702616,663767,,"ball",,,,,12,"Jackson Holliday grounds out, pitcher Chase Shugart to first baseman Mickey Gasper.","R","L","R","BAL","BOS","B",,,0,1,2024,"0.21","0.72","0.94","3.33",,,683002,2,8,"Bot",,,,,,,7.326413999986999,-134.3010889800276,-1.5188684476919194,1.0623759243028337,27.283209385219248,-23.363500588845962,"3.44","1.65",,,,"92.8",2421,"6.5",747002,643376,681508,657136,646240,663853,680776,678882,608701,"54.04",,,,,,,,64,2,"Cutter",5,1,5,1,1,5,5,1,"Infield shade","Standard",201,"0","0.027",,,,"-0.027",,4,4,"0.988","0.988",27,20,28,21,2,3,,1,17,1,"1.95","-0.21","0.21","39.5"
"CH","2024-08-15","88.8","-2.48","5.27","Shugart, Chase",702616,663767,,"foul",,,,,4,"Jackson Holliday grounds out, pitcher Chase Shugart to first baseman Mickey Gasper.","R","L","R","BAL","BOS","S",,,0,0,2024,"-0.98","0.38","-0.73","2.59",,,683002,2,8,"Bot",,,,,,,6.3573020688850495,-129.2483407981617,-1.308473383425288,-12.282794902972284,26.883969235543127,-27.85997319177077,"3.44","1.59",,,,"89",1695,"6.4",747002,643376,681508,657136,646240,663853,680776,678882,608701,"54.1",,,,,,,,64,1,"Changeup",5,1,5,1,1,5,5,1,"Standard","Standard",229,"0","-0.039","77.4","7.5",,"0.039",,4,4,"0.988","0.988",27,20,28,21,2,3,,1,17,1,"2.51","0.98","-0.98","29.9"
"FC","2024-08-15","91.9","-2.24","5.44","Shugart, Chase",668939,663767,"field_out","hit_into_play",,,,,6,"Adley Rutschman pops out to third baseman Rafael Devers.","R","L","R","BAL","BOS","X",5,"popup",1,2,2024,"-0.05","0.94","0.29","2.58",,,683002,1,8,"Bot",110.65,163.11,,,,,6.524155182873585,-133.84610375445618,-3.5033549261590085,-1.9125597895771436,26.605350959044745,-20.27021365135315,"3.43","1.65",98,"85.7",74,"92.5",2485,"6.4",747002,643376,681508,657136,646240,663853,680776,678882,608701,"54.07",0.003,0.003,"0",1,0,0,3,63,4,"Cutter",5,1,5,1,1,5,5,1,"Infield shade","Standard",200,"-0.002","-0.219","74.5","7.0",0.003,"0.219","88.0",4,4,"0.99","0.99",27,26,28,26,2,3,,1,17,2,"1.74","0.05","-0.05","34.7"
"FF","2024-08-15","94.8","-2.1","5.69","Shugart, Chase",668939,663767,,"ball",,,,,11,"Adley Rutschman pops out to third baseman Rafael Devers.","R","L","R","BAL","BOS","B",,,0,2,2024,"-0.4","1.52","-1.01","5.54",,,683002,1,8,"Bot",,,,,,,3.766636739947003,-138.05351737698348,1.9241018052051577,-6.001687381154893,32.25793028396768,-13.542280086106828,"3.38","1.62",,,,"94.8",2175,"6.3",747002,643376,681508,657136,646240,663853,680776,678882,608701,"54.16",,,,,,,,63,3,"4-Seam Fastball",5,1,5,1,1,5,5,1,"Infield shade","Standard",214,"0","0.026",,,,"-0.026",,4,4,"0.99","0.99",27,26,28,26,2,3,,1,17,2,"1.03","0.4","-0.4","45.5"
"FF","2024-08-15","95.1","-2.02","5.73","Shugart, Chase",668939,663767,,"foul",,,,,4,"Adley Rutschman pops out to third baseman Rafael Devers.","R","L","R","BAL","BOS","S",,,0,1,2024,"-0.66","1.27","-0.67","2.68",,,683002,1,8,"Bot",,,,,,,5.020581467312603,-138.4234039896133,-5.199266688434471,-9.54872118203713,29.93546324099311,-14.911790324809623,"3.43","1.65",223,"77.5",56,"95.4",2163,"6.4",747002,643376,681508,657136,646240,663853,680776,678882,608701,"54.12",,,,,,,,63,2,"4-Seam Fastball",5,1,5,1,1,5,5,1,"Infield shade","Standard",209,"0","-0.061","69.4","6.5",,"0.061","88.0",4,4,"0.99","0.99",27,26,28,26,2,3,,1,17,2,"1.25","0.66","-0.66","43.8"
"ST","2024-08-15","80.1","-2.73","5.14","Shugart, Chase",668939,663767,,"called_strike",,,,,13,"Adley Rutschman pops out to third baseman Rafael Devers.","R","L","R","BAL","BOS","S",,,0,0,2024,"1.3","-0.17","-0.88","2.06",,,683002,1,8,"Bot",,,,,,,1.6108320479160654,-116.72369728653135,0.2002861138859593,11.579075305034317,22.707521084597204,-33.973204387961374,"3.35","1.76",,,,"79.6",2659,"6",747002,643376,681508,657136,646240,663853,680776,678882,608701,"54.54",,,,,,,,63,1,"Sweeper",5,1,5,1,1,5,5,1,"Infield shade","Standard",67,"0","-0.047",,,,"0.047",,4,4,"0.99","0.99",27,26,28,26,2,3,,1,17,2,"3.72","-1.3","1.3","25.8"
"SI","2024-08-15","93","-2.46","5.5","Shugart, Chase",663624,663767,"field_out","hit_into_play",,,,,11,"Ryan Mountcastle lines out to right fielder Rob Refsnyder.","R","R","R","BAL","BOS","X",9,"line_drive",0,0,2024,"-1.15","0.74","-1.08","3.24",,,683002,0,8,"Bot",163.82,85.12,,,,,6.08553817283704,-135.4551682224835,-1.719918591241509,-15.50520463730503,27.07401031307985,-22.85533003987729,"3.68","1.81",299,"87.2",25,"93.7",2047,"6.5",747002,643376,681508,657136,646240,663853,680776,678882,608701,"54.05",0.094,0.107,"0",1,0,0,3,62,1,"Sinker",5,1,5,1,1,5,5,1,"Standard","Standard",219,"-0.001","-0.369","73.1","6.9",0.17,"0.369","88.0",4,4,"0.991","0.991",27,27,28,27,1,1,,1,17,1,"1.87","1.15","1.15","37.1"
"CH","2024-08-15","87.8","-2.62","5.3","Shugart, Chase",683002,663767,"single","hit_into_play",,,,,14,"Gunnar Henderson singles on a ground ball to right fielder Rob Refsnyder.","R","L","R","BAL","BOS","X",9,"ground_ball",0,1,2024,"-1.27","0.24","0.12","1.47",,,,0,8,"Bot",179.18,119.36,,,,,9.256362805855504,-127.50635428742139,-3.6341537619631983,-15.790465946230652,25.959118536854728,-28.995887529806048,"3.67","1.73",74,"106.3",3,"87.8",1835,"6.4",747002,643376,681508,657136,646240,663853,680776,678882,608701,"54.13",0.566,0.533,"0.9",1,1,0,4,61,2,"Changeup",5,1,5,1,1,5,5,1,"Infield shade","Standard",235,"0.002","0.435","79.7","7.7",0.648,"-0.435","106.3",4,4,"0.989","0.989",27,23,28,23,1,3,,1,17,1,"2.73","1.27","-1.27","29.6"
"SI","2024-08-15","93.1","-2.56","5.4","Shugart, Chase",683002,663767,,"called_strike",,,,,6,"Gunnar Henderson singles on a ground ball to right fielder Rob Refsnyder.","R","L","R","BAL","BOS","S",,,0,0,2024,"-1.32","1.03","0.66","2.45",,,,0,8,"Bot",,,,,,,11.159834792433092,-135.10259768494922,-4.0742373647424674,-18.52568246283108,27.380990697134745,-18.822324281865,"3.64","1.79",,,,"93.4",2199,"6.4",747002,643376,681508,657136,646240,663853,680776,678882,608701,"54.05",,,,,,,,61,1,"Sinker",5,1,5,1,1,5,5,1,"Infield shade","Standard",224,"0","-0.033",,,,"0.033",,4,4,"0.989","0.989",27,23,28,23,1,3,,1,17,1,"1.6","1.32","-1.32","32.9"
"CH","2024-08-15","89.7","-2.49","5.31","Shugart, Chase",623993,663767,"field_out","hit_into_play",,,,,13,"Anthony Santander flies out to left fielder Rob Refsnyder.","R","L","R","BAL","BOS","X",7,"fly_ball",3,2,2024,"-1.37","0.07","-1.13","2.14",,681297,,2,7,"Bot",82.23,99.52,,,,,6.263888112228364,-130.50466558925643,-2.0142802109753246,-16.92200431623321,27.22575403228996,-31.15978006777278,"3.32","1.56",332,"95.3",33,"89.7",1738,"6.3",747002,643376,657136,663853,646240,678882,608701,680776,677800,"54.19",0.126,0.209,"0",1,0,0,3,56,13,"Changeup",5,1,5,1,1,5,5,1,"Standard","Standard",232,"-0.004","-0.33","71.9","6.7",0.392,"0.33","95.3",4,4,"0.972","0.972",27,29,28,30,1,3,,1,17,1,"2.76","1.37","-1.37","32.2"
"FC","2024-08-15","93.3","-2.32","5.42","Shugart, Chase",623993,663767,,"foul",,,,,14,"Anthony Santander flies out to left fielder Rob Refsnyder.","R","L","R","BAL","BOS","S",,,3,2,2024,"0.43","0.66","1.26","1.94",,681297,,2,7,"Bot",,,,,,,8.275562039111865,-135.67941021124787,-4.687712260513767,3.6054643978269034,28.09947807818577,-23.170970692488506,"3.32","1.56",,,,"93.8",2540,"6.5",747002,643376,657136,663853,646240,678882,608701,680776,677800,"54",,,,,,,,56,12,"Cutter",5,1,5,1,1,5,5,1,"Infield shade","Standard",195,"0","0",,,,"0",,4,4,"0.972","0.972",27,29,28,30,1,3,,1,17,1,"1.95","-0.43","0.43","36.4"
"ST","2024-08-15","82.6","-2.62","5.17","Shugart, Chase",623993,663767,,"foul",,,,,6,"Anthony Santander flies out to left fielder Rob Refsnyder.","R","L","R","BAL","BOS","S",,,3,2,2024,"1.86","-0.08","0.69","2.15",,681297,,2,7,"Bot",,,,,,,3.9127710293953624,-120.24201550380414,-0.13962952239437731,17.04764455365282,25.64223777552811,-33.16272251455655,"3.32","1.56",13,"98.1",-10,"82.5",2924,"6.4",747002,643376,657136,663853,646240,678882,608701,680776,677800,"54.1",,,,,,,,56,11,"Sweeper",5,1,5,1,1,5,5,1,"Standard","Standard",62,"0","0","78.4","8.0",,"0","98.1",4,4,"0.972","0.972",27,29,28,30,1,3,,1,17,1,"3.45","-1.86","1.86","30.0"
"SI","2024-08-15","96","-2.33","5.33","Shugart, Chase",623993,663767,,"foul",,,,,5,"Anthony Santander flies out to left fielder Rob Refsnyder.","R","L","R","BAL","BOS","S",,,3,2,2024,"-1.39","0.51","-0.07","2.56",,681297,,2,7,"Bot",,,,,,,9.110591426008158,-139.56629741723444,-2.8519004171861395,-20.231299768782012,31.32931584972121,-25.11693799030357,"3.32","1.56",139,"82",10,"95.9",2207,"6.3",747002,643376,657136,663853,646240,678882,608701,680776,677800,"54.2",,,,,,,,56,10,"Sinker",5,1,5,1,1,5,5,1,"Standard","Standard",229,"0","0","76.1","7.7",,"0","88.0",4,4,"0.972","0.972",27,29,28,30,1,3,,1,17,1,"1.97","1.39","-1.39","30.2"
"CH","2024-08-15","90","-2.49","5.22","Shugart, Chase",623993,663767,,"foul",,,,,11,"Anthony Santander flies out to left fielder Rob Refsnyder.","R","L","R","BAL","BOS","S",,,3,2,2024,"-1.27","0.49","-1.87","2.58",,681297,,2,7,"Bot",,,,,,,4.253723846530591,-131.00372105968222,-1.6125413809883702,-15.578853612253717,28.034118883130546,-26.406779706392275,"3.32","1.56",2,"66",-54,"90.2",1815,"6.4",747002,643376,657136,663853,646240,678882,608701,680776,677800,"54.1",,,,,,,,56,9,"Changeup",5,1,5,1,1,5,5,1,"Infield shade","Standard",237,"0","0","41.3","5.9",,"0","88.0",4,4,"0.972","0.972",27,29,28,30,1,3,,1,17,1,"2.33","1.27","-1.27","31.6"
"ST","2024-08-15","83.5","-2.56","5.15","Shugart, Chase",623993,663767,,"foul",,,,,9,"Anthony Santander flies out to left fielder Rob Refsnyder.","R","L","R","BAL","BOS","S",,,3,2,2024,"1.61","0.09","0.57","1.91",,681297,,2,7,"Bot",,,,,,,4.026984478108943,-121.57038678968476,-1.153271017214957,15.00978110414432,26.04769715395139,-31.253497939753345,"3.32","1.56",6,"73.2",-20,"83.3",2868,"6.3",747002,643376,657136,663853,646240,678882,608701,680776,677800,"54.19",,,,,,,,56,8,"Sweeper",5,1,5,1,1,5,5,1,"Standard","Standard",61,"0","0","69.9","8.7",,"0","88.0",4,4,"0.972","0.972",27,29,28,30,1,3,,1,17,1,"3.2","-1.61","1.61","28.9"
"CH","2024-08-15","89.7","-2.78","5.13","Shugart, Chase",623993,663767,,"ball",,,,,14,"Anthony Santander flies out to left fielder Rob Refsnyder.","R","L","R","BAL","BOS","B",,,2,2,2024,"-1.25","0.33","0.2","0.7",,681297,,2,7,"Bot",,,,,,,10.02367729782517,-130.128065612287,-5.639271735761765,-16.301004779688313,27.38074243922424,-27.360050857887632,"3.15","1.53",,,,"89.8",1860,"6.5",747002,643376,657136,663853,646240,678882,608701,680776,677800,"53.97",,,,,,,,56,7,"Changeup",5,1,5,1,1,5,5,1,"Standard","Standard",242,"0","0.054",,,,"-0.054",,4,4,"0.972","0.972",27,29,28,30,1,3,,1,17,1,"2.52","1.25","-1.25","31.0"
"FF","2024-08-15","94.5","-1.92","5.66","Shugart, Chase",623993,663767,,"foul",,,,,11,"Anthony Santander flies out to left fielder Rob Refsnyder.","R","L","R","BAL","BOS","S",,,2,2,2024,"-0.74","1.11","-0.85","3.55",,681297,,2,7,"Bot",,,,,,,4.426036171335794,-137.6020147381867,-2.292204022604718,-10.339816649077859,30.86875335746943,-17.740802191880956,"3.32","1.56",196,"79.5",69,"94.7",2044,"6.4",747002,643376,657136,663853,646240,678882,608701,680776,677800,"54.11",,,,,,,,56,6,"4-Seam Fastball",5,1,5,1,1,5,5,1,"Standard","Standard",211,"0","0","67.3","6.4",,"0","88.0",4,4,"0.972","0.972",27,29,28,30,1,3,,1,17,1,"1.44","0.74","-0.74","43.4"
"ST","2024-08-15","81.4","-2.53","5.22","Shugart, Chase",623993,663767,,"ball",,,,,11,"Anthony Santander flies out to left fielder Rob Refsnyder.","R","L","R","BAL","BOS","B",,,1,2,2024,"1.42","-0.48","-1.72","2.54",,681297,,2,7,"Bot",,,,,,,-0.9148221685877425,-118.51711969344963,1.5573500962900144,13.496626556814215,24.875715328161498,-37.22120001479953,"3.12","1.42",,,,"81.2",2860,"6.3",747002,643376,657136,663853,646240,678882,608701,680776,677800,"54.18",,,,,,,,56,5,"Sweeper",5,1,5,1,1,5,5,1,"Standard","Standard",61,"0","0.041",,,,"-0.041",,4,4,"0.972","0.972",27,29,28,30,1,3,,1,17,1,"3.94","-1.42","1.42","32.8"
"CH","2024-08-15","90.7","-2.38","5.21","Shugart, Chase",623993,663767,,"foul",,,,,14,"Anthony Santander flies out to left fielder Rob Refsnyder.","R","L","R","BAL","BOS","S",,,1,2,2024,"-1.37","-0.02","0.37","0.98",,681297,,2,7,"Bot",,,,,,,9.833431555657018,-131.72909065655037,-4.598778131622099,-18.032461103448508,27.97699556154345,-31.60353178816093,"3.32","1.56",1,"35.5",-60,"91",1788,"6.5",747002,643376,657136,663853,646240,678882,608701,680776,677800,"53.95",,,,,,,,56,4,"Changeup",5,1,5,1,1,5,5,1,"Standard","Standard",241,"0","0","69.9","8.0",,"0","88.0",4,4,"0.972","0.972",27,29,28,30,1,3,,1,17,1,"2.8","1.37","-1.37","27.8"
"CH","2024-08-15","89.4","-2.61","5.09","Shugart, Chase",623993,663767,,"swinging_strike",,,,,13,"Anthony Santander flies out to left fielder Rob Refsnyder.","R","L","R","BAL","BOS","S",,,1,1,2024,"-1.17","-0.14","-1.32","1.49",,681297,,2,7,"Bot",,,,,,,5.649154150958876,-130.08617713766176,-2.5791883066657477,-14.457604163252341,27.632782655087734,-33.41597588005254,"3.32","1.56",,,,"89.3",1789,"6.2",747002,643376,657136,663853,646240,678882,608701,680776,677800,"54.27",,,,,,,,56,3,"Changeup",5,1,5,1,1,5,5,1,"Standard","Standard",239,"0","-0.066","73.9","7.3",,"0.066",,4,4,"0.972","0.972",27,29,28,30,1,3,,1,17,1,"2.99","1.17","-1.17","31.3"
"FC","2024-08-15","90.9","-2.14","5.53","Shugart, Chase",623993,663767,,"foul",,,,,3,"Anthony Santander flies out to left fielder Rob Refsnyder.","R","L","R","BAL","BOS","S",,,1,0,2024,"0.33","0.82","0.52","3.26",,681297,,2,7,"Bot",,,,,,,5.953986455927492,-132.3876368071529,-1.6213938620085333,2.807740107342905,25.728560837510464,-22.312975165864977,"3.32","1.56",6,"27",-29,"91.4",2457,"6.3",747002,643376,657136,663853,646240,678882,608701,680776,677800,"54.16",,,,,,,,56,2,"Cutter",5,1,5,1,1,5,5,1,"Standard","Standard",189,"0","-0.048","72.2","8.4",,"0.048","88.0",4,4,"0.972","0.972",27,29,28,30,1,3,,1,17,1,"1.91","-0.33","0.33","37.7"
"FF","2024-08-15","97.8","-2.29","5.58","Shugart, Chase",623993,663767,,"ball",,,,,11,"Anthony Santander flies out to left fielder Rob Refsnyder.","R","L","R","BAL","BOS","B",,,0,0,2024,"-0.79","1.14","-1.69","3.59",,681297,,2,7,"Bot",,,,,,,3.447347599298417,-142.3760628368923,-2.448150644620026,-11.563580021569754,35.9638843038257,-16.45642119356832,"3.32","1.68",,,,"97.5",2091,"6.3",747002,643376,657136,663853,646240,678882,608701,680776,677800,"54.16",,,,,,,,56,1,"4-Seam Fastball",5,1,5,1,1,5,5,1,"Standard","Standard",218,"0","0.016",,,,"-0.016",,4,4,"0.972","0.972",27,29,28,30,1,3,,1,17,1,"1.27","0.79","-0.79","41.6"
"FF","2024-08-15","95.6","-2.01","5.69","Shugart, Chase",681297,663767,"double","hit_into_play",,,,,5,"Colton Cowser doubles (18) on a sharp line drive to center fielder Jarren Duran.   James McCann scores.","R","L","R","BAL","BOS","X",8,"line_drive",0,0,2024,"-0.34","1.08","0.06","2.65",,,543510,2,7,"Bot",114.25,35.19,,,,,6.223561846153908,-139.06014943730582,-4.868457653965992,-5.7352570415165784,29.455904517380798,-17.19839126923465,"3.32","1.58",405,"108.4",21,"95.9",2068,"6.4",747002,643376,657136,663853,646240,678882,608701,680776,677800,"54.13",0.863,1.434,"1.25",1,1,1,6,55,1,"4-Seam Fastball",4,1,4,1,1,5,5,1,"Standard","Standard",207,"0.032","0.728","75.1","6.2",2.604,"-0.728","108.4",3,3,"0.94","0.94",27,24,28,24,1,3,,1,17,1,"1.4","0.34","-0.34","41.0"
"ST","2024-08-15","81.3","-2.51","5.26","Shugart, Chase",543510,663767,"single","hit_into_play",,,,,3,"James McCann singles on a line drive to center fielder Jarren Duran.","R","R","R","BAL","BOS","X",8,"line_drive",1,2,2024,"1.41","-0.17","0.7","2.93",,,,2,7,"Bot",119.79,97.49,,,,,4.480974469640747,-118.2582827891771,1.7979313300329893,12.146616215948859,24.83435307834881,-34.39579720114075,"3.42","1.53",186,"77.9",17,"80.8",2865,"6.2",747002,643376,657136,663853,646240,678882,608701,680776,677800,"54.29",0.96,0.891,"0.9",1,1,0,4,54,4,"Sweeper",4,1,4,1,1,4,4,1,"Standard","Standard",61,"0.003","0.157","76.4","6.6",1.051,"-0.157","88.0",3,3,"0.937","0.937",27,34,28,34,1,2,,4,17,1,"3.65","-1.41","-1.41","28.6"
"ST","2024-08-15","82","-2.4","5.22","Shugart, Chase",543510,663767,,"ball",,,,,14,"James McCann singles on a line drive to center fielder Jarren Duran.","R","R","R","BAL","BOS","B",,,0,2,2024,"1.81","-0.46","1.44","0.72",,,,2,7,"Bot",,,,,,,5.16453796057046,-119.23332107387787,-2.62661069533765,15.924633909066817,26.799496067026677,-36.168488352516405,"3.26","1.45",,,,"81.4",3072,"6.3",747002,643376,657136,663853,646240,678882,608701,680776,677800,"54.17",,,,,,,,54,3,"Sweeper",4,1,4,1,1,4,4,1,"Standard","Standard",54,"0","0.009",,,,"-0.009",,3,3,"0.937","0.937",27,34,28,34,1,2,,4,17,1,"3.9","-1.81","-1.81","30.3"
"SI","2024-08-15","93.8","-2.41","5.37","Shugart, Chase",543510,663767,,"foul",,,,,11,"James McCann singles on a line drive to center fielder Jarren Duran.","R","R","R","BAL","BOS","S",,,0,1,2024,"-1.42","0.64","-1.38","3.73",,,,2,7,"Bot",,,,,,,5.79570954037905,-136.55904502633825,0.04592812109654909,-19.07907816074626,29.382974757929357,-24.407783076628785,"3.42","1.53",,,,"93.8",2054,"6.2",747002,643376,657136,663853,646240,678882,608701,680776,677800,"54.26",,,,,,,,54,2,"Sinker",4,1,4,1,1,4,4,1,"Standard","Standard",224,"0","-0.022","20.6","2.8",,"0.022",,3,3,"0.937","0.937",27,34,28,34,1,2,,4,17,1,"1.95","1.42","1.42","29.8"
"SI","2024-08-15","94.8","-2.37","5.42","Shugart, Chase",543510,663767,,"called_strike",,,,,6,"James McCann singles on a line drive to center fielder Jarren Duran.","R","R","R","BAL","BOS","S",,,0,0,2024,"-1.19","0.63","0.42","2.66",,,,2,7,"Bot",,,,,,,9.944926894198852,-137.81657592274846,-3.0242486683497756,-17.237711171362882,27.802857592483658,-23.61713545607938,"3.46","1.59",,,,"95.4",2112,"6.5",747002,643376,657136,663853,646240,678882,608701,680776,677800,"54.04",,,,,,,,54,1,"Sinker",4,1,4,1,1,4,4,1,"Standard","Standard",220,"0","-0.016",,,,"0.016",,3,3,"0.937","0.937",27,34,28,34,1,2,,4,17,1,"1.89","1.19","1.19","33.4"
"ST","2024-08-15","81.9","-2.36","5.27","Shugart, Chase",602104,663767,"strikeout","swinging_strike",,,,,14,"Ramón Urías strikes out swinging.","R","R","R","BAL","BOS","S",2,,1,2,2024,"1.91","-0.11","1.39","1.15",,,,1,7,"Bot",,,,,,,4.768336822043163,-119.11225117830686,-2.43466346405212,16.89694224533941,26.142428492910035,-32.909147264047064,"3.18","1.51",,,,"81.4",2931,"6.3",747002,643376,657136,663853,646240,678882,608701,680776,677800,"54.22",,0,"0",1,0,0,,53,4,"Sweeper",4,1,4,1,1,4,4,1,"Standard","Standard",58,"-0.004","-0.115","60.5","8.1",,"0.115",,3,3,"0.941","0.941",27,30,28,30,1,2,,1,17,1,"3.55","-1.91","-1.91","29.9"
"SI","2024-08-15","95.2","-2.42","5.39","Shugart, Chase",602104,663767,,"foul",,,,,1,"Ramón Urías strikes out swinging.","R","R","R","BAL","BOS","S",,,1,1,2024,"-1.38","0.34","-0.41","2.71",,,,1,7,"Bot",,,,,,,8.382000027008221,-138.40586606257727,-2.1743361726276786,-19.534373184451084,29.50714179222931,-27.507345471471663,"3.18","1.51",5,"37",-25,"95.4",2032,"6.4",747002,643376,657136,663853,646240,678882,608701,680776,677800,"54.14",,,,,,,,53,3,"Sinker",4,1,4,1,1,4,4,1,"Standard","Standard",232,"0","-0.039","69.3","6.6",,"0.039","88.0",3,3,"0.941","0.941",27,30,28,30,1,2,,1,17,1,"2.17","1.38","1.38","32.1"
"ST","2024-08-15","79.6","-2.44","5.29","Shugart, Chase",602104,663767,,"ball",,,,,13,"Ramón Urías strikes out swinging.","R","R","R","BAL","BOS","B",,,0,1,2024,"1.86","-0.39","-1.67","1.91",,,,1,7,"Bot",,,,,,,-1.819419083573093,-115.79651117567218,0.18085548689813846,16.87578215455829,25.78111723120772,-35.89930380451362,"3.21","1.56",,,,"79",2882,"6.3",747002,643376,657136,663853,646240,678882,608701,680776,677800,"54.16",,,,,,,,53,2,"Sweeper",4,1,4,1,1,4,4,1,"Infield shade","Standard",57,"0","0.015",,,,"-0.015",,3,3,"0.941","0.941",27,30,28,30,1,2,,1,17,1,"4.04","-1.86","-1.86","30.0"
"ST","2024-08-15","81.8","-2.66","5.31","Shugart, Chase",602104,663767,,"foul",,,,,2,"Ramón Urías strikes out swinging.","R","R","R","BAL","BOS","S",,,0,0,2024,"1.5","-0.01","0.09","2.8",,,,1,7,"Bot",,,,,,,3.277919468347996,-119.05015828992012,1.000459526478917,13.469214366435692,25.70677119649705,-32.75882675615845,"3.18","1.51",4,"59",-39,"81.1",2783,"6.1",747002,643376,657136,663853,646240,678882,608701,680776,677800,"54.4",,,,,,,,53,1,"Sweeper",4,1,4,1,1,4,4,1,"Standard","Standard",60,"0","-0.023","68.5","7.8",,"0.023","88.0",3,3,"0.941","0.941",27,30,28,30,1,2,,1,17,1,"3.45","-1.5","-1.5","32.8"
"ST","2024-08-15","80.4","-2.57","5.26","Shugart, Chase",656775,663767,"field_out","hit_into_play",,,,,4,"Cedric Mullins flies out to right fielder Wilyer Abreu.","R","L","R","BAL","BOS","X",9,"fly_ball",1,2,2024,"1.76","-0.17","-0.3","2.13",,,,0,7,"Bot",206.18,109.81,,,,,1.6978221150575754,-117.07999629767059,0.12668532632017393,15.694243104445604,24.458525761149634,-34.02028828060528,"3.39","1.47",296,"86.3",39,"79.7",2816,"6",747002,643376,657136,663853,646240,678882,608701,680776,677800,"54.51",0.014,0.021,"0",1,0,0,3,52,4,"Sweeper",4,1,4,1,1,4,4,1,"Infield shade","Standard",60,"-0.005","-0.167","67.0","8.1",0.037,"0.167","88.0",3,3,"0.946","0.946",27,29,28,30,1,2,,2,17,1,"3.73","-1.76","1.76","27.2"
"FF","2024-08-15","96.3","-1.81","5.87","Shugart, Chase",656775,663767,,"ball",,,,,11,"Cedric Mullins flies out to right fielder Wilyer Abreu.","R","L","R","BAL","BOS","B",,,0,2,2024,"-0.46","1.17","-0.82","3.84",,,,0,7,"Bot",,,,,,,3.686048330438716,-140.28685574064005,-2.488394415099717,-6.94107990525632,30.44327569717688,-16.376534918497864,"3.32","1.5",,,,"96.6",1988,"6.3",747002,643376,657136,663853,646240,678882,608701,680776,677800,"54.22",,,,,,,,52,3,"4-Seam Fastball",4,1,4,1,1,4,4,1,"Infield shade","Standard",209,"0","0.021",,,,"-0.021",,3,3,"0.946","0.946",27,29,28,30,1,2,,2,17,1,"1.28","0.46","-0.46","45.9"
"CH","2024-08-15","89.8","-2.58","5.47","Shugart, Chase",656775,663767,,"called_strike",,,,,6,"Cedric Mullins flies out to right fielder Wilyer Abreu.","R","L","R","BAL","BOS","S",,,0,1,2024,"-1.14","0.3","0.35","2.74",,,,0,7,"Bot",,,,,,,9.602644821760265,-130.48244090249463,-1.4393944888433166,-14.940133144950723,25.907840779666884,-28.629912845970512,"3.41","1.56",,,,"89.5",1669,"6.1",747002,643376,657136,663853,646240,678882,608701,680776,677800,"54.42",,,,,,,,52,2,"Changeup",4,1,4,1,1,4,4,1,"Standard","Standard",237,"0","-0.049",,,,"0.049",,3,3,"0.946","0.946",27,29,28,30,1,2,,2,17,1,"2.52","1.14","-1.14","31.4"
"FC","2024-08-15","93.1","-2.32","5.66","Shugart, Chase",656775,663767,,"foul",,,,,6,"Cedric Mullins flies out to right fielder Wilyer Abreu.","R","L","R","BAL","BOS","S",,,0,0,2024,"-0.03","0.76","0.82","2.46",,,,0,7,"Bot",,,,,,,8.130399176621117,-135.41093962042353,-4.153395664182853,-1.960459030269172,26.563983742709325,-22.090614926075162,"3.39","1.47",1,"33",-64,"93.4",2383,"6.3",747002,643376,657136,663853,646240,678882,608701,680776,677800,"54.21",,,,,,,,52,1,"Cutter",4,1,4,1,1,4,4,1,"Standard","Standard",209,"0","-0.033","65.4","7.4",,"0.033","88.0",3,3,"0.946","0.946",27,29,28,30,1,2,,2,17,1,"1.85","0.03","-0.03","36.9"
"CH","2024-08-15","89.9","-2.52","5.28","Shugart, Chase",702616,663767,"strikeout","swinging_strike",,,,,13,"Jackson Holliday strikes out swinging.","R","L","R","BAL","BOS","S",2,,1,2,2024,"-1.48","-0.08","-0.84","1.46",,,663624,2,6,"Bot",,,,,,,7.280970156291546,-130.57626694089802,-3.19889938254431,-18.470094897482902,31.495255892118553,-32.547269086546464,"3.44","1.59",,,,"89.2",1725,"6.3",747002,657136,642086,666152,646240,678882,608701,680776,677800,"54.23",,0,"0",1,0,0,,47,5,"Changeup",4,1,4,1,1,4,4,1,"Infield shade","Standard",239,"-0.007","-0.165","72.6","7.7",,"0.165",,3,3,"0.909","0.909",27,20,28,21,1,2,,1,17,1,"2.95","1.48","-1.48","31.0"
"FF","2024-08-15","96.1","-1.96","5.86","Shugart, Chase",702616,663767,,"ball",,,,,11,"Jackson Holliday strikes out swinging.","R","L","R","BAL","BOS","B",,,0,2,2024,"-0.6","1.19","-0.1","4.14",,,663624,2,6,"Bot",,,,,,,6.291409383034786,-139.83029161295045,-1.6199952163500413,-9.39943565916679,33.82020442783661,-16.45500033655003,"3.46","1.62",,,,"95.7",2152,"6.2",747002,657136,642086,666152,646240,678882,608701,680776,677800,"54.27",,,,,,,,47,4,"4-Seam Fastball",4,1,4,1,1,4,4,1,"Infield shade","Standard",211,"0","0.023",,,,"-0.023",,3,3,"0.909","0.909",27,20,28,21,1,2,,1,17,1,"1.29","0.6","-0.6","46.6"
"FF","2024-08-15","96.9","-1.94","5.87","Shugart, Chase",702616,663767,,"foul",,,,,5,"Jackson Holliday strikes out swinging.","R","L","R","BAL","BOS","S",,,0,2,2024,"-0.56","1.22","-0.09","2.2",,,663624,2,6,"Bot",,,,,,,6.200143024976481,-140.96545813662294,-7.063129095320835,-8.790606865842323,30.218784788235865,-14.475481461545446,"3.44","1.59",273,"92.1",52,"97",2117,"6.2",747002,657136,642086,666152,646240,678882,608701,680776,677800,"54.25",,,,,,,,47,3,"4-Seam Fastball",4,1,4,1,1,4,4,1,"Infield shade","Standard",211,"0","0","76.2","7.1",,"0","92.1",3,3,"0.909","0.909",27,20,28,21,1,2,,1,17,1,"1.2","0.56","-0.56","46.8"
"FC","2024-08-15","92.8","-2.08","5.72","Shugart, Chase",702616,663767,,"foul",,,,,11,"Jackson Holliday strikes out swinging.","R","L","R","BAL","BOS","S",,,0,1,2024,"0.23","0.93","-0.3","3.86",,,663624,2,6,"Bot",,,,,,,4.075011329896026,-135.29960858929846,-1.0721435495612324,2.042230302594132,26.707345551332253,-20.631569179715818,"3.44","1.59",173,"88.6",69,"93.3",2390,"6.3",747002,657136,642086,666152,646240,678882,608701,680776,677800,"54.22",,,,,,,,47,2,"Cutter",4,1,4,1,1,4,4,1,"Standard","Standard",194,"0","-0.046","65.5","6.4",,"0.046","88.6",3,3,"0.909","0.909",27,20,28,21,1,2,,1,17,1,"1.68","-0.23","0.23","43.0"
"FC","2024-08-15","94.5","-2.04","5.76","Shugart, Chase",702616,663767,,"swinging_strike",,,,,2,"Jackson Holliday strikes out swinging.","R","L","R","BAL","BOS","S",,,0,0,2024,"0.04","1.08","0.25","3.48",,,663624,2,6,"Bot",,,,,,,5.893824576492759,-137.57574814192492,-2.7302071887037394,-0.6447905630628752,27.26829606120828,-17.955496084237712,"3.44","1.59",,,,"95",2385,"6.3",747002,657136,642086,666152,646240,678882,608701,680776,677800,"54.16",,,,,,,,47,1,"Cutter",4,1,4,1,1,4,4,1,"Infield shade","Standard",192,"0","-0.039","34.1","4.9",,"0.039",,3,3,"0.909","0.909",27,20,28,21,1,2,,1,17,1,"1.45","-0.04","0.04","40.1"
"FC","2024-08-15","92.1","-2.38","5.49","Shugart, Chase",668939,663767,"field_out","hit_into_play",,,,,5,"Adley Rutschman flies out to left fielder Rob Refsnyder.","R","L","R","BAL","BOS","X",7,"fly_ball",1,0,2024,"-0.15","0.76","0.21","2.37",,,663624,1,6,"Bot",91.06,110.32,,,,,6.883846890090625,-134.02167761217274,-3.7991586032698246,-3.0969077786834283,25.03863087436715,-22.344692066550262,"3.43","1.65",240,"72.4",37,"92.4",2357,"6.2",747002,657136,642086,666152,646240,678882,608701,680776,677800,"54.33",0.369,0.339,"0",1,0,0,3,46,2,"Cutter",4,1,4,1,1,4,4,1,"Infield shade","Standard",205,"-0.009","-0.343","70.2","6.3",0.399,"0.343","88.0",3,3,"0.918","0.918",27,26,28,26,1,2,,1,17,2,"1.9","0.15","-0.15","35.1"
"FC","2024-08-15","92.8","-2.46","5.62","Shugart, Chase",668939,663767,,"ball",,,,,3,"Adley Rutschman flies out to left fielder Rob Refsnyder.","R","L","R","BAL","BOS","B",,,0,0,2024,"0.1","0.9","0.47","3.49",,,663624,1,6,"Bot",,,,,,,7.256444933614488,-135.12844331603424,-1.7211824259410897,-0.15063578048003232,25.643890957690857,-20.848190258522525,"3.38","1.62",,,,"93.1",2386,"6.1",747002,657136,642086,666152,646240,678882,608701,680776,677800,"54.37",,,,,,,,46,1,"Cutter",4,1,4,1,1,4,4,1,"Infield shade","Standard",198,"0","0.043",,,,"-0.043",,3,3,"0.918","0.918",27,26,28,26,1,2,,1,17,2,"1.71","-0.1","0.1","35.6"