﻿"pitch_type","game_date","release_speed","release_pos_x","release_pos_z","player_name","batter","pitcher","events","description","spin_dir","spin_rate_deprecated","break_angle_deprecated","break_length_deprecated","zone","des","game_type","stand","p_throws","home_team","away_team","type","hit_location","bb_type","balls","strikes","game_year","pfx_x","pfx_z","plate_x","plate_z","on_3b","on_2b","on_1b","outs_when_up","inning","inning_topbot","hc_x","hc_y","tfs_deprecated","tfs_zulu_deprecated","umpire","sv_id","vx0","vy0","vz0","ax","ay","az","sz_top","sz_bot","hit_distance_sc","launch_speed","launch_angle","effective_speed","release_spin_rate","release_extension","game_pk","fielder_2","fielder_3","fielder_4","fielder_5","fielder_6","fielder_7","fielder_8","fielder_9","release_pos_y","estimated_ba_using_speedangle","estimated_woba_using_speedangle","woba_value","woba_denom","babip_value","iso_value","launch_speed_angle","at_bat_number","pitch_number","pitch_name","home_score","away_score","bat_score","fld_score","post_away_score","post_home_score","post_bat_score","post_fld_score","if_fielding_alignment","of_fielding_alignment","spin_axis","delta_home_win_exp","delta_run_exp","bat_speed","swing_length","estimated_slg_using_speedangle","delta_pitcher_run_exp","hyper_speed","home_score_diff","bat_score_diff","home_win_exp","bat_win_exp","age_pit_legacy","age_bat_legacy","age_pit","age_bat","n_thruorder_pitcher","n_priorpa_thisgame_player_at_bat","pitcher_days_since_prev_game","batter_days_since_prev_game","pitcher_days_until_next_game","batter_days_until_next_game","api_break_z_with_gravity","api_break_x_arm","api_break_x_batter_in","arm_angle"
"SI","2024-09-27","88.7","-4.2","3.76","Effross, Scott",694377,664123,"force_out","hit_into_play",,,,,8,"Nick Yorke grounds into a force out, shortstop Anthony Volpe to second baseman Gleyber Torres.   Oneil Cruz out at 2nd.","R","R","R","NYY","PIT","X",6,"ground_ball",2,1,2024,"-1.52","-0.28","-0.11","1.93",,,665833,2,9,"Top",111.67,152.93,,,,,13.059812677866372,-128.4075273031077,2.237637133160583,-19.50604676509779,27.236082821691124,-36.05131549535175,"3.55","1.63",8,"96.2",-13,"87.9",2171,"6.1",745692,624431,665828,650402,665862,683011,691176,663757,657077,"54.37",0.186,0.201,"0",1,0,0,2,69,4,"Sinker",2,4,4,2,4,2,4,2,"Standard","Standard",269,"0.008","-0.258","76.5","7.4",0.193,"0.258","96.2",-2,2,"0.079","0.921",30,22,31,22,1,3,23,2,,1,"3.21","1.52","1.52","-4.1"
"SL","2024-09-27","78.6","-4.2","3.62","Effross, Scott",694377,664123,,"ball",,,,,14,"Nick Yorke grounds into a force out, shortstop Anthony Volpe to second baseman Gleyber Torres.   Oneil Cruz out at 2nd.","R","R","R","NYY","PIT","B",,,1,1,2024,"1.04","0.16","1.63","2.49",,,665833,2,9,"Top",,,,,,,10.53211065334757,-113.79014307012072,4.199698098184427,6.804098737322091,23.37394638240068,-32.00603010430236,"3.48","1.6",,,,"77.2",2559,"5.8",745692,624431,665828,650402,665862,683011,691176,663757,657077,"54.69",,,,,,,,69,3,"Slider",2,4,4,2,4,2,4,2,"Strategic","Standard",59,"0","0.042",,,,"-0.042",,-2,2,"0.079","0.921",30,22,31,22,1,3,23,2,,1,"3.61","-1.04","-1.04","-7.5"
"FF","2024-09-27","90.2","-4.15","3.7","Effross, Scott",694377,664123,,"ball",,,,,11,"Nick Yorke grounds into a force out, shortstop Anthony Volpe to second baseman Gleyber Torres.   Oneil Cruz out at 2nd.","R","R","R","NYY","PIT","B",,,0,1,2024,"-1.43","0.37","-0.49","3.74",,,665833,2,9,"Top",,,,,,,12.016898903634512,-130.6036451061535,5.33776278515809,-18.938650418896586,29.3237393542596,-29.48700312237702,"3.54","1.62",,,,"89.1",2187,"6",745692,624431,665828,650402,665862,683011,691176,663757,657077,"54.46",,,,,,,,69,2,"4-Seam Fastball",2,4,4,2,4,2,4,2,"Strategic","Standard",273,"0","0.027",,,,"-0.027",,-2,2,"0.079","0.921",30,22,31,22,1,3,23,2,,1,"2.47","1.43","1.43","-6.2"
"SL","2024-09-27","79.2","-4.09","3.68","Effross, Scott",694377,664123,,"foul",,,,,5,"Nick Yorke grounds into a force out, shortstop Anthony Volpe to second baseman Gleyber Torres.   Oneil Cruz out at 2nd.","R","R","R","NYY","PIT","S",,,0,0,2024,"0.63","-0.08","0.13","2.24",,,665833,2,9,"Top",,,,,,,7.982655285929404,-115.12852702337686,3.73336754813893,4.1737076252081255,20.428350541629776,-33.764550064321924,"3.55","1.63",,,,"78.6",2618,"5.9",745692,624431,665828,650402,665862,683011,691176,663757,657077,"54.64",,,,,,,,69,1,"Slider",2,4,4,2,4,2,4,2,"Strategic","Standard",72,"0","-0.039",,,,"0.039",,-2,2,"0.079","0.921",30,22,31,22,1,3,23,2,,1,"3.7","-0.63","-0.63","-6.2"
"CH","2024-09-27","82.2","-4.11","3.48","Effross, Scott",665833,664123,"walk","ball",,,,,13,"Oneil Cruz walks.","R","L","R","NYY","PIT","B",,,3,2,2024,"-1.33","-0.65","-1.2","1.24",,,,2,9,"Top",,,,,,,9.116961146328295,-119.27448155896886,2.781289432133903,-14.508316297648989,24.102399909846675,-39.15308558786044,"3.64","1.72",,,,"81.5",1930,"6.1",745692,624431,665828,650402,665862,683011,691176,663757,657077,"54.4",,0.689131,"0.7",1,0,0,,68,7,"Changeup",2,4,4,2,4,2,4,2,"Infield shade","Standard",291,"-0.005","0.103",,,,"-0.103",,-2,2,"0.084","0.916",30,25,31,26,1,1,23,1,,1,"4.05","1.33","-1.33","-9.4"
"CH","2024-09-27","81.4","-4.27","3.49","Effross, Scott",665833,664123,,"foul",,,,,2,"Oneil Cruz walks.","R","L","R","NYY","PIT","S",,,3,2,2024,"-1.24","-0.71","-0.22","3.25",,,,2,9,"Top",,,,,,,11.319790596955686,-117.68961989995144,7.474365877818874,-13.77588244171989,23.773328449182742,-40.616272436026435,"3.82","1.76",182,"72.6",56,"80.2",2042,"5.9",745692,624431,665828,650402,665862,683011,691176,663757,657077,"54.55",,,,,,,,68,6,"Changeup",2,4,4,2,4,2,4,2,"Infield shade","Standard",292,"0","0","73.2","6.4",,"0","88.0",-2,2,"0.084","0.916",30,25,31,26,1,1,23,1,,1,"4.21","1.24","-1.24","-6.6"
"CH","2024-09-27","82.4","-4.23","3.43","Effross, Scott",665833,664123,,"ball",,,,,13,"Oneil Cruz walks.","R","L","R","NYY","PIT","B",,,2,2,2024,"-1.54","-0.51","-0.32","0.74",,,,2,9,"Top",,,,,,,11.71529774969052,-119.29903149253605,1.484434166502215,-16.997047113728836,24.4321470029742,-37.57185403606518,"3.49","1.72",,,,"81.2",2053,"5.9",745692,624431,665828,650402,665862,683011,691176,663757,657077,"54.59",,,,,,,,68,5,"Changeup",2,4,4,2,4,2,4,2,"Infield shade","Standard",289,"0","0.041",,,,"-0.041",,-2,2,"0.084","0.916",30,25,31,26,1,1,23,1,,1,"3.91","1.54","-1.54","-10.7"
"CH","2024-09-27","82.3","-4.32","3.47","Effross, Scott",665833,664123,,"foul",,,,,8,"Oneil Cruz walks.","R","L","R","NYY","PIT","S",,,2,1,2024,"-1.03","-0.88","-0.09","1.93",,,,2,9,"Top",,,,,,,11.407068063566848,-119.09921225333491,4.761501537237523,-11.983337708273,23.370503888681288,-41.77713917211045,"3.82","1.76",3,"73.7",-38,"81.1",1990,"5.8",745692,624431,665828,650402,665862,683011,691176,663757,657077,"54.67",,,,,,,,68,4,"Changeup",2,4,4,2,4,2,4,2,"Infield shade","Standard",289,"0","-0.032","80.5","8.1",,"0.032","88.0",-2,2,"0.084","0.916",30,25,31,26,1,1,23,1,,1,"4.28","1.03","-1.03","-10.1"
"FF","2024-09-27","89.3","-4.25","3.72","Effross, Scott",665833,664123,,"ball",,,,,14,"Oneil Cruz walks.","R","L","R","NYY","PIT","B",,,1,1,2024,"-1.44","0.23","1.05","2.47",,,,2,9,"Top",,,,,,,15.881456867769051,-129.07261293059636,2.5061431108679177,-19.394320006582525,26.179024558493552,-30.460330845647483,"3.75","1.76",,,,"88.4",2206,"6.1",745692,624431,665828,650402,665862,683011,691176,663757,657077,"54.44",,,,,,,,68,3,"4-Seam Fastball",2,4,4,2,4,2,4,2,"Infield shade","Standard",275,"0","0.023",,,,"-0.023",,-2,2,"0.084","0.916",30,25,31,26,1,1,23,1,,1,"2.66","1.44","-1.44","-5.9"
"FF","2024-09-27","90.4","-4.18","3.78","Effross, Scott",665833,664123,,"ball",,,,,2,"Oneil Cruz walks.","R","L","R","NYY","PIT","B",,,0,1,2024,"-1.5","0.45","0.2","3.76",,,,2,9,"Top",,,,,,,13.938001998519214,-130.71890178068955,4.977302769067734,-20.206528313539263,28.26678853976944,-28.45938241198254,"3.65","1.77",,,,"89.3",2216,"6",745692,624431,665828,650402,665862,683011,691176,663757,657077,"54.46",,,,,,,,68,2,"4-Seam Fastball",2,4,4,2,4,2,4,2,"Infield shade","Standard",270,"0","0.011",,,,"-0.011",,-2,2,"0.084","0.916",30,25,31,26,1,1,23,1,,1,"2.38","1.5","-1.5","-1.9"
"CH","2024-09-27","82.5","-4.28","3.66","Effross, Scott",665833,664123,,"foul",,,,,5,"Oneil Cruz walks.","R","L","R","NYY","PIT","S",,,0,0,2024,"-1.17","-0.53","-0.11","2.49",,,,2,9,"Top",,,,,,,11.61551103135107,-119.4132698073295,4.957665450675166,-13.49430454609369,24.308495097496397,-38.62506720390504,"3.82","1.76",163,"63.8",51,"81.4",2005,"5.9",745692,624431,665828,650402,665862,683011,691176,663757,657077,"54.56",,,,,,,,68,1,"Changeup",2,4,4,2,4,2,4,2,"Infield shade","Standard",291,"0","-0.016","83.2","8.3",,"0.016","88.0",-2,2,"0.084","0.916",30,25,31,26,1,1,23,1,,1,"3.93","1.17","-1.17","-7.4"
"SL","2024-09-27","77.8","-4.35","3.75","Effross, Scott",643396,664123,"field_out","hit_into_play",,,,,12,"Isiah Kiner-Falefa lines out to shortstop Anthony Volpe.","R","R","R","NYY","PIT","X",6,"line_drive",1,1,2024,"1.4","0.28","1.18","2.75",,,,1,9,"Top",116.54,137.63,,,,,9.181281015218605,-112.85051432880154,4.322623015807819,10.035389999139529,22.899044368160908,-31.003448109820866,"3.23","1.47",160,"82.6",11,"76.5",2515,"5.8",745692,624431,665828,650402,665862,683011,691176,663757,657077,"54.68",0.537,0.483,"0",1,0,0,4,67,3,"Slider",2,4,4,2,4,2,4,2,"Standard","Standard",64,"0.006","-0.154","64.4","7.4",0.575,"0.154","88.0",-2,2,"0.078","0.922",30,29,31,29,1,3,23,1,,1,"3.55","-1.4","-1.4","-2.4"
"SI","2024-09-27","89.4","-4.4","3.85","Effross, Scott",643396,664123,,"ball",,,,,11,"Isiah Kiner-Falefa lines out to shortstop Anthony Volpe.","R","R","R","NYY","PIT","B",,,0,1,2024,"-1.58","-0.49","-1.1","2.43",,,,1,9,"Top",,,,,,,11.35129934494543,-129.5391377961205,3.5890309610439237,-20.219618116051493,28.740745685426614,-38.739875416484686,"3.12","1.47",,,,"88.3",2218,"6",745692,624431,665828,650402,665862,683011,691176,663757,657077,"54.51",,,,,,,,67,2,"Sinker",2,4,4,2,4,2,4,2,"Standard","Standard",274,"0","0.015",,,,"-0.015",,-2,2,"0.078","0.922",30,29,31,29,1,3,23,1,,1,"3.38","1.58","1.58","-3.9"
"SI","2024-09-27","89.9","-4.33","3.95","Effross, Scott",643396,664123,,"called_strike",,,,,4,"Isiah Kiner-Falefa lines out to shortstop Anthony Volpe.","R","R","R","NYY","PIT","S",,,0,0,2024,"-1.45","-0.44","-0.53","2.53",,,,1,9,"Top",,,,,,,12.333265037261055,-130.2281886932552,3.434096604358947,-19.112966805099855,28.540227994522613,-38.20151785157377,"3.16","1.47",,,,"88.7",2162,"5.9",745692,624431,665828,650402,665862,683011,691176,663757,657077,"54.59",,,,,,,,67,1,"Sinker",2,4,4,2,4,2,4,2,"Standard","Standard",269,"0","-0.023",,,,"0.023",,-2,2,"0.078","0.922",30,29,31,29,1,3,23,1,,1,"3.29","1.45","1.45","-1.6"
"SI","2024-09-27","89.4","-4.29","3.8","Effross, Scott",650559,664123,"field_out","hit_into_play",,,,,8,"Bryan De La Cruz lines out to right fielder Alex Verdugo.","R","R","R","NYY","PIT","X",9,"line_drive",0,1,2024,"-1.51","-0.6","-0.12","1.7",,,,0,9,"Top",168.96,74.87,,,,,13.310719911983352,-129.537124004396,2.1306116428199333,-19.78993199294777,27.17955359788975,-39.64262400526041,"3.6","1.73",326,"94.7",21,"88.4",2287,"5.9",745692,624431,665828,650402,665862,683011,691176,663757,657077,"54.56",0.197,0.209,"0",1,0,0,3,66,2,"Sinker",2,4,4,2,4,2,4,2,"Standard","Standard",275,"0.007","-0.195","71.1","7.9",0.337,"0.195","94.7",-2,2,"0.071","0.929",30,27,31,28,1,3,23,1,,,"3.47","1.51","1.51","-4.0"
"SL","2024-09-27","77.7","-4.37","3.76","Effross, Scott",650559,664123,,"called_strike",,,,,8,"Bryan De La Cruz lines out to right fielder Alex Verdugo.","R","R","R","NYY","PIT","S",,,0,0,2024,"1.14","0.4","-0.23","2.24",,,,0,9,"Top",,,,,,,6.710535751500798,-112.98493918296352,2.8927798917705316,8.522393550267683,20.5550199319602,-29.53382763577083,"3.6","1.73",,,,"76.8",2547,"5.7",745692,624431,665828,650402,665862,683011,691176,663757,657077,"54.79",,,,,,,,66,1,"Slider",2,4,4,2,4,2,4,2,"Standard","Standard",67,"0","-0.033",,,,"0.033",,-2,2,"0.071","0.929",30,27,31,28,1,3,23,1,,,"3.38","-1.14","-1.14","-4.3"
"SI","2024-09-27","89.4","-4.14","3.74","Effross, Scott",457705,664123,"field_out","hit_into_play",,,,,5,"Andrew McCutchen grounds out, shortstop Anthony Volpe to first baseman Oswaldo Cabrera.","R","R","R","NYY","PIT","X",6,"ground_ball",2,2,2024,"-1.53","0.04","0.06","2.83",,,,2,8,"Top",107.61,152.93,,,,,13.396952432851824,-129.3439179553512,3.7455296604236032,-20.08398525368487,28.494911147069487,-32.885616650462545,"3.4","1.62",2,"73.7",-50,"88.1",2314,"5.9",745692,624431,665828,650402,665862,683011,691176,663757,657077,"54.58",0.223,0.246,"0",1,0,0,2,62,5,"Sinker",2,4,4,2,4,2,4,2,"Standard","Standard",271,"0.006","-0.084","69.2","6.6",0.225,"0.084","88.0",-2,2,"0.15","0.85",30,37,31,38,1,3,23,1,,,"2.86","1.53","1.53","-3.0"
"SL","2024-09-27","78.2","-4.23","3.76","Effross, Scott",457705,664123,,"ball",,,,,14,"Andrew McCutchen grounds out, shortstop Anthony Volpe to first baseman Oswaldo Cabrera.","R","R","R","NYY","PIT","B",,,1,2,2024,"0.99","0.41","3.13","1.67",,,,2,8,"Top",,,,,,,13.817291331134243,-113.0324781530917,1.7099553540105732,5.818077960684075,21.74591106501973,-29.310695954557197,"3.39","1.61",,,,"76.8",2668,"5.8",745692,624431,665828,650402,665862,683011,691176,663757,657077,"54.72",,,,,,,,62,4,"Slider",2,4,4,2,4,2,4,2,"Standard","Standard",55,"0","0.015",,,,"-0.015",,-2,2,"0.15","0.85",30,37,31,38,1,3,23,1,,,"3.39","-0.99","-0.99","-5.5"
"SL","2024-09-27","78.2","-4.23","3.74","Effross, Scott",457705,664123,,"swinging_strike",,,,,14,"Andrew McCutchen grounds out, shortstop Anthony Volpe to first baseman Oswaldo Cabrera.","R","R","R","NYY","PIT","S",,,1,1,2024,"1.39","0.19","1.48","1.93",,,,2,8,"Top",,,,,,,9.59782051963445,-113.35423642929753,2.7012134877292526,9.952867598627504,23.03048181242174,-31.39407193952034,"3.4","1.62",,,,"76.7",2545,"5.7",745692,624431,665828,650402,665862,683011,691176,663757,657077,"54.8",,,,,,,,62,3,"Slider",2,4,4,2,4,2,4,2,"Standard","Standard",66,"0","-0.025","60.9","8.7",,"0.025",,-2,2,"0.15","0.85",30,37,31,38,1,3,23,1,,,"3.6","-1.39","-1.39","-5.6"
"SL","2024-09-27","77.9","-4.15","3.73","Effross, Scott",457705,664123,,"ball",,,,,14,"Andrew McCutchen grounds out, shortstop Anthony Volpe to first baseman Oswaldo Cabrera.","R","R","R","NYY","PIT","B",,,0,1,2024,"1.02","0.38","1.29","1.92",,,,2,8,"Top",,,,,,,9.674739496065476,-113.02401499277678,2.324687775850938,6.821211137407865,21.655667936413874,-29.60516854319566,"3.4","1.66",,,,"76.7",2645,"5.7",745692,624431,665828,650402,665862,683011,691176,663757,657077,"54.8",,,,,,,,62,2,"Slider",2,4,4,2,4,2,4,2,"Standard","Standard",57,"0","0.011",,,,"-0.011",,-2,2,"0.15","0.85",30,37,31,38,1,3,23,1,,,"3.41","-1.02","-1.02","-5.8"
"SI","2024-09-27","88.9","-4.09","3.89","Effross, Scott",457705,664123,,"called_strike",,,,,12,"Andrew McCutchen grounds out, shortstop Anthony Volpe to first baseman Oswaldo Cabrera.","R","R","R","NYY","PIT","S",,,0,0,2024,"-1.45","-0.48","0.95","2.59",,,,2,8,"Top",,,,,,,15.20539910561261,-128.53295838357954,3.892326604870503,-19.200406498135862,26.462121505490718,-38.65960528315613,"3.41","1.68",,,,"87.8",2136,"6",745692,624431,665828,650402,665862,683011,691176,663757,657077,"54.53",,,,,,,,62,1,"Sinker",2,4,4,2,4,2,4,2,"Standard","Standard",278,"0","-0.016",,,,"0.016",,-2,2,"0.15","0.85",30,37,31,38,1,3,23,1,,,"3.4","1.45","1.45","-3.8"
"SI","2024-09-04","89.7","-4.16","3.96","Effross, Scott",677649,664123,"strikeout","called_strike",,,,,6,"Ezequiel Duran called out on strikes.","R","R","R","TEX","NYY","S",2,,1,2,2024,"-1.61","-0.09","0.4","2.28",,,,2,5,"Bot",,,,,,,14.505494061576258,-129.70856662368072,2.126198950669737,-21.226965270773587,27.454448643991515,-33.99946213318824,"3.41","1.61",,,,"88.7",2231,"6.1",744964,624431,519203,650402,665862,683011,657077,592450,665742,"54.43",,0,"0",1,0,0,,47,4,"Sinker",5,2,5,2,2,5,5,2,"Standard","Standard",269,"-0.004","-0.069",,,,"0.069",,3,3,"0.876","0.876",30,25,31,25,1,2,3,1,23,2,"2.97","1.61","1.61","0.8"
"FF","2024-09-04","89.8","-4.14","3.91","Effross, Scott",677649,664123,,"called_strike",,,,,3,"Ezequiel Duran called out on strikes.","R","R","R","TEX","NYY","S",,,1,1,2024,"-1.62","0.22","0.44","3.29",,,,2,5,"Bot",,,,,,,14.585510110312958,-129.83821696166135,4.065812274314346,-21.457975628237097,28.773460902676526,-31.015349705034012,"3.41","1.61",,,,"88.5",2177,"6",744964,624431,519203,650402,665862,683011,657077,592450,665742,"54.5",,,,,,,,47,3,"4-Seam Fastball",5,2,5,2,2,5,5,2,"Standard","Standard",270,"0","-0.025",,,,"0.025",,3,3,"0.876","0.876",30,25,31,25,1,2,3,1,23,2,"2.66","1.62","1.62","-4.8"
"SL","2024-09-04","78.9","-4.17","3.81","Effross, Scott",677649,664123,,"foul",,,,,5,"Ezequiel Duran called out on strikes.","R","R","R","TEX","NYY","S",,,1,0,2024,"0.44","0.18","-0.23","2.8",,,,2,5,"Bot",,,,,,,7.670163052111154,-114.54773882767111,4.266247413247543,2.45477508228159,21.64792109258293,-31.629054891749515,"3.41","1.61",2,"72.7",-48,"78",2464,"5.8",744964,624431,519203,650402,665862,683011,657077,592450,665742,"54.68",,,,,,,,47,2,"Slider",5,2,5,2,2,5,5,2,"Standard","Standard",65,"0","-0.02","74.1","7.0",,"0.02","88.0",3,3,"0.876","0.876",30,25,31,25,1,2,3,1,23,2,"3.5","-0.44","-0.44","-4.7"
"SL","2024-09-04","79.4","-4.16","3.81","Effross, Scott",677649,664123,,"ball",,,,,14,"Ezequiel Duran called out on strikes.","R","R","R","TEX","NYY","B",,,0,0,2024,"0.58","0.2","1.13","2.05",,,,2,5,"Bot",,,,,,,10.35042123362122,-115.14830952813365,2.6296718672596735,3.020057952472837,23.556920942712654,-31.234535717028145,"3.41","1.61",,,,"78.2",2541,"5.9",744964,624431,519203,650402,665862,683011,657077,592450,665742,"54.64",,,,,,,,47,1,"Slider",5,2,5,2,2,5,5,2,"Standard","Standard",68,"0","0.015",,,,"-0.015",,3,3,"0.876","0.876",30,25,31,25,1,2,3,1,23,2,"3.47","-0.58","-0.58","-2.6"
"CH","2024-09-04","82.1","-4.1","3.7","Effross, Scott",665750,664123,"field_out","hit_into_play",,,,,5,"Leody Taveras grounds out, second baseman Gleyber Torres to first baseman Anthony Rizzo.","R","L","R","TEX","NYY","X",4,"ground_ball",1,0,2024,"-1.21","-0.68","-0.09","2.53",,,,1,5,"Bot",148.86,151.21,,,,,11.278581184295646,-118.82523905542745,5.2599648048542615,-13.660257423409998,23.473955542714616,-39.97745412156236,"3.7","1.75",63,"78.7",4,"81.1",1946,"6",744964,624431,519203,650402,665862,683011,657077,592450,665742,"54.49",0.226,0.238,"0",1,0,0,2,46,2,"Changeup",5,2,5,2,2,5,5,2,"Infield shade","Standard",290,"-0.007","-0.186","75.7","7.8",0.258,"0.186","88.0",3,3,"0.883","0.883",30,25,31,26,1,2,3,2,23,1,"4.1","1.21","-1.21","-7.2"
"SI","2024-09-04","89.5","-4.21","3.86","Effross, Scott",665750,664123,,"ball",,,,,11,"Leody Taveras grounds out, second baseman Gleyber Torres to first baseman Anthony Rizzo.","R","L","R","TEX","NYY","B",,,0,0,2024,"-1.45","-0.52","-1.96","2.76",,,,1,5,"Bot",,,,,,,8.54591923874351,-129.85639347190454,4.445133855357816,-18.266503307323728,29.048316689766704,-39.3197650565978,"3.53","1.69",,,,"88.6",2190,"6",744964,624431,519203,650402,665862,683011,657077,592450,665742,"54.47",,,,,,,,46,1,"Sinker",5,2,5,2,2,5,5,2,"Standard","Standard",267,"0","0.025",,,,"-0.025",,3,3,"0.883","0.883",30,25,31,26,1,2,3,2,23,1,"3.4","1.45","-1.45","2.0"
"CH","2024-09-04","82.1","-4.22","3.55","Effross, Scott",641680,664123,"field_out","hit_into_play",,,,,13,"Jonah Heim grounds out softly, pitcher Scott Effross to first baseman Anthony Rizzo.","R","L","R","TEX","NYY","X",1,"ground_ball",2,2,2024,"-1.2","-0.64","-1.38","1.99",,,,0,5,"Bot",125.88,187.45,,,,,8.682883457855638,-119.0849892793023,4.287247799292013,-13.13869279744454,23.607846693101887,-39.379707049880466,"3.42","1.62",1,"55",-64,"81.4",1977,"6.1",744964,624431,519203,650402,665862,683011,657077,592450,665742,"54.42",0.22,0.185,"0",1,0,0,1,45,6,"Changeup",5,2,5,2,2,5,5,2,"Infield shade","Standard",291,"-0.009","-0.203","66.0","7.3",0.232,"0.203","88.0",3,3,"0.892","0.892",30,29,31,29,1,2,3,1,23,1,"4.05","1.2","-1.2","-6.0"
"FF","2024-09-04","90","-4.06","3.94","Effross, Scott",641680,664123,,"foul",,,,,2,"Jonah Heim grounds out softly, pitcher Scott Effross to first baseman Anthony Rizzo.","R","L","R","TEX","NYY","S",,,2,2,2024,"-1.53","0.31","-0.14","3.02",,,,0,5,"Bot",,,,,,,12.850554445395371,-130.3209450801907,3.102647717624509,-20.179688135165293,28.802431587760942,-29.620224040463984,"3.42","1.62",233,"71.2",39,"89",2253,"6",744964,624431,519203,650402,665862,683011,657077,592450,665742,"54.47",,,,,,,,45,5,"4-Seam Fastball",5,2,5,2,2,5,5,2,"Infield shade","Standard",261,"0","0","66.2","6.6",,"0","88.0",3,3,"0.892","0.892",30,29,31,29,1,2,3,1,23,1,"2.54","1.53","-1.53","-4.7"
"FF","2024-09-04","89.6","-4.19","3.82","Effross, Scott",641680,664123,,"swinging_strike",,,,,1,"Jonah Heim grounds out softly, pitcher Scott Effross to first baseman Anthony Rizzo.","R","L","R","TEX","NYY","S",,,2,1,2024,"-1.49","0.25","-0.47","3.24",,,,0,5,"Bot",,,,,,,12.181870747554566,-129.84294064603705,4.082523146685373,-19.449732502642142,28.064842609887418,-30.57548659754965,"3.42","1.62",10,,,"88.6",2248,"5.9",744964,624431,519203,650402,665862,683011,657077,592450,665742,"54.55",,,,,,,,45,4,"4-Seam Fastball",5,2,5,2,2,5,5,2,"Infield shade","Standard",266,"0","-0.062","66.4","6.7",,"0.062","88.0",3,3,"0.892","0.892",30,29,31,29,1,2,3,1,23,1,"2.62","1.49","-1.49","-4.3"
"SI","2024-09-04","88.4","-4.27","3.87","Effross, Scott",641680,664123,,"called_strike",,,,,4,"Jonah Heim grounds out softly, pitcher Scott Effross to first baseman Anthony Rizzo.","R","L","R","TEX","NYY","S",,,2,0,2024,"-1.41","-0.44","-0.7","2.76",,,,0,5,"Bot",,,,,,,11.515850767781506,-128.14154549177817,4.287390479167305,-17.930215802750517,25.999490017197182,-38.16553310601763,"3.64","1.69",,,,"87.7",2249,"6",744964,624431,519203,650402,665862,683011,657077,592450,665742,"54.48",,,,,,,,45,3,"Sinker",5,2,5,2,2,5,5,2,"Infield shade","Standard",271,"0","-0.058",,,,"0.058",,3,3,"0.892","0.892",30,29,31,29,1,2,3,1,23,1,"3.37","1.41","-1.41","-3.9"
"SL","2024-09-04","78.5","-4.23","3.78","Effross, Scott",641680,664123,,"ball",,,,,12,"Jonah Heim grounds out softly, pitcher Scott Effross to first baseman Anthony Rizzo.","R","L","R","TEX","NYY","B",,,1,0,2024,"1.09","0.06","1.11","2.78",,,,0,5,"Bot",,,,,,,9.426899978361115,-113.78068610805627,4.625520288614744,7.501128620030502,22.606369529795387,-32.87685071146296,"3.47","1.56",,,,"77.3",2501,"5.8",744964,624431,519203,650402,665862,683011,657077,592450,665742,"54.66",,,,,,,,45,2,"Slider",5,2,5,2,2,5,5,2,"Infield shade","Standard",67,"0","0.062",,,,"-0.062",,3,3,"0.892","0.892",30,29,31,29,1,2,3,1,23,1,"3.69","-1.09","1.09","-3.8"
"SL","2024-09-04","77.4","-4.31","3.79","Effross, Scott",641680,664123,,"ball",,,,,11,"Jonah Heim grounds out softly, pitcher Scott Effross to first baseman Anthony Rizzo.","R","L","R","TEX","NYY","B",,,0,0,2024,"0.85","0.24","-1.14","3.03",,,,0,5,"Bot",,,,,,,5.146980403435245,-112.5072998693748,4.863275020499283,6.260520147705631,20.940633274374466,-31.297999184588974,"3.17","1.35",,,,"76.5",2578,"5.8",744964,624431,519203,650402,665862,683011,657077,592450,665742,"54.71",,,,,,,,45,1,"Slider",5,2,5,2,2,5,5,2,"Infield shade","Standard",69,"0","0.034",,,,"-0.034",,3,3,"0.892","0.892",30,29,31,29,1,2,3,1,23,1,"3.58","-0.85","0.85","-2.8"
"SL","2024-09-04","80.1","-4.14","3.77","Effross, Scott",673962,664123,"strikeout","swinging_strike",,,,,14,"Josh Jung strikes out swinging.","R","R","R","TEX","NYY","S",2,,0,2,2024,"0.75","0.5","2.12","2.04",,663993,666969,2,4,"Bot",,,,,,,12.307382522585357,-116.01107667488633,2.052051695158246,4.263055566592344,23.054866746008518,-28.40190550466021,"3.68","1.73",,,,"79.2",2576,"6.1",744964,624431,519203,650402,665862,683011,657077,592450,665742,"54.41",,0,"0",1,0,0,,39,3,"Slider",5,0,5,0,0,5,5,0,"Standard","Standard",48,"-0.008","-0.296","61.8","8.4",,"0.296",,5,5,"0.951","0.951",30,26,31,26,1,2,3,1,23,1,"3.11","-0.75","-0.75","-1.1"
"SL","2024-09-04","79.5","-4.26","3.89","Effross, Scott",673962,664123,,"foul",,,,,6,"Josh Jung strikes out swinging.","R","R","R","TEX","NYY","S",,,0,1,2024,"1.41","-0.01","0.74","2.84",,663993,666969,2,4,"Bot",,,,,,,8.218333803563878,-115.36738504306379,4.542855850310104,10.683625648120472,24.566146787937427,-33.519867009600944,"3.68","1.73",11,"52.8",-14,"78.1",2442,"5.8",744964,624431,519203,650402,665862,683011,657077,592450,665742,"54.71",,,,,,,,39,2,"Slider",5,0,5,0,0,5,5,0,"Standard","Standard",65,"0","-0.073","70.4","7.5",,"0.073","88.0",5,5,"0.951","0.951",30,26,31,26,1,2,3,1,23,1,"3.68","-1.41","-1.41","0.5"
"SI","2024-09-04","89.6","-4.19","3.94","Effross, Scott",673962,664123,,"foul",,,,,11,"Josh Jung strikes out swinging.","R","R","R","TEX","NYY","S",,,0,0,2024,"-1.5","-0.23","-0.84","3.28",,663993,666969,2,4,"Bot",,,,,,,11.356001478061772,-129.83270259816499,4.856399954313962,-19.284078933036476,26.30793890739779,-36.0337698461592,"3.68","1.73",212,"81.7",19,"89",2214,"6.1",744964,624431,519203,650402,665862,683011,657077,592450,665742,"54.45",,,,,,,,39,1,"Sinker",5,0,5,0,0,5,5,0,"Standard","Standard",267,"0","-0.077","51.8","5.0",,"0.077","88.0",5,5,"0.951","0.951",30,26,31,26,1,2,3,1,23,1,"3.08","1.5","1.5","-0.9"
"SI","2024-09-04","89.8","-4.18","3.95","Effross, Scott",666969,664123,"walk","ball",,,,,13,"Adolis García walks.","R","R","R","TEX","NYY","B",,,3,2,2024,"-1.4","-0.42","-2.3","1.83",,663993,,2,4,"Bot",,,,,,,7.555600154134997,-130.55600097799905,1.6312763768170018,-17.63066041121069,27.22821973659008,-37.537575910292674,"3.41","1.61",,,,"89.2",2258,"6",744964,624431,519203,650402,665862,683011,657077,592450,665742,"54.55",,0.689131,"0.7",1,0,0,,38,8,"Sinker",5,0,5,0,0,5,5,0,"Standard","Standard",268,"0.001","0.127",,,,"-0.127",,5,5,"0.95","0.95",30,31,31,31,1,2,3,1,23,1,"3.25","1.4","1.4","0.6"
"SI","2024-09-04","89.6","-4.21","3.89","Effross, Scott",666969,664123,,"foul",,,,,4,"Adolis García walks.","R","R","R","TEX","NYY","S",,,3,2,2024,"-1.47","-0.51","-0.56","2.73",,663993,,2,4,"Bot",,,,,,,12.010198288091814,-129.81982402874098,4.286363824427691,-19.229824705873597,28.915767528382947,-39.205800354457814,"3.32","1.6",212,"73.7",44,"88.6",2133,"6",744964,624431,519203,650402,665862,683011,657077,592450,665742,"54.47",,,,,,,,38,7,"Sinker",5,0,5,0,0,5,5,0,"Standard","Standard",271,"0","0","58.7","6.2",,"0","88.0",5,5,"0.95","0.95",30,31,31,31,1,2,3,1,23,1,"3.39","1.47","1.47","0.0"
"SL","2024-09-04","79.2","-4.33","3.8","Effross, Scott",666969,664123,,"ball",,,,,14,"Adolis García walks.","R","R","R","TEX","NYY","B",,,2,2,2024,"0.95","-0.27","2","1.25",,663993,,2,4,"Bot",,,,,,,11.922170095317783,-114.69240612939996,1.8622702956810728,5.746900333863486,24.15230942371885,-35.24743191539629,"3.32","1.66",,,,"77.9",2420,"6",744964,624431,519203,650402,665862,683011,657077,592450,665742,"54.55",,,,,,,,38,6,"Slider",5,0,5,0,0,5,5,0,"Standard","Standard",51,"0","0.054",,,,"-0.054",,5,5,"0.95","0.95",30,31,31,31,1,2,3,1,23,1,"3.98","-0.95","-0.95","-2.5"
"FF","2024-09-04","90.1","-4.11","3.97","Effross, Scott",666969,664123,,"ball",,,,,12,"Adolis García walks.","R","R","R","TEX","NYY","B",,,1,2,2024,"-1.38","0.77","0.68","4.16",,663993,,2,4,"Bot",,,,,,,14.670317518050524,-130.2074767648872,4.9432468826433835,-19.11288623291425,31.314997639187247,-25.134848141790606,"3.38","1.65",,,,"88.6",2259,"6",744964,624431,519203,650402,665862,683011,657077,592450,665742,"54.45",,,,,,,,38,5,"4-Seam Fastball",5,0,5,0,0,5,5,0,"Standard","Standard",271,"0","0.041",,,,"-0.041",,5,5,"0.95","0.95",30,31,31,31,1,2,3,1,23,1,"2.11","1.38","1.38","3.9"
"FF","2024-09-04","89.4","-4.24","3.94","Effross, Scott",666969,664123,,"ball",,,,,11,"Adolis García walks.","R","R","R","TEX","NYY","B",,,0,2,2024,"-1.37","0.75","-0.31","5.44",,663993,,2,4,"Bot",,,,,,,12.41631618939503,-129.121041000116,8.234176360278042,-18.11055154387248,30.76656942782929,-26.320900099299443,"3.32","1.61",,,,"87.7",2229,"6",744964,624431,519203,650402,665862,683011,657077,592450,665742,"54.55",,,,,,,,38,4,"4-Seam Fastball",5,0,5,0,0,5,5,0,"Standard","Standard",268,"0","0.02",,,,"-0.02",,5,5,"0.95","0.95",30,31,31,31,1,2,3,1,23,1,"2.18","1.37","1.37","-2.4"
"SL","2024-09-04","79.5","-4.18","3.86","Effross, Scott",666969,664123,,"foul",,,,,9,"Adolis García walks.","R","R","R","TEX","NYY","S",,,0,2,2024,"1.15","-0.4","0.55","1.74",,663993,,2,4,"Bot",,,,,,,8.097039248859124,-115.44663133554873,2.9053575621595362,8.483143539174996,24.195797248805718,-36.57074721590838,"3.32","1.6",173,"68",25,"78.2",2344,"5.7",744964,624431,519203,650402,665862,683011,657077,592450,665742,"54.75",,,,,,,,38,3,"Slider",5,0,5,0,0,5,5,0,"Standard","Standard",54,"0","0","75.4","8.0",,"0","88.0",5,5,"0.95","0.95",30,31,31,31,1,2,3,1,23,1,"4.06","-1.15","-1.15","-3.6"
"FF","2024-09-04","89.5","-4.29","3.83","Effross, Scott",666969,664123,,"swinging_strike",,,,,2,"Adolis García walks.","R","R","R","TEX","NYY","S",,,0,1,2024,"-1.63","0.23","0.18","3.34",,663993,,2,4,"Bot",,,,,,,14.273057028794796,-129.3722491049509,4.3868205295217155,-21.41239808394151,28.57745226400451,-30.904065994968537,"3.32","1.6",,,,"88.2",2204,"6",744964,624431,519203,650402,665862,683011,657077,592450,665742,"54.51",,,,,,,,38,2,"4-Seam Fastball",5,0,5,0,0,5,5,0,"Standard","Standard",269,"0","-0.074","66.9","6.8",,"0.074",,5,5,"0.95","0.95",30,31,31,31,1,2,3,1,23,1,"2.66","1.63","1.63","-2.8"
"SI","2024-09-04","88.6","-4.35","3.95","Effross, Scott",666969,664123,,"foul",,,,,11,"Adolis García walks.","R","R","R","TEX","NYY","S",,,0,0,2024,"-1.48","-0.36","-0.98","2.82",,663993,,2,4,"Bot",,,,,,,11.198567403863692,-128.47035765062842,4.047671492644718,-18.731345976310287,26.572799034297343,-37.26509055049371,"3.32","1.6",101,"70.3",20,"87.7",2243,"5.9",744964,624431,519203,650402,665862,683011,657077,592450,665742,"54.57",,,,,,,,38,1,"Sinker",5,0,5,0,0,5,5,0,"Standard","Standard",269,"0","-0.045","67.5","6.9",,"0.045","88.0",5,5,"0.95","0.95",30,31,31,31,1,2,3,1,23,1,"3.28","1.48","1.48","1.3"
"SL","2024-09-01","78.7","-4.14","3.83","Effross, Scott",691023,664123,"home_run","hit_into_play",,,,,7,"Jordan Walker homers (1) on a fly ball to center field.   Brendan Donovan scores.","R","R","R","NYY","STL","X",,"fly_ball",0,1,2024,"0.87","0.46","-0.44","2.35",,,680977,2,5,"Top",100.42,30.27,,,,,6.385373836983769,-114.44246250991313,2.7782044003922772,6.428537865723754,21.86228359800906,-28.89098533772219,"3.73","1.79",422,"103.9",28,"78.1",2428,"6",745701,669224,519203,650402,665862,683011,657077,592450,665742,"54.53",0.837,1.67,"2",1,0,3,6,39,2,"Slider",2,5,5,2,7,2,7,2,"Standard","Standard",80,"-0.102","1.909","81.5","8.1",3.209,"-1.909","103.9",-3,3,"0.167","0.833",30,22,31,22,1,2,,1,3,1,"3.23","-0.87","-0.87","-0.7"
"SL","2024-09-01","79.6","-4.15","3.94","Effross, Scott",691023,664123,,"called_strike",,,,,6,"Jordan Walker homers (1) on a fly ball to center field.   Brendan Donovan scores.","R","R","R","NYY","STL","S",,,0,0,2024,"0.73","0.29","0.78","2.95",,,680977,2,5,"Top",,,,,,,9.35845175585483,-115.41538201645575,4.052141484071605,4.737720740509013,22.032807945522894,-30.62066501839929,"3.77","1.78",,,,"78.6",2423,"5.9",745701,669224,519203,650402,665862,683011,657077,592450,665742,"54.64",,,,,,,,39,1,"Slider",2,5,5,2,5,2,5,2,"Standard","Standard",66,"0","-0.039",,,,"0.039",,-3,3,"0.167","0.833",30,22,31,22,1,2,,1,3,1,"3.34","-0.73","-0.73","-2.1"
"FF","2024-09-01","90.1","-4.17","3.99","Effross, Scott",680977,664123,"single","hit_into_play",,,,,5,"Brendan Donovan singles on a sharp line drive to right fielder Juan Soto.","R","L","R","NYY","STL","X",9,"line_drive",1,0,2024,"-1.52","0.38","0.05","2.56",,,,2,5,"Top",176.81,86.11,,,,,13.572882701299344,-130.45487092571722,1.6547518941240544,-20.245426860070985,28.136656525681243,-28.46385765019672,"3.26","1.57",249,"105.2",12,"89.1",2273,"6",745701,669224,519203,650402,665862,683011,657077,592450,665742,"54.47",0.937,0.948,"0.9",1,1,0,4,38,2,"4-Seam Fastball",2,5,5,2,5,2,5,2,"Standard","Standard",271,"-0.007","0.113","72.6","6.9",1.238,"-0.113","105.2",-3,3,"0.174","0.826",30,27,31,27,1,2,,1,3,1,"2.46","1.52","-1.52","0.0"
"SL","2024-09-01","79.6","-4.35","4.02","Effross, Scott",680977,664123,,"ball",,,,,11,"Brendan Donovan singles on a sharp line drive to right fielder Juan Soto.","R","L","R","NYY","STL","B",,,0,0,2024,"0.67","0.27","-1.65","2.72",,,,2,5,"Top",,,,,,,4.611949153910729,-115.7923155252987,3.32867557858195,5.187301405389989,21.25052161887988,-30.591660094071937,"3.25","1.39",,,,"78.8",2332,"5.7",745701,669224,519203,650402,665862,683011,657077,592450,665742,"54.82",,,,,,,,38,1,"Slider",2,5,5,2,5,2,5,2,"Standard","Standard",64,"0","0.015",,,,"-0.015",,-3,3,"0.174","0.826",30,27,31,27,1,2,,1,3,1,"3.33","-0.67","0.67","1.4"
"SI","2024-09-01","91.5","-4.2","4.03","Effross, Scott",671056,664123,"grounded_into_double_play","hit_into_play",,,,,4,"Iván Herrera grounds into a double play, shortstop Anthony Volpe to second baseman Gleyber Torres to first baseman Anthony Rizzo.   Paul Goldschmidt out at 2nd.    Iván Herrera out at 1st.","R","R","R","NYY","STL","X",6,"ground_ball",1,1,2024,"-1.51","-0.38","-0.62","2.32",,,502671,0,5,"Top",105.39,149.05,,,,,12.187025925149156,-132.6097395584626,2.4060601328236864,-20.49513570061751,28.72712010241469,-37.49870629090975,"3.26","1.46",10,"100.7",-13,"90.7",2197,"6",745701,669224,519203,650402,665862,683011,657077,592450,665742,"54.47",0.22,0.203,"0",1,0,0,2,37,3,"Sinker",2,5,5,2,5,2,5,2,"Standard","Standard",270,"0.038","-0.517","71.9","7.0",0.228,"0.517","100.7",-3,3,"0.136","0.864",30,24,31,24,1,2,,1,3,2,"3.13","1.51","1.51","2.4"
"SI","2024-09-01","90.4","-4.16","4.04","Effross, Scott",671056,664123,,"ball",,,,,11,"Iván Herrera grounds into a double play, shortstop Anthony Volpe to second baseman Gleyber Torres to first baseman Anthony Rizzo.   Paul Goldschmidt out at 2nd.    Iván Herrera out at 1st.","R","R","R","NYY","STL","B",,,0,1,2024,"-1.41","-0.38","-1.65","2.81",,,502671,0,5,"Top",,,,,,,9.188019814135776,-131.31965447231488,3.7047760679360233,-18.267161682604737,28.042041457295568,-37.60983437411043,"3.15","1.46",,,,"89.7",2178,"6",745701,669224,519203,650402,665862,683011,657077,592450,665742,"54.5",,,,,,,,37,2,"Sinker",2,5,5,2,5,2,5,2,"Standard","Standard",268,"0","0.052",,,,"-0.052",,-3,3,"0.136","0.864",30,24,31,24,1,2,,1,3,2,"3.18","1.41","1.41","2.7"
"SI","2024-09-01","91","-4.2","4.06","Effross, Scott",671056,664123,,"foul",,,,,1,"Iván Herrera grounds into a double play, shortstop Anthony Volpe to second baseman Gleyber Torres to first baseman Anthony Rizzo.   Paul Goldschmidt out at 2nd.    Iván Herrera out at 1st.","R","R","R","NYY","STL","S",,,0,0,2024,"-1.46","-0.41","-0.43","2.99",,,502671,0,5,"Top",,,,,,,12.448678605246553,-131.77196302525218,4.154772948042416,-19.676558374014128,28.1501842286875,-38.18173187246665,"3.26","1.46",41,"100.4",-2,"90",2306,"6",745701,669224,519203,650402,665862,683011,657077,592450,665742,"54.53",,,,,,,,37,1,"Sinker",2,5,5,2,5,2,5,2,"Standard","Standard",265,"0","-0.063","63.8","5.6",,"0.063","100.4",-3,3,"0.136","0.864",30,24,31,24,1,2,,1,3,2,"3.19","1.46","1.46","-0.9"
"SI","2024-09-01","90.4","-4.31","4.14","Effross, Scott",502671,664123,"single","hit_into_play",,,,,2,"Paul Goldschmidt singles on a ground ball to right fielder Juan Soto.","R","R","R","NYY","STL","X",9,"ground_ball",2,1,2024,"-1.47","-0.29","0.07","3.07",,,,0,5,"Top",165.39,101.17,,,,,13.887447739617036,-130.8157033708769,3.9209834176927494,-19.79658393445235,27.216536090981176,-36.7108269641974,"3.47","1.6",40,"105.3",-2,"89.4",2261,"6",745701,669224,519203,650402,665862,683011,657077,592450,665742,"54.53",0.454,0.409,"0.9",1,1,0,4,36,4,"Sinker",2,5,5,2,5,2,5,2,"Standard","Standard",267,"-0.018","0.365","71.2","7.0",0.481,"-0.365","105.3",-3,3,"0.154","0.846",30,36,31,37,1,2,,1,3,1,"3.11","1.47","1.47","2.2"
"SI","2024-09-01","89.2","-4.32","4.03","Effross, Scott",502671,664123,,"foul",,,,,4,"Paul Goldschmidt singles on a ground ball to right fielder Juan Soto.","R","R","R","NYY","STL","S",,,2,0,2024,"-1.37","-0.22","-0.79","2.46",,,,0,5,"Top",,,,,,,11.432445198454692,-129.3782691917518,2.6661819711276564,-17.826383306665164,28.332089332287033,-35.48478858501628,"3.47","1.6",277,"100.2",22,"88.2",2210,"5.9",745701,669224,519203,650402,665862,683011,657077,592450,665742,"54.55",,,,,,,,36,3,"Sinker",2,5,5,2,5,2,5,2,"Standard","Standard",268,"0","-0.058","75.2","8.4",,"0.058","100.2",-3,3,"0.154","0.846",30,36,31,37,1,2,,1,3,1,"3.11","1.37","1.37","-2.7"
"SL","2024-09-01","79.6","-4.31","3.9","Effross, Scott",502671,664123,,"ball",,,,,8,"Paul Goldschmidt singles on a ground ball to right fielder Juan Soto.","R","R","R","NYY","STL","B",,,1,0,2024,"1.23","-0.25","-0.25","1.53",,,,0,5,"Top",,,,,,,6.517175942390862,-115.681732599097,2.1022411562135845,9.538691935715887,24.981354058595237,-35.103755245969445,"3.43","1.51",,,,"78.2",2510,"5.7",745701,669224,519203,650402,665862,683011,657077,592450,665742,"54.75",,,,,,,,36,2,"Slider",2,5,5,2,5,2,5,2,"Standard","Standard",76,"0","0.062",,,,"-0.062",,-3,3,"0.154","0.846",30,36,31,37,1,2,,1,3,1,"3.9","-1.23","-1.23","1.2"
"SI","2024-09-01","90.7","-4.32","4.09","Effross, Scott",502671,664123,,"ball",,,,,11,"Paul Goldschmidt singles on a ground ball to right fielder Juan Soto.","R","R","R","NYY","STL","B",,,0,0,2024,"-1.37","-0.32","-1.74","3.59",,,,0,5,"Top",,,,,,,9.287559859312891,-131.63982998094568,5.374628605595231,-17.968854653913464,29.35709338813481,-37.396017986271296,"3.41","1.52",,,,"89.7",2310,"5.9",745701,669224,519203,650402,665862,683011,657077,592450,665742,"54.56",,,,,,,,36,1,"Sinker",2,5,5,2,5,2,5,2,"Standard","Standard",267,"0","0.034",,,,"-0.034",,-3,3,"0.154","0.846",30,36,31,37,1,2,,1,3,1,"3.12","1.37","1.37","0.1"