﻿"pitch_type","game_date","release_speed","release_pos_x","release_pos_z","player_name","batter","pitcher","events","description","spin_dir","spin_rate_deprecated","break_angle_deprecated","break_length_deprecated","zone","des","game_type","stand","p_throws","home_team","away_team","type","hit_location","bb_type","balls","strikes","game_year","pfx_x","pfx_z","plate_x","plate_z","on_3b","on_2b","on_1b","outs_when_up","inning","inning_topbot","hc_x","hc_y","tfs_deprecated","tfs_zulu_deprecated","umpire","sv_id","vx0","vy0","vz0","ax","ay","az","sz_top","sz_bot","hit_distance_sc","launch_speed","launch_angle","effective_speed","release_spin_rate","release_extension","game_pk","fielder_2","fielder_3","fielder_4","fielder_5","fielder_6","fielder_7","fielder_8","fielder_9","release_pos_y","estimated_ba_using_speedangle","estimated_woba_using_speedangle","woba_value","woba_denom","babip_value","iso_value","launch_speed_angle","at_bat_number","pitch_number","pitch_name","home_score","away_score","bat_score","fld_score","post_away_score","post_home_score","post_bat_score","post_fld_score","if_fielding_alignment","of_fielding_alignment","spin_axis","delta_home_win_exp","delta_run_exp","bat_speed","swing_length","estimated_slg_using_speedangle","delta_pitcher_run_exp","hyper_speed","home_score_diff","bat_score_diff","home_win_exp","bat_win_exp","age_pit_legacy","age_bat_legacy","age_pit","age_bat","n_thruorder_pitcher","n_priorpa_thisgame_player_at_bat","pitcher_days_since_prev_game","batter_days_since_prev_game","pitcher_days_until_next_game","batter_days_until_next_game","api_break_z_with_gravity","api_break_x_arm","api_break_x_batter_in","arm_angle"
"SI","2024-09-29","94.4","-1.09","5.69","Priester, Quinn",691406,682990,"strikeout","called_strike",,,,,14,"Junior Caminero called out on strikes.","R","R","R","BOS","TB","S",2,,2,2,2024,"-1.21","0.59","1.08","1.85",,,,2,5,"Top",,,,,,,8.3132714431851,-137.10436496544773,-5.590242828553155,-17.08611564189557,30.207517595658558,-23.641683203582364,"3.57","1.58",,,,"94.4",2249,"6.4",746901,657136,671213,687093,665839,686765,680776,678882,677800,"54.14",,0,"0",1,0,0,,38,5,"Sinker",2,1,1,2,1,2,1,2,"Standard","Standard",226,"0.014","-0.084",,,,"0.084",,1,-1,"0.699","0.301",23,20,24,21,3,2,64,1,,,"1.97","1.21","1.21","39.4"
"SL","2024-09-29","85.9","-1.26","5.73","Priester, Quinn",691406,682990,,"ball",,,,,14,"Junior Caminero called out on strikes.","R","R","R","BOS","TB","B",,,1,2,2024,"0.41","-0.26","2.48","1.6",,,,2,5,"Top",,,,,,,7.9956196741985295,-124.91342208185799,-3.0098725257976753,2.75676243113348,24.83684884968953,-34.50891071035516,"3.59","1.55",,,,"85.9",2795,"6.3",746901,657136,671213,687093,665839,686765,680776,678882,677800,"54.2",,,,,,,,38,4,"Slider",2,1,1,2,1,2,1,2,"Standard","Standard",80,"0","0.015",,,,"-0.015",,1,-1,"0.699","0.301",23,20,24,21,3,2,64,1,,,"3.35","-0.41","-0.41","35.7"
"SL","2024-09-29","86.8","-1.24","5.78","Priester, Quinn",691406,682990,,"swinging_strike",,,,,14,"Junior Caminero called out on strikes.","R","R","R","BOS","TB","S",,,1,1,2024,"0.5","-0.16","1.54","1.6",,,,2,5,"Top",,,,,,,5.6266022114508685,-126.37854141545513,-3.5268300463186257,4.283212014659404,25.37373020751872,-33.36800036296992,"3.54","1.63",,,,"86.9",2572,"6.3",746901,657136,671213,687093,665839,686765,680776,678882,677800,"54.2",,,,,,,,38,3,"Slider",2,1,1,2,1,2,1,2,"Standard","Standard",90,"0","-0.025",,,,"0.025",,1,-1,"0.699","0.301",23,20,24,21,3,2,64,1,,,"3.18","-0.5","-0.5","37.6"
"SI","2024-09-29","95.5","-1","5.72","Priester, Quinn",691406,682990,,"called_strike",,,,,6,"Junior Caminero called out on strikes.","R","R","R","BOS","TB","S",,,1,0,2024,"-1.37","0.51","0.73","2.73",,,,2,5,"Top",,,,,,,7.641979714285764,-138.84993525210282,-3.386879344621831,-19.3813431948761,31.309037723160692,-24.96674022603444,"3.52","1.48",,,,"95.5",2272,"6.3",746901,657136,671213,687093,665839,686765,680776,678882,677800,"54.17",,,,,,,,38,2,"Sinker",2,1,1,2,1,2,1,2,"Standard","Standard",224,"0","-0.02",,,,"0.02",,1,-1,"0.699","0.301",23,20,24,21,3,2,64,1,,,"1.99","1.37","1.37","38.3"
"SI","2024-09-29","93.7","-1.2","5.69","Priester, Quinn",691406,682990,,"ball",,,,,14,"Junior Caminero called out on strikes.","R","R","R","BOS","TB","B",,,0,0,2024,"-1.34","0.59","1.18","2.05",,,,2,5,"Top",,,,,,,9.120511723559053,-136.1655350392846,-4.935516241674678,-18.721849637347624,30.380194361989144,-23.953081648138085,"3.7","1.63",,,,"93.8",2245,"6.5",746901,657136,671213,687093,665839,686765,680776,678882,677800,"54.01",,,,,,,,38,1,"Sinker",2,1,1,2,1,2,1,2,"Standard","Standard",227,"0","0.015",,,,"-0.015",,1,-1,"0.699","0.301",23,20,24,21,3,2,64,1,,,"2.02","1.34","1.34","37.1"
"CH","2024-09-29","91.2","-1.15","5.75","Priester, Quinn",680700,682990,"grounded_into_double_play","hit_into_play",,,,,2,"Richie Palacios grounds into a double play, second baseman Vaughn Grissom to shortstop Nick Sogard to first baseman Triston Casas.   Logan Driscoll out at 2nd.    Richie Palacios out at 1st.","R","L","R","BOS","TB","X",4,"ground_ball",0,1,2024,"0.07","0.67","0.18","2.92",,,686482,0,5,"Top",153.64,150.7,,,,,3.210677329391016,-132.73775122257953,-2.610977660482779,0.012320005364446903,31.639762026469754,-23.878775301002847,"3.33","1.57",16,"84.2",-9,"91",2504,"6.4",746901,657136,671213,687093,665839,686765,680776,678882,677800,"54.08",0.126,0.116,"0",1,0,0,2,37,2,"Changeup",2,1,1,2,1,2,1,2,"Standard","Standard",194,"0.107","-0.465","64.2","6.2",0.159,"0.465","88.0",1,-1,"0.592","0.408",23,27,24,27,3,2,64,2,,,"2.09","-0.07","0.07","40.8"
"FF","2024-09-29","91.7","-1.32","5.72","Priester, Quinn",680700,682990,,"swinging_strike",,,,,2,"Richie Palacios grounds into a double play, second baseman Vaughn Grissom to shortstop Nick Sogard to first baseman Triston Casas.   Logan Driscoll out at 2nd.    Richie Palacios out at 1st.","R","L","R","BOS","TB","S",,,0,0,2024,"0.09","0.76","-0.17","3.37",,,686482,0,5,"Top",,,,,,,2.6851768997453465,-133.6118667171075,-1.7454065080909378,0.4993133201605604,29.254434780364917,-22.917361656997766,"3.33","1.57",,,,"91.6",2438,"6.2",746901,657136,671213,687093,665839,686765,680776,678882,677800,"54.32",,,,,,,,37,1,"4-Seam Fastball",2,1,1,2,1,2,1,2,"Standard","Standard",192,"0","-0.063","62.2","5.6",,"0.063",,1,-1,"0.592","0.408",23,27,24,27,3,2,64,2,,,"1.95","-0.09","0.09","40.0"
"CH","2024-09-29","88.9","-1.18","5.68","Priester, Quinn",686482,682990,"walk","ball",,,,,13,"Logan Driscoll walks.","R","L","R","BOS","TB","B",,,3,2,2024,"-1.5","-0.13","-0.33","0.78",,,,0,5,"Top",,,,,,,5.237873498974837,-129.30634516160316,-5.672323207887893,-17.87007067033827,28.17687100758485,-32.63675124803283,"3.27","1.44",,,,"89",1468,"6.5",746901,657136,671213,687093,665839,686765,680776,678882,677800,"54.01",,0.689131,"0.7",1,0,0,,36,11,"Changeup",2,1,1,2,1,2,1,2,"Infield shade","Standard",246,"-0.052","0.333",,,,"-0.333",,1,-1,"0.644","0.356",23,26,24,27,2,1,64,2,,,"3.03","1.5","-1.5","38.4"
"CH","2024-09-29","88","-1.22","5.71","Priester, Quinn",686482,682990,,"foul",,,,,2,"Logan Driscoll walks.","R","L","R","BOS","TB","S",,,3,2,2024,"-1.21","0.28","-0.17","3.19",,,,0,5,"Top",,,,,,,5.088147022624921,-128.07383494767967,-0.6104806053584887,-14.411963669964733,25.459482201913893,-29.144714791930333,"3.32","1.51",169,"84",69,"88.5",1369,"6.5",746901,657136,671213,687093,665839,686765,680776,678882,677800,"54",,,,,,,,36,10,"Changeup",2,1,1,2,1,2,1,2,"Infield shade","Standard",244,"0","0","64.9","7.0",,"0","88.0",1,-1,"0.644","0.356",23,26,24,27,2,1,64,2,,,"2.65","1.21","-1.21","40.3"
"SI","2024-09-29","93","-1.39","5.65","Priester, Quinn",686482,682990,,"foul",,,,,8,"Logan Driscoll walks.","R","L","R","BOS","TB","S",,,3,2,2024,"-1.21","0.39","-0.16","1.81",,,,0,5,"Top",,,,,,,5.813981643617935,-135.31482642441335,-4.946372395956331,-16.11632848823454,29.067614128416672,-26.55531458983799,"3.32","1.51",271,"86.8",30,"93.3",2046,"6.4",746901,657136,671213,687093,665839,686765,680776,678882,677800,"54.07",,,,,,,,36,9,"Sinker",2,1,1,2,1,2,1,2,"Infield shade","Standard",227,"0","0","70.2","7.2",,"0","88.0",1,-1,"0.644","0.356",23,26,24,27,2,1,64,2,,,"2.25","1.21","-1.21","37.2"
"CU","2024-09-29","80.5","-1.01","6.02","Priester, Quinn",686482,682990,,"foul",,,,,9,"Logan Driscoll walks.","R","L","R","BOS","TB","S",,,3,2,2024,"0.68","-0.53","0.36","1.86",,,,0,5,"Top",,,,,,,1.741259091537862,-117.27633842774995,-1.6084643977375108,5.994793751397925,21.21996625903525,-36.97808223088214,"3.32","1.51",8,"91.1",-16,"80.9",2661,"6.4",746901,657136,671213,687093,665839,686765,680776,678882,677800,"54.08",,,,,,,,36,8,"Curveball",2,1,1,2,1,2,1,2,"Infield shade","Standard",53,"0","0","71.2","8.1",,"0","91.1",1,-1,"0.644","0.356",23,26,24,27,2,1,64,2,,,"4.02","-0.68","0.68","47.6"
"CH","2024-09-29","88.9","-1.25","5.71","Priester, Quinn",686482,682990,,"ball",,,,,11,"Logan Driscoll walks.","R","L","R","BOS","TB","B",,,2,2,2024,"-1.25","0.46","-1.45","2.46",,,,0,5,"Top",,,,,,,2.128586941241859,-129.54631391261157,-2.9204972785145986,-14.571917733349258,26.618241037743132,-26.586836497825143,"3.26","1.43",,,,"89.3",1386,"6.4",746901,657136,671213,687093,665839,686765,680776,678882,677800,"54.05",,,,,,,,36,7,"Changeup",2,1,1,2,1,2,1,2,"Infield shade","Standard",245,"0","0.096",,,,"-0.096",,1,-1,"0.644","0.356",23,26,24,27,2,1,64,2,,,"2.41","1.25","-1.25","37.4"
"CH","2024-09-29","89.6","-1.24","5.71","Priester, Quinn",686482,682990,,"foul",,,,,5,"Logan Driscoll walks.","R","L","R","BOS","TB","S",,,2,2,2024,"-1.25","0.43","-0.02","2.08",,,,0,5,"Top",,,,,,,5.676916388943996,-130.41602284273262,-3.911278944349613,-15.471356156367648,26.73145961739626,-26.671801880940848,"3.32","1.51",2,"77.3",-47,"90",1508,"6.5",746901,657136,671213,687093,665839,686765,680776,678882,677800,"54.02",,,,,,,,36,6,"Changeup",2,1,1,2,1,2,1,2,"Strategic","Standard",243,"0","0","71.3","7.5",,"0","88.0",1,-1,"0.644","0.356",23,26,24,27,2,1,64,2,,,"2.4","1.25","-1.25","38.8"
"SL","2024-09-29","83.6","-1.23","5.86","Priester, Quinn",686482,682990,,"foul",,,,,2,"Logan Driscoll walks.","R","L","R","BOS","TB","S",,,2,2,2024,"0.65","-0.08","-0.06","3.11",,,,0,5,"Top",,,,,,,1.431305220392245,-121.78493982876498,0.19851078925803356,6.226567161896027,22.443768603175137,-33.21670561340239,"3.32","1.51",220,"79",52,"83.8",2459,"6.2",746901,657136,671213,687093,665839,686765,680776,678882,677800,"54.25",,,,,,,,36,5,"Slider",2,1,1,2,1,2,1,2,"Infield shade","Standard",98,"0","0",,,,"0","88.0",1,-1,"0.644","0.356",23,26,24,27,2,1,64,2,,,"3.32","-0.65","0.65","39.6"
"SI","2024-09-29","93.7","-1.25","5.67","Priester, Quinn",686482,682990,,"called_strike",,,,,7,"Logan Driscoll walks.","R","L","R","BOS","TB","S",,,2,1,2024,"-1.24","0.5","-0.37","1.4",,,,0,5,"Top",,,,,,,5.02207150814015,-136.20812878456434,-6.407679069829247,-16.541527147575334,30.826132645171146,-24.67086215764886,"3.35","1.47",,,,"93.8",2075,"6.5",746901,657136,671213,687093,665839,686765,680776,678882,677800,"54.03",,,,,,,,36,4,"Sinker",2,1,1,2,1,2,1,2,"Strategic","Standard",223,"0","-0.062",,,,"0.062",,1,-1,"0.644","0.356",23,26,24,27,2,1,64,2,,,"2.1","1.24","-1.24","38.5"
"SL","2024-09-29","86.4","-1.38","5.77","Priester, Quinn",686482,682990,,"ball",,,,,14,"Logan Driscoll walks.","R","L","R","BOS","TB","B",,,1,1,2024,"0.32","0.25","0.96","0.57",,,,0,5,"Top",,,,,,,4.924243447800662,-125.71507867953613,-6.753236162863174,2.5554057295411665,22.84360825939624,-28.46891474896201,"3.19","1.31",,,,"86.9",2417,"6.4",746901,657136,671213,687093,665839,686765,680776,678882,677800,"54.1",,,,,,,,36,3,"Slider",2,1,1,2,1,2,1,2,"Strategic","Standard",128,"0","0.048",,,,"-0.048",,1,-1,"0.644","0.356",23,26,24,27,2,1,64,2,,,"2.78","-0.32","0.32","43.3"
"CU","2024-09-29","80.8","-1.15","6.12","Priester, Quinn",686482,682990,,"ball",,,,,13,"Logan Driscoll walks.","R","L","R","BOS","TB","B",,,0,1,2024,"0.66","-0.85","-0.46","1.01",,,,0,5,"Top",,,,,,,0.27427712544409644,-117.7299899477933,-3.1482906253754885,6.094715520660216,21.86128480514172,-39.745657739989326,"3.17","1.29",,,,"80.9",2724,"6.2",746901,657136,671213,687093,665839,686765,680776,678882,677800,"54.26",,,,,,,,36,2,"Curveball",2,1,1,2,1,2,1,2,"Standard","Standard",55,"0","0.023",,,,"-0.023",,1,-1,"0.644","0.356",23,26,24,27,2,1,64,2,,,"4.33","-0.66","0.66","47.7"
"CH","2024-09-29","88.4","-1.2","5.74","Priester, Quinn",686482,682990,,"swinging_strike",,,,,13,"Logan Driscoll walks.","R","L","R","BOS","TB","S",,,0,0,2024,"-1.38","0.49","-0.83","1.69",,,,0,5,"Top",,,,,,,3.779080740028621,-128.69059305788866,-4.823014833570248,-16.090006194486342,27.089977409539156,-25.918162593589855,"3.32","1.51",,,,"88.6",1481,"6.4",746901,657136,671213,687093,665839,686765,680776,678882,677800,"54.1",,,,,,,,36,1,"Changeup",2,1,1,2,1,2,1,2,"Standard","Standard",251,"0","-0.033","71.0","8.1",,"0.033",,1,-1,"0.644","0.356",23,26,24,27,2,1,64,2,,,"2.43","1.38","-1.38","36.4"
"SL","2024-09-29","87.5","-1.16","5.72","Priester, Quinn",676609,682990,"field_out","hit_into_play",,,,,14,"José Caballero grounds out softly, shortstop Nick Sogard to first baseman Triston Casas.","R","R","R","BOS","TB","X",6,"ground_ball",3,2,2024,"0.38","0.33","1.46","1.93",,666185,,2,4,"Top",116.73,150.34,,,,,5.572583562746734,-127.41239285007967,-3.719746099369799,2.9961194246706078,25.933046716590496,-28.036313975420573,"3.05","1.39",110,"45.4",29,"88",2539,"6.6",746901,657136,671213,687093,665839,686765,680776,678882,677800,"53.95",0.16,0.166,"0",1,0,0,1,31,8,"Slider",2,1,1,2,1,2,1,2,"Standard","Standard",150,"0.041","-0.329","46.2","7.4",0.16,"0.329","88.0",1,-1,"0.649","0.351",23,27,24,28,2,1,64,2,,,"2.64","-0.38","-0.38","40.4"
"SI","2024-09-29","93.3","-1.19","5.7","Priester, Quinn",676609,682990,,"foul",,,,,5,"José Caballero grounds out softly, shortstop Nick Sogard to first baseman Triston Casas.","R","R","R","BOS","TB","S",,,3,2,2024,"-1.5","0.43","-0.22","2.04",,666185,,2,4,"Top",,,,,,,5.843909665884436,-135.63925333389625,-4.594036306120319,-19.800353166481756,31.00738715415216,-26.04182177794255,"3.05","1.39",,,,"93.6",2040,"6.6",746901,657136,671213,687093,665839,686765,680776,678882,677800,"53.88",,,,,,,,31,7,"Sinker",2,1,1,2,1,2,1,2,"Standard","Standard",219,"0","0","76.5","7.3",,"0",,1,-1,"0.649","0.351",23,27,24,28,2,1,64,2,,,"2.2","1.5","1.5","40.9"
"SL","2024-09-29","87","-1.25","5.74","Priester, Quinn",676609,682990,,"foul",,,,,14,"José Caballero grounds out softly, shortstop Nick Sogard to first baseman Triston Casas.","R","R","R","BOS","TB","S",,,3,2,2024,"0.64","0.24","0.96","1.67",,666185,,2,4,"Top",,,,,,,3.9970664735417576,-126.58485616441526,-4.107873881060293,6.038775241645951,26.071382168723936,-28.921137197318696,"3.05","1.39",3,"58.8",-34,"87.2",2454,"6.5",746901,657136,671213,687093,665839,686765,680776,678882,677800,"54.04",,,,,,,,31,6,"Slider",2,1,1,2,1,2,1,2,"Standard","Standard",122,"0","0","66.9","7.4",,"0","88.0",1,-1,"0.649","0.351",23,27,24,28,2,1,64,2,,,"2.77","-0.64","-0.64","41.7"
"SL","2024-09-29","87.4","-1.14","5.79","Priester, Quinn",676609,682990,,"ball",,,,,14,"José Caballero grounds out softly, shortstop Nick Sogard to first baseman Triston Casas.","R","R","R","BOS","TB","B",,,2,2,2024,"0.27","0.35","2.24","1.6",,666185,,2,4,"Top",,,,,,,7.630773455722303,-127.07493607241287,-4.657069835432732,1.28907899317176,26.66524994091294,-27.607634383104948,"3.04","1.4",,,,"87.7",2422,"6.6",746901,657136,671213,687093,665839,686765,680776,678882,677800,"53.9",,,,,,,,31,5,"Slider",2,1,1,2,1,2,1,2,"Standard","Standard",161,"0","0.054",,,,"-0.054",,1,-1,"0.649","0.351",23,27,24,28,2,1,64,2,,,"2.65","-0.27","-0.27","39.8"
"SI","2024-09-29","95.5","-1.11","5.67","Priester, Quinn",676609,682990,,"ball",,,,,14,"José Caballero grounds out softly, shortstop Nick Sogard to first baseman Triston Casas.","R","R","R","BOS","TB","B",,,1,2,2024,"-1.12","0.5","1.39","1.64",,666185,,2,4,"Top",,,,,,,9.127189146252231,-138.7647861939633,-6.116145213901299,-16.491690583389165,31.07724884042689,-24.49299930553747,"3.15","1.4",,,,"95.6",2112,"6.4",746901,657136,671213,687093,665839,686765,680776,678882,677800,"54.05",,,,,,,,31,4,"Sinker",2,1,1,2,1,2,1,2,"Standard","Standard",224,"0","0.041",,,,"-0.041",,1,-1,"0.649","0.351",23,27,24,28,2,1,64,2,,,"2.01","1.12","1.12","39.3"
"SL","2024-09-29","85.5","-1.15","5.84","Priester, Quinn",676609,682990,,"called_strike",,,,,9,"José Caballero grounds out softly, shortstop Nick Sogard to first baseman Triston Casas.","R","R","R","BOS","TB","S",,,1,1,2024,"0.41","0.03","0.61","1.86",,666185,,2,4,"Top",,,,,,,3.3326137925207617,-124.42565371608417,-3.1457794856724526,3.537310962818744,25.673759056703865,-31.39910580454769,"3.05","1.39",,,,"85.7",2485,"6.5",746901,657136,671213,687093,665839,686765,680776,678882,677800,"54.01",,,,,,,,31,3,"Slider",2,1,1,2,1,2,1,2,"Standard","Standard",114,"0","-0.066",,,,"0.066",,1,-1,"0.649","0.351",23,27,24,28,2,1,64,2,,,"3.09","-0.41","-0.41","40.2"
"SL","2024-09-29","85.3","-1.13","5.83","Priester, Quinn",676609,682990,,"swinging_strike",,,,,14,"José Caballero grounds out softly, shortstop Nick Sogard to first baseman Triston Casas.","R","R","R","BOS","TB","S",,,1,0,2024,"0.44","0.02","0.15","0.92",,666185,,2,4,"Top",,,,,,,2.1499141272510225,-124.14371616784203,-5.303490028832174,4.052248981718129,25.4656866771931,-31.101970432516026,"3.05","1.39",,,,"85.7",2441,"6.6",746901,657136,671213,687093,665839,686765,680776,678882,677800,"53.91",,,,,,,,31,2,"Slider",2,1,1,2,1,2,1,2,,,106,"0","-0.048",,,,"0.048",,1,-1,"0.649","0.351",23,27,24,28,2,1,64,2,,,"3.12","-0.44","-0.44",
"SL","2024-09-29","86.1","-1.11","5.81","Priester, Quinn",676609,682990,,"ball",,,,,14,"José Caballero grounds out softly, shortstop Nick Sogard to first baseman Triston Casas.","R","R","R","BOS","TB","B",,,0,0,2024,"0.33","0.16","1.24","0.84",,666185,,2,4,"Top",,,,,,,4.918538353570287,-125.2450261520019,-5.881032275157651,2.406975050529299,25.911522571793945,-29.441703764737262,"3.03","1.38",,,,"86.1",2408,"6.4",746901,657136,671213,687093,665839,686765,680776,678882,677800,"54.11",,,,,,,,31,1,"Slider",2,1,1,2,1,2,1,2,"Standard","Standard",135,"0","0.016",,,,"-0.016",,1,-1,"0.649","0.351",23,27,24,28,2,1,64,2,,,"2.92","-0.33","-0.33","41.9"
"CH","2024-09-29","91.4","-1.2","5.75","Priester, Quinn",666185,682990,"single","hit_into_play",,,,,5,"Dylan Carlson singles on a sharp line drive to right fielder Wilyer Abreu.   Josh Lowe scores.    Dylan Carlson to 2nd.  Dylan Carlson advances to 2nd, on a throwing error by shortstop Nick Sogard, assist to right fielder Wilyer Abreu to catcher Connor Wong.","R","L","R","BOS","TB","X",9,"line_drive",1,1,2024,"-1.17","0.56","0.21","2.43",,666139,,2,4,"Top",165.46,125,,,,,6.082629607173906,-133.02746896200784,-3.7382434221966125,-15.232291554719398,25.750200458877693,-24.98041209246742,"3.45","1.63",106,"102.8",6,"91.8",1467,"6.3",746901,657136,671213,687093,665839,686765,680776,678882,677800,"54.17",0.654,0.619,"0.9",1,1,0,4,30,3,"Changeup",2,0,0,2,1,2,1,2,"Standard","Standard",245,"-0.109","0.776","69.9","6.8",0.74,"-0.776","102.8",2,-2,"0.758","0.242",23,25,24,26,2,1,64,3,,,"2.15","1.17","-1.17","40.6"
"CU","2024-09-29","82.1","-1","5.9","Priester, Quinn",666185,682990,,"ball",,,,,14,"Dylan Carlson singles on a sharp line drive to right fielder Wilyer Abreu.   Josh Lowe scores.    Dylan Carlson to 2nd.  Dylan Carlson advances to 2nd, on a throwing error by shortstop Nick Sogard, assist to right fielder Wilyer Abreu to catcher Connor Wong.","R","L","R","BOS","TB","B",,,0,1,2024,"0.59","-0.97","0.58","0.94",,666139,,2,4,"Top",,,,,,,2.4330006252923972,-119.53206512698236,-2.8047969453555623,5.182360833950623,23.672335604639073,-41.08464613512559,"3.29","1.63",,,,"82.2",2726,"6.4",746901,657136,671213,687093,665839,686765,680776,678882,677800,"54.11",,,,,,,,30,2,"Curveball",2,0,0,2,0,2,0,2,"Standard","Standard",55,"0","0.013",,,,"-0.013",,2,-2,"0.758","0.242",23,25,24,26,2,1,64,3,,,"4.35","-0.59","0.59","45.3"
"CU","2024-09-29","81.9","-1.13","5.94","Priester, Quinn",666185,682990,,"called_strike",,,,,5,"Dylan Carlson singles on a sharp line drive to right fielder Wilyer Abreu.   Josh Lowe scores.    Dylan Carlson to 2nd.  Dylan Carlson advances to 2nd, on a throwing error by shortstop Nick Sogard, assist to right fielder Wilyer Abreu to catcher Connor Wong.","R","L","R","BOS","TB","S",,,0,0,2024,"0.48","-0.38","-0.12","2.64",,666139,,2,4,"Top",,,,,,,1.3483938542225824,-119.39361420774203,-0.21321496584025112,4.362443277101799,21.632923512158108,-36.01759385288677,"3.27","1.39",,,,"82.2",2609,"6.3",746901,657136,671213,687093,665839,686765,680776,678882,677800,"54.22",,,,,,,,30,1,"Curveball",2,0,0,2,0,2,0,2,"Standard","Standard",70,"0","-0.045",,,,"0.045",,2,-2,"0.758","0.242",23,25,24,26,2,1,64,3,,,"3.75","-0.48","0.48","46.5"
"SL","2024-09-29","85.3","-1.04","5.75","Priester, Quinn",676356,682990,"field_out","hit_into_play",,,,,14,"Jonny DeLuca grounds out, shortstop Nick Sogard to first baseman Triston Casas.   Josh Lowe to 2nd.","R","R","R","BOS","TB","X",6,"ground_ball",1,2,2024,"0.37","-0.22","1.23","2.1",,,666139,1,4,"Top",116.46,160.65,,,,,4.604933080723654,-124.33537580641837,-1.9302958951643712,2.996220086045601,22.87957812031024,-34.28343469160074,"3.21","1.52",3,"70.1",-39,"85.9",2577,"6.4",746901,657136,671213,687093,665839,686765,680776,678882,677800,"54.11",0.109,0.127,"0",1,0,0,2,29,4,"Slider",2,0,0,2,0,2,0,2,"Standard","Standard",85,"0.023","-0.288","70.0","7.7",0.11,"0.288","88.0",2,-2,"0.735","0.265",23,25,24,26,2,1,64,2,,,"3.32","-0.37","-0.37","41.3"
"SI","2024-09-29","94.2","-1.17","5.68","Priester, Quinn",676356,682990,,"called_strike",,,,,8,"Jonny DeLuca grounds out, shortstop Nick Sogard to first baseman Triston Casas.   Josh Lowe to 2nd.","R","R","R","BOS","TB","S",,,1,1,2024,"-1.37","0.45","0.24","1.94",,,666139,1,4,"Top",,,,,,,6.716468161870976,-136.9944203334944,-4.983034563068388,-18.783934197509836,31.98788340950691,-25.600266841186723,"3.33","1.54",,,,"94",2149,"6.4",746901,657136,671213,687093,665839,686765,680776,678882,677800,"54.14",,,,,,,,29,3,"Sinker",2,0,0,2,0,2,0,2,"Standard","Standard",218,"0","-0.069",,,,"0.069",,2,-2,"0.735","0.265",23,25,24,26,2,1,64,2,,,"2.14","1.37","1.37","38.2"
"SL","2024-09-29","86.6","-1.15","5.72","Priester, Quinn",676356,682990,,"blocked_ball",,,,,14,"Jonny DeLuca grounds out, shortstop Nick Sogard to first baseman Triston Casas.   Josh Lowe to 2nd.","R","R","R","BOS","TB","B",,,0,1,2024,"0.35","0.08","2.4","0.58",,,666139,1,4,"Top",,,,,,,7.767756988999576,-125.97016430624977,-6.326062931908212,2.3797892520587376,22.966952091874713,-30.266964825364294,"3.26","1.46",,,,"87.2",2451,"6.5",746901,657136,671213,687093,665839,686765,680776,678882,677800,"54.04",,,,,,,,29,2,"Slider",2,0,0,2,0,2,0,2,"Standard","Standard",114,"0","0.035",,,,"-0.035",,2,-2,"0.735","0.265",23,25,24,26,2,1,64,2,,,"2.93","-0.35","-0.35","41.7"
"SL","2024-09-29","86.1","-1.27","5.72","Priester, Quinn",676356,682990,,"swinging_strike",,,,,9,"Jonny DeLuca grounds out, shortstop Nick Sogard to first baseman Triston Casas.   Josh Lowe to 2nd.","R","R","R","BOS","TB","S",,,0,0,2024,"0.43","0.2","0.8","1.76",,,666139,1,4,"Top",,,,,,,4.044721504705429,-125.43455692353245,-3.640170511178245,3.8826656014049403,22.796642346713405,-29.584165194727376,"3.21","1.52",,,,"86.6",2450,"6.3",746901,657136,671213,687093,665839,686765,680776,678882,677800,"54.18",,,,,,,,29,1,"Slider",2,0,0,2,0,2,0,2,"Standard","Standard",108,"0","-0.047","71.1","8.9",,"0.047",,2,-2,"0.735","0.265",23,25,24,26,2,1,64,2,,,"2.84","-0.43","-0.43","39.9"
"CH","2024-09-29","91.3","-1.2","5.83","Priester, Quinn",666139,682990,"single","hit_into_play",,,,,13,"Josh Lowe singles on a soft ground ball to pitcher Quinn Priester, deflected by catcher Connor Wong.","R","L","R","BOS","TB","X",2,"ground_ball",2,1,2024,"-1.39","0.48","-0.49","1.23",,,,1,4,"Top",120.96,195.51,,,,,4.787827931063091,-132.8329340579687,-6.769156173417379,-17.522467473836514,27.548264615538415,-25.262195618336705,"3.58","1.72",1,"57.2",-60,"91.9",1607,"6.6",746901,657136,671213,687093,665839,686765,680776,678882,677800,"53.94",0.226,0.248,"0.9",1,1,0,1,28,4,"Changeup",2,0,0,2,0,2,0,2,"Infield shade","Standard",237,"-0.029","0.237","74.1","7.6",0.227,"-0.237","88.0",2,-2,"0.764","0.236",23,26,24,26,2,1,64,1,,,"2.25","1.39","-1.39","39.5"
"CH","2024-09-29","91.5","-1.21","5.85","Priester, Quinn",666139,682990,,"foul",,,,,14,"Josh Lowe singles on a soft ground ball to pitcher Quinn Priester, deflected by catcher Connor Wong.","R","L","R","BOS","TB","S",,,2,0,2024,"0.03","0.63","1.05","1.66",,,,1,4,"Top",,,,,,,5.653478905464595,-132.98195015602144,-6.039761155473774,-0.9235951291882856,29.829085427256615,-23.52921081791513,"3.58","1.72",,,,"91.6",2335,"6.5",746901,657136,671213,687093,665839,686765,680776,678882,677800,"53.96",,,,,,,,28,3,"Changeup",2,0,0,2,0,2,0,2,"Infield shade","Standard",190,"0","-0.041","75.5","7.5",,"0.041",,2,-2,"0.764","0.236",23,26,24,26,2,1,64,1,,,"2.11","-0.03","0.03","43.8"
"CU","2024-09-29","82.6","-1.03","6.06","Priester, Quinn",666139,682990,,"ball",,,,,14,"Josh Lowe singles on a soft ground ball to pitcher Quinn Priester, deflected by catcher Connor Wong.","R","L","R","BOS","TB","B",,,1,0,2024,"0.31","-0.5","1.48","0.58",,,,1,4,"Top",,,,,,,5.105627768531269,-120.14708538742376,-5.003850012908574,2.055153905458264,23.202461516094253,-36.23974384211745,"3.57","1.74",,,,"82.8",2654,"6.4",746901,657136,671213,687093,665839,686765,680776,678882,677800,"54.08",,,,,,,,28,2,"Curveball",2,0,0,2,0,2,0,2,"Standard","Standard",43,"0","0.046",,,,"-0.046",,2,-2,"0.764","0.236",23,26,24,26,2,1,64,1,,,"3.84","-0.31","0.31","48.8"
"SL","2024-09-29","86","-1.34","5.93","Priester, Quinn",666139,682990,,"ball",,,,,11,"Josh Lowe singles on a soft ground ball to pitcher Quinn Priester, deflected by catcher Connor Wong.","R","L","R","BOS","TB","B",,,0,0,2024,"0.27","0.19","-1.06","3.47",,,,1,4,"Top",,,,,,,0.11102099114850335,-125.2836107729229,-0.008189724578755664,2.8098572265933774,25.01708094881988,-30.4207457701944,"3.49","1.7",,,,"86",2552,"6.2",746901,657136,671213,687093,665839,686765,680776,678882,677800,"54.33",,,,,,,,28,1,"Slider",2,0,0,2,0,2,0,2,"Standard","Standard",95,"0","0.025",,,,"-0.025",,2,-2,"0.764","0.236",23,26,24,26,2,1,64,1,,,"2.89","-0.27","0.27","40.9"
"SL","2024-09-29","86.7","-1.18","5.69","Priester, Quinn",666624,682990,"strikeout","swinging_strike_blocked",,,,,14,"Christopher Morel strikes out swinging, catcher Connor Wong to first baseman Triston Casas.","R","R","R","BOS","TB","S",2,,2,2,2024,"0.4","0.01","1.16","0.16",,,,0,4,"Top",,,,,,,4.792312607655193,-126.15229430162954,-7.111919841416732,3.4390392614072045,23.493682696931334,-30.936543011161003,"3.55","1.61",,,,"87.3",2514,"6.5",746901,657136,671213,687093,665839,686765,680776,678882,677800,"54",,0,"0",1,0,0,,27,5,"Slider",2,0,0,2,0,2,0,2,"Standard","Standard",107,"0.026","-0.203","37.6","7.7",,"0.203",,2,-2,"0.738","0.262",23,25,24,25,2,1,64,1,,,"3","-0.4","-0.4","39.7"
"SI","2024-09-29","95.4","-0.94","5.81","Priester, Quinn",666624,682990,,"ball",,,,,14,"Christopher Morel strikes out swinging, catcher Connor Wong to first baseman Triston Casas.","R","R","R","BOS","TB","B",,,1,2,2024,"-1.21","0.39","1.31","1.95",,,,0,4,"Top",,,,,,,8.621498694077003,-138.609040112058,-5.392036207596639,-17.5291295058938,29.939831826031817,-26.163730784044848,"3.57","1.51",,,,"95.4",2189,"6.3",746901,657136,671213,687093,665839,686765,680776,678882,677800,"54.18",,,,,,,,27,4,"Sinker",2,0,0,2,0,2,0,2,"Standard","Standard",218,"0","0.036",,,,"-0.036",,2,-2,"0.738","0.262",23,25,24,25,2,1,64,1,,,"2.12","1.21","1.21","40.0"
"SL","2024-09-29","87","-1","5.87","Priester, Quinn",666624,682990,,"ball",,,,,14,"Christopher Morel strikes out swinging, catcher Connor Wong to first baseman Triston Casas.","R","R","R","BOS","TB","B",,,0,2,2024,"0.36","0","2.13","0.66",,,,0,4,"Top",,,,,,,6.796153765637116,-126.52268458375377,-6.397705098418246,2.6414235672970556,23.156073955267836,-31.134673770182562,"3.49","1.52",,,,"87.6",2642,"6.5",746901,657136,671213,687093,665839,686765,680776,678882,677800,"54.04",,,,,,,,27,3,"Slider",2,0,0,2,0,2,0,2,"Standard","Standard",88,"0","0.021",,,,"-0.021",,2,-2,"0.738","0.262",23,25,24,25,2,1,64,1,,,"2.99","-0.36","-0.36","46.3"
"SI","2024-09-29","94.3","-1.21","5.7","Priester, Quinn",666624,682990,,"foul",,,,,7,"Christopher Morel strikes out swinging, catcher Connor Wong to first baseman Triston Casas.","R","R","R","BOS","TB","S",,,0,1,2024,"-1.28","0.41","-0.28","1.75",,,,0,4,"Top",,,,,,,5.295052668222025,-137.18072414388203,-5.497194444605088,-17.355679887870533,30.710574962455844,-25.951711415594886,"3.55","1.61",1,"72.2",-54,"94.9",2074,"6.7",746901,657136,671213,687093,665839,686765,680776,678882,677800,"53.85",,,,,,,,27,2,"Sinker",2,0,0,2,0,2,0,2,"Standard","Standard",223,"0","-0.049","73.2","7.5",,"0.049","88.0",2,-2,"0.738","0.262",23,25,24,25,2,1,64,1,,,"2.16","1.28","1.28","39.4"
"SL","2024-09-29","87.5","-1.22","5.9","Priester, Quinn",666624,682990,,"called_strike",,,,,6,"Christopher Morel strikes out swinging, catcher Connor Wong to first baseman Triston Casas.","R","R","R","BOS","TB","S",,,0,0,2024,"0.43","0","0.31","2.17",,,,0,4,"Top",,,,,,,2.8159838304449742,-127.44239648031088,-2.878393265053898,4.10382900468026,25.651930240917242,-31.852238308418567,"3.44","1.5",,,,"87.8",2450,"6.4",746901,657136,671213,687093,665839,686765,680776,678882,677800,"54.15",,,,,,,,27,1,"Slider",2,0,0,2,0,2,0,2,"Standard","Standard",155,"0","-0.033",,,,"0.033",,2,-2,"0.738","0.262",23,25,24,25,2,1,64,1,,,"2.97","-0.43","-0.43","42.8"
"CU","2024-09-29","81.2","-1.02","6.05","Priester, Quinn",666018,682990,"field_out","hit_into_play",,,,,5,"Jonathan Aranda grounds out, first baseman Triston Casas to pitcher Quinn Priester.","R","L","R","BOS","TB","X",3,"ground_ball",1,1,2024,"0.71","-0.9","0.26","2.1",,,,2,3,"Top",152.12,158.29,,,,,1.5055610783599866,-118.31131082606467,-0.5513162906274663,6.393936857706411,22.050017790707464,-40.70690164718854,"3.22","1.5",7,"78.4",-17,"81.3",2828,"6.2",746901,657136,671213,687093,665839,686765,680776,678882,677800,"54.26",0.049,0.048,"0",1,0,0,2,20,3,"Curveball",0,0,0,0,0,0,0,0,"Infield shade","Standard",48,"0.011","-0.094","67.5","7.1",0.049,"0.094","88.0",0,0,"0.543","0.457",23,26,24,26,2,1,64,1,,,"4.34","-0.71","0.71","46.7"
"CH","2024-09-29","90.5","-0.97","5.81","Priester, Quinn",666018,682990,,"called_strike",,,,,9,"Jonathan Aranda grounds out, first baseman Triston Casas to pitcher Quinn Priester.","R","L","R","BOS","TB","S",,,1,0,2024,"-1.36","0.51","0.77","1.61",,,,2,3,"Top",,,,,,,7.254290718209154,-131.5200482284614,-5.636230460901372,-17.316379511298816,27.56607638017225,-25.285163482394722,"3.13","1.4",,,,"90.8",1479,"6.5",746901,657136,671213,687093,665839,686765,680776,678882,677800,"53.98",,,,,,,,20,2,"Changeup",0,0,0,0,0,0,0,0,"Standard","Standard",243,"0","-0.02",,,,"0.02",,0,0,"0.543","0.457",23,26,24,26,2,1,64,1,,,"2.28","1.36","-1.36","47.0"
"CH","2024-09-29","89.9","-0.97","5.79","Priester, Quinn",666018,682990,,"ball",,,,,13,"Jonathan Aranda grounds out, first baseman Triston Casas to pitcher Quinn Priester.","R","L","R","BOS","TB","B",,,0,0,2024,"-1.36","0.34","-1.08","2.2",,,,2,3,"Top",,,,,,,2.6266674142081348,-130.86424081746765,-3.636666236991997,-16.166320467511664,27.807181258361194,-27.73534318783182,"3.13","1.43",,,,"90.4",1438,"6.6",746901,657136,671213,687093,665839,686765,680776,678882,677800,"53.92",,,,,,,,20,1,"Changeup",0,0,0,0,0,0,0,0,"Standard","Standard",247,"0","0.015",,,,"-0.015",,0,0,"0.543","0.457",23,26,24,26,2,1,64,1,,,"2.48","1.36","-1.36","38.9"
"SL","2024-09-29","85.4","-1.1","5.93","Priester, Quinn",691406,682990,"field_out","hit_into_play",,,,,14,"Junior Caminero grounds out, shortstop Nick Sogard to first baseman Triston Casas.","R","R","R","BOS","TB","X",6,"ground_ball",1,2,2024,"0.3","-0.03","0.87","2.32",,,,1,3,"Top",112.63,145.69,,,,,4.052967200147601,-124.37700985891414,-2.2005947447988676,2.3678306158155293,22.687226664878377,-32.28892575386661,"3.54","1.63",17,"96.4",-7,"85.8",2605,"6.3",746901,657136,671213,687093,665839,686765,680776,678882,677800,"54.23",0.214,0.202,"0",1,0,0,2,19,5,"Slider",0,0,0,0,0,0,0,0,"Standard","Standard",82,"0.018","-0.115","73.7","8.6",0.237,"0.115","96.4",0,0,"0.525","0.475",23,20,24,21,2,1,64,1,,,"3.13","-0.3","-0.3","43.6"
"SI","2024-09-29","95.5","-0.84","5.71","Priester, Quinn",691406,682990,,"ball",,,,,12,"Junior Caminero grounds out, shortstop Nick Sogard to first baseman Triston Casas.","R","R","R","BOS","TB","B",,,0,2,2024,"-1.27","0.49","1.71","2.67",,,,1,3,"Top",,,,,,,9.595317871198649,-138.8305183213035,-3.4924562908951176,-18.515193985116497,29.55725508127703,-25.22547633524157,"3.58","1.52",,,,"95.8",2172,"6.4",746901,657136,671213,687093,665839,686765,680776,678882,677800,"54.1",,,,,,,,19,4,"Sinker",0,0,0,0,0,0,0,0,"Standard","Standard",222,"0","0.013",,,,"-0.013",,0,0,"0.525","0.475",23,20,24,21,2,1,64,1,,,"2","1.27","1.27","39.5"
"CU","2024-09-29","80.6","-0.9","6.03","Priester, Quinn",691406,682990,,"foul",,,,,14,"Junior Caminero grounds out, shortstop Nick Sogard to first baseman Triston Casas.","R","R","R","BOS","TB","S",,,0,2,2024,"0.85","-0.84","1.03","1.09",,,,1,3,"Top",,,,,,,2.6848755933662045,-117.40955657443833,-2.704938685001709,7.263592525874753,23.46409222258873,-39.58996178504144,"3.54","1.63",,,,"80.7",2769,"6.4",746901,657136,671213,687093,665839,686765,680776,678882,677800,"54.11",,,,,,,,19,3,"Curveball",0,0,0,0,0,0,0,0,"Standard","Standard",50,"0","0","67.8","8.8",,"0",,0,0,"0.525","0.475",23,20,24,21,2,1,64,1,,,"4.36","-0.85","-0.85","48.9"
"SL","2024-09-29","84.7","-1.06","5.92","Priester, Quinn",691406,682990,,"called_strike",,,,,14,"Junior Caminero grounds out, shortstop Nick Sogard to first baseman Triston Casas.","R","R","R","BOS","TB","S",,,0,1,2024,"0.56","-0.38","0.85","2.29",,,,1,3,"Top",,,,,,,3.3645285672603578,-123.42539832297705,-1.3786919495763603,5.036934931060807,24.697915867354116,-35.994637211720104,"3.68","1.65",,,,"84.9",2603,"6.4",746901,657136,671213,687093,665839,686765,680776,678882,677800,"54.14",,,,,,,,19,2,"Slider",0,0,0,0,0,0,0,0,"Standard","Standard",80,"0","-0.036",,,,"0.036",,0,0,"0.525","0.475",23,20,24,21,2,1,64,1,,,"3.55","-0.56","-0.56","44.3"
"SL","2024-09-29","85.3","-1.37","5.88","Priester, Quinn",691406,682990,,"called_strike",,,,,12,"Junior Caminero grounds out, shortstop Nick Sogard to first baseman Triston Casas.","R","R","R","BOS","TB","S",,,0,0,2024,"0.53","-0.29","0.91","3.13",,,,1,3,"Top",,,,,,,4.292644741943773,-124.2165415582888,0.4079963299669749,4.685669121815407,24.70094856640918,-35.47824389838133,"3.44","1.64",,,,"85.3",2570,"6.3",746901,657136,671213,687093,665839,686765,680776,678882,677800,"54.25",,,,,,,,19,1,"Slider",0,0,0,0,0,0,0,0,"Standard","Standard",88,"0","-0.023",,,,"0.023",,0,0,"0.525","0.475",23,20,24,21,2,1,64,1,,,"3.42","-0.53","-0.53","41.2"
"CH","2024-09-29","90.6","-1.04","5.81","Priester, Quinn",680700,682990,"field_out","hit_into_play",,,,,7,"Richie Palacios grounds out to pitcher Quinn Priester.","R","L","R","BOS","TB","X",1,"ground_ball",3,2,2024,"-1.42","0.48","-0.58","1.84",,,,0,3,"Top",139.47,185.62,,,,,4.196824967759143,-131.77542192217032,-4.989478187469095,-17.366473561735724,29.621421558828043,-25.694093449044704,"3.33","1.57",2,"67.7",-50,"90.6",1530,"6.4",746901,657136,671213,687093,665839,686765,680776,678882,677800,"54.06",0.22,0.25,"0",1,0,0,2,18,7,"Changeup",0,0,0,0,0,0,0,0,"Infield shade","Standard",250,"0.025","-0.299","68.9","7.3",0.22,"0.299","88.0",0,0,"0.5","0.5",23,27,24,27,2,1,64,2,,,"2.31","1.42","-1.42","40.1"
"FF","2024-09-29","92.5","-1.17","5.83","Priester, Quinn",680700,682990,,"foul",,,,,12,"Richie Palacios grounds out to pitcher Quinn Priester.","R","L","R","BOS","TB","S",,,3,2,2024,"0.17","1.14","1.37","2.71",,,,0,3,"Top",,,,,,,6.129093222590169,-134.59126431824853,-4.699419594370062,0.8441628623105774,27.07594002582243,-17.438930790390344,"3.33","1.57",16,"92.8",-9,"93",2407,"6.4",746901,657136,671213,687093,665839,686765,680776,678882,677800,"54.09",,,,,,,,18,6,"4-Seam Fastball",0,0,0,0,0,0,0,0,"Infield shade","Standard",202,"0","0","72.3","7.0",,"0","92.8",0,0,"0.5","0.5",23,27,24,27,2,1,64,2,,,"1.51","-0.17","0.17","42.1"
"SI","2024-09-29","94","-1.14","5.79","Priester, Quinn",680700,682990,,"called_strike",,,,,8,"Richie Palacios grounds out to pitcher Quinn Priester.","R","L","R","BOS","TB","S",,,3,1,2024,"-1.32","0.35","0.18","1.58",,,,0,3,"Top",,,,,,,6.338536841429567,-136.7284334694527,-6.006353677465075,-17.907382695649186,28.958984333054634,-26.6892173857516,"3.3","1.58",,,,"94.2",2078,"6.3",746901,657136,671213,687093,665839,686765,680776,678882,677800,"54.15",,,,,,,,18,5,"Sinker",0,0,0,0,0,0,0,0,"Infield shade","Standard",227,"0","-0.076",,,,"0.076",,0,0,"0.5","0.5",23,27,24,27,2,1,64,2,,,"2.22","1.32","-1.32","39.9"
"CH","2024-09-29","90.1","-1.05","5.87","Priester, Quinn",680700,682990,,"ball",,,,,11,"Richie Palacios grounds out to pitcher Quinn Priester.","R","L","R","BOS","TB","B",,,2,1,2024,"-1.29","0.25","-1.22","3.7",,,,0,3,"Top",,,,,,,2.3413047319262827,-131.24962662979124,-0.011945029145431718,-15.483532998886032,26.038823015398513,-29.41498416804836,"3.27","1.55",,,,"90.5",1502,"6.3",746901,657136,671213,687093,665839,686765,680776,678882,677800,"54.18",,,,,,,,18,4,"Changeup",0,0,0,0,0,0,0,0,"Standard","Standard",245,"0","0.11",,,,"-0.11",,0,0,"0.5","0.5",23,27,24,27,2,1,64,2,,,"2.53","1.29","-1.29","41.1"
"CH","2024-09-29","89.7","-1.14","5.78","Priester, Quinn",680700,682990,,"foul",,,,,6,"Richie Palacios grounds out to pitcher Quinn Priester.","R","L","R","BOS","TB","S",,,2,0,2024,"-1.24","0.48","0.59","2.16",,,,0,3,"Top",,,,,,,6.913560652900792,-130.42872565291023,-4.01720359620656,-15.597603604792651,26.747267800273526,-25.99937729992699,"3.33","1.57",6,"74.3",-21,"90.2",1391,"6.6",746901,657136,671213,687093,665839,686765,680776,678882,677800,"53.93",,,,,,,,18,3,"Changeup",0,0,0,0,0,0,0,0,"Standard","Standard",248,"0","-0.058","72.6","8.0",,"0.058","88.0",0,0,"0.5","0.5",23,27,24,27,2,1,64,2,,,"2.35","1.24","-1.24","37.7"
"SL","2024-09-29","86.6","-1.24","5.89","Priester, Quinn",680700,682990,,"ball",,,,,14,"Richie Palacios grounds out to pitcher Quinn Priester.","R","L","R","BOS","TB","B",,,1,0,2024,"0.46","-0.19","1.01","1.03",,,,0,3,"Top",,,,,,,4.452526615730472,-126.13481582992014,-5.07564260917079,4.038838156556895,24.51312739426932,-33.38741295012709,"3.21","1.56",,,,"86.9",2520,"6.3",746901,657136,671213,687093,665839,686765,680776,678882,677800,"54.18",,,,,,,,18,2,"Slider",0,0,0,0,0,0,0,0,"Standard","Standard",99,"0","0.062",,,,"-0.062",,0,0,"0.5","0.5",23,27,24,27,2,1,64,2,,,"3.21","-0.46","0.46","42.4"
"CH","2024-09-29","88.2","-0.97","5.93","Priester, Quinn",680700,682990,,"ball",,,,,11,"Richie Palacios grounds out to pitcher Quinn Priester.","R","L","R","BOS","TB","B",,,0,0,2024,"-1.1","0.28","-1.23","3.56",,,,0,3,"Top",,,,,,,1.676454668731365,-128.40428718444824,-0.2688736019647102,-12.508133358653138,27.20820039357312,-29.18945336346318,"3.24","1.48",,,,"88.2",1502,"6.3",746901,657136,671213,687093,665839,686765,680776,678882,677800,"54.21",,,,,,,,18,1,"Changeup",0,0,0,0,0,0,0,0,"Standard","Standard",241,"0","0.034",,,,"-0.034",,0,0,"0.5","0.5",23,27,24,27,2,1,64,2,,,"2.65","1.1","-1.1","41.8"
"CH","2024-09-29","89.5","-1.04","5.8","Priester, Quinn",686482,682990,"force_out","hit_into_play",,,,,4,"Logan Driscoll grounds into a force out, second baseman Vaughn Grissom to shortstop Nick Sogard.   José Caballero out at 2nd.","R","L","R","BOS","TB","X",4,"ground_ball",1,2,2024,"-1.24","0.14","-0.36","2.63",,666185,676609,2,2,"Top",148.58,143.62,,,,,4.286707087006386,-130.3275298143166,-2.125053302774597,-14.984191585366466,27.322747916153737,-30.354143001986106,"3.32","1.51",9,"97.9",-16,"89.6",1307,"6.3",746901,657136,671213,687093,665839,686765,680776,678882,677800,"54.17",0.203,0.155,"0",1,0,0,2,12,4,"Changeup",0,0,0,0,0,0,0,0,"Standard","Standard",246,"0.045","-0.301","70.5","7.2",0.211,"0.301","97.9",0,0,"0.505","0.495",23,26,24,27,1,0,64,2,,,"2.7","1.24","-1.24","40.2"
"CH","2024-09-29","91.1","-1.05","5.84","Priester, Quinn",686482,682990,,"foul",,,,,1,"Logan Driscoll grounds into a force out, second baseman Vaughn Grissom to shortstop Nick Sogard.   José Caballero out at 2nd.","R","L","R","BOS","TB","S",,,1,1,2024,"-1.15","0.5","-0.57","3.28",,666185,676609,2,2,"Top",,,,,,,3.6683537921117035,-132.63545232135803,-1.614584785436374,-14.345544656762698,28.297086209657287,-26.1804902821014,"3.32","1.51",193,"85.1",63,"91.3",1518,"6.3",746901,657136,671213,687093,665839,686765,680776,678882,677800,"54.15",,,,,,,,12,3,"Changeup",0,0,0,0,0,0,0,0,"Standard","Standard",238,"0","-0.121","64.4","7.2",,"0.121","88.0",0,0,"0.505","0.495",23,26,24,27,1,0,64,2,,,"2.25","1.15","-1.15","43.6"
"CH","2024-09-29","90.3","-1.19","5.8","Priester, Quinn",686482,682990,,"swinging_strike",,,,,11,"Logan Driscoll grounds into a force out, second baseman Vaughn Grissom to shortstop Nick Sogard.   José Caballero out at 2nd.","R","L","R","BOS","TB","S",,,1,0,2024,"-1.22","0.24","-1.18","2.44",,666185,676609,2,2,"Top",,,,,,,2.6453672053644612,-131.5306374026161,-2.959161083263753,-14.796851141624972,26.795549124442847,-29.007501031015206,"3.32","1.51",,,,"90.7",1449,"6.4",746901,657136,671213,687093,665839,686765,680776,678882,677800,"54.1",,,,,,,,12,2,"Changeup",0,0,0,0,0,0,0,0,"Standard","Standard",246,"0","-0.066","70.7","7.7",,"0.066",,0,0,"0.505","0.495",23,26,24,27,1,0,64,2,,,"2.54","1.22","-1.22","38.2"
"CU","2024-09-29","82","-0.95","6.09","Priester, Quinn",686482,682990,,"ball",,,,,14,"Logan Driscoll grounds into a force out, second baseman Vaughn Grissom to shortstop Nick Sogard.   José Caballero out at 2nd.","R","L","R","BOS","TB","B",,,0,0,2024,"0.46","-0.82","1.41","1.35",,666185,676609,2,2,"Top",,,,,,,4.440695188898785,-119.51270363962466,-2.6570606615499406,3.6371829031278757,20.85417747309172,-39.81728845967132,"3.3","1.39",,,,"82.3",2816,"6.2",746901,657136,671213,687093,665839,686765,680776,678882,677800,"54.3",,,,,,,,12,1,"Curveball",0,0,0,0,0,0,0,0,"Standard","Standard",48,"0","0.042",,,,"-0.042",,0,0,"0.505","0.495",23,26,24,27,1,0,64,2,,,"4.17","-0.46","0.46","50.7"
"SI","2024-09-29","96","-1.12","5.71","Priester, Quinn",676609,682990,"single","hit_into_play",,,,,2,"José Caballero singles on a line drive to right fielder Wilyer Abreu.   Dylan Carlson to 2nd.","R","R","R","BOS","TB","X",9,"line_drive",0,1,2024,"-1.2","0.38","0.08","2.74",,,666185,2,2,"Top",155.68,109.79,,,,,5.896930483561794,-139.62693426277232,-3.1164566648249887,-17.05918232190379,31.898948454953626,-26.656491279607813,"3.05","1.39",143,"95.1",8,"95.9",2076,"6.3",746901,657136,671213,687093,665839,686765,680776,678882,677800,"54.22",0.597,0.546,"0.9",1,1,0,4,11,2,"Sinker",0,0,0,0,0,0,0,0,"Standard","Standard",223,"-0.021","0.34","68.5","5.9",0.66,"-0.34","95.1",0,0,"0.526","0.474",23,27,24,28,1,0,64,2,,,"2.1","1.2","1.2","39.1"
"SI","2024-09-29","94.6","-1.15","5.8","Priester, Quinn",676609,682990,,"foul",,,,,8,"José Caballero singles on a line drive to right fielder Wilyer Abreu.   Dylan Carlson to 2nd.","R","R","R","BOS","TB","S",,,0,0,2024,"-1.31","0.25","0.2","1.88",,,666185,2,2,"Top",,,,,,,6.434815638527971,-137.55522278280137,-5.063163281193597,-18.030526361148226,32.419016327470054,-27.981032705309325,"3.05","1.39",,,,"94.3",2001,"6.3",746901,657136,671213,687093,665839,686765,680776,678882,677800,"54.21",,,,,,,,11,1,"Sinker",0,0,0,0,0,0,0,0,"Standard","Standard",222,"0","-0.039","74.0","7.0",,"0.039",,0,0,"0.526","0.474",23,27,24,28,1,0,64,2,,,"2.31","1.31","1.31","39.6"
"FF","2024-09-29","93.5","-1.15","5.92","Priester, Quinn",666185,682990,"single","hit_into_play",,,,,6,"Dylan Carlson singles on a line drive to center fielder Ceddanne Rafaela.","R","L","R","BOS","TB","X",8,"line_drive",2,1,2024,"0.07","1.08","0.51","2.28",,,,2,2,"Top",135.42,84.38,,,,,4.148159145798478,-136.05394559081728,-6.020950296726525,-0.07764107762976755,30.292421650299836,-17.65509958127723,"3.45","1.63",260,"88.5",21,"93.7",2583,"6.4",746901,657136,671213,687093,665839,686765,680776,678882,677800,"54.08",0.309,0.295,"0.9",1,1,0,3,10,4,"4-Seam Fastball",0,0,0,0,0,0,0,0,"Infield shade","Standard",196,"-0.014","0.11","70.1","6.7",0.411,"-0.11","88.5",0,0,"0.54","0.46",23,25,24,26,1,0,64,3,,,"1.53","-0.07","0.07","41.6"
"SL","2024-09-29","87.4","-1.3","5.94","Priester, Quinn",666185,682990,,"ball",,,,,14,"Dylan Carlson singles on a line drive to center fielder Ceddanne Rafaela.","R","L","R","BOS","TB","B",,,1,1,2024,"0.41","0.16","0.35","1.36",,,,2,2,"Top",,,,,,,3.123802833132516,-127.14057096044006,-5.203082254780432,3.809506473912529,26.838492499999024,-29.592005496342086,"3.36","1.51",,,,"87.8",2640,"6.6",746901,657136,671213,687093,665839,686765,680776,678882,677800,"53.9",,,,,,,,10,3,"Slider",0,0,0,0,0,0,0,0,"Strategic","Standard",91,"0","0.023",,,,"-0.023",,0,0,"0.54","0.46",23,25,24,26,1,0,64,3,,,"2.84","-0.41","0.41","41.0"
"CH","2024-09-29","89.2","-1.07","5.92","Priester, Quinn",666185,682990,,"foul",,,,,13,"Dylan Carlson singles on a line drive to center fielder Ceddanne Rafaela.","R","L","R","BOS","TB","S",,,1,0,2024,"-1.24","0.05","-0.04","1.08",,,,2,2,"Top",,,,,,,5.141333365184941,-129.77674780186734,-5.965219988392624,-15.082824858057036,28.386226164726725,-30.55298419740367,"3.45","1.63",,,,"89.2",1462,"6.4",746901,657136,671213,687093,665839,686765,680776,678882,677800,"54.09",,,,,,,,10,2,"Changeup",0,0,0,0,0,0,0,0,"Standard","Standard",244,"0","-0.02","68.0","7.6",,"0.02",,0,0,"0.54","0.46",23,25,24,26,1,0,64,3,,,"2.83","1.24","-1.24","40.3"
"CH","2024-09-29","90.7","-1.01","5.93","Priester, Quinn",666185,682990,,"ball",,,,,11,"Dylan Carlson singles on a line drive to center fielder Ceddanne Rafaela.","R","L","R","BOS","TB","B",,,0,0,2024,"-1.35","0.28","-0.87","2.84",,,,2,2,"Top",,,,,,,3.247716428746868,-132.06724079276268,-2.358280771587463,-16.41772582525245,29.761070302938883,-28.64897995016629,"3.36","1.51",,,,"90.9",1477,"6.5",746901,657136,671213,687093,665839,686765,680776,678882,677800,"53.97",,,,,,,,10,1,"Changeup",0,0,0,0,0,0,0,0,"Standard","Standard",243,"0","0.015",,,,"-0.015",,0,0,"0.54","0.46",23,25,24,26,1,0,64,3,,,"2.5","1.35","-1.35","43.1"
"SL","2024-09-29","84.6","-1.17","5.96","Priester, Quinn",676356,682990,"field_out","hit_into_play",,,,,4,"Jonny DeLuca pops out softly to first baseman Triston Casas.","R","R","R","BOS","TB","X",3,"popup",2,2,2024,"0.33","-0.13","-0.75","2.31",,,,1,2,"Top",131.48,162.48,,,,,0.30679593555623136,-123.24975756738978,-1.9423338005919826,3.322762299472966,23.019409159729296,-33.34957916157794,"3.21","1.52",100,"47.9",49,"84.9",2568,"6.3",746901,657136,671213,687093,665839,686765,680776,678882,677800,"54.24",0.043,0.039,"0",1,0,0,1,9,6,"Slider",0,0,0,0,0,0,0,0,"Standard","Standard",84,"0.017","-0.142","67.9","6.9",0.043,"0.142","88.0",0,0,"0.523","0.477",23,25,24,26,1,0,64,2,,,"3.29","-0.33","-0.33","42.4"
"CU","2024-09-29","82.4","-1.13","6.03","Priester, Quinn",676356,682990,,"ball",,,,,14,"Jonny DeLuca pops out softly to first baseman Triston Casas.","R","R","R","BOS","TB","B",,,1,2,2024,"0.52","-0.85","0.85","1.25",,,,1,2,"Top",,,,,,,3.493244573518346,-120.0599193142447,-2.726291156509923,4.368745218835082,22.851507454790905,-40.079300237489264,"3.12","1.45",,,,"82.6",2855,"6.3",746901,657136,671213,687093,665839,686765,680776,678882,677800,"54.16",,,,,,,,9,5,"Curveball",0,0,0,0,0,0,0,0,"Standard","Standard",42,"0","0.027",,,,"-0.027",,0,0,"0.523","0.477",23,25,24,26,1,0,64,2,,,"4.19","-0.52","-0.52","48.0"
"SL","2024-09-29","85.6","-1.07","6.01","Priester, Quinn",676356,682990,,"foul",,,,,14,"Jonny DeLuca pops out softly to first baseman Triston Casas.","R","R","R","BOS","TB","S",,,1,2,2024,"0.34","-0.27","0.4","1.05",,,,1,2,"Top",,,,,,,2.800188978738522,-124.76254066636263,-4.973011174388112,3.046538829604769,22.692181210749528,-34.26262854479174,"3.21","1.52",3,"90.1",-20,"86.3",2582,"6.5",746901,657136,671213,687093,665839,686765,680776,678882,677800,"54.04",,,,,,,,9,4,"Slider",0,0,0,0,0,0,0,0,"Standard","Standard",67,"0","0","72.4","8.5",,"0","90.1",0,0,"0.523","0.477",23,25,24,26,1,0,64,2,,,"3.34","-0.34","-0.34","43.3"
"SL","2024-09-29","85.3","-1.35","5.91","Priester, Quinn",676356,682990,,"foul",,,,,14,"Jonny DeLuca pops out softly to first baseman Triston Casas.","R","R","R","BOS","TB","S",,,1,1,2024,"0.41","-0.1","1.38","1.97",,,,1,2,"Top",,,,,,,5.595133239801539,-124.20211577343777,-2.806302980452771,3.1699921267773825,23.421809529633332,-32.88688110493987,"3.21","1.52",6,"58.2",-20,"85.5",2619,"6.3",746901,657136,671213,687093,665839,686765,680776,678882,677800,"54.22",,,,,,,,9,3,"Slider",0,0,0,0,0,0,0,0,"Standard","Standard",91,"0","-0.039","65.8","8.8",,"0.039","88.0",0,0,"0.523","0.477",23,25,24,26,1,0,64,2,,,"3.21","-0.41","-0.41","40.1"
"SL","2024-09-29","85.9","-1.26","5.88","Priester, Quinn",676356,682990,,"called_strike",,,,,6,"Jonny DeLuca pops out softly to first baseman Triston Casas.","R","R","R","BOS","TB","S",,,1,0,2024,"0.48","-0.2","0.76","2.3",,,,1,2,"Top",,,,,,,3.788922917361901,-125.03481337447836,-1.8098508631114387,4.2689564399231275,25.298360621607568,-34.13582179212494,"3.02","1.39",,,,"85.9",2572,"6.3",746901,657136,671213,687093,665839,686765,680776,678882,677800,"54.24",,,,,,,,9,2,"Slider",0,0,0,0,0,0,0,0,"Standard","Standard",87,"0","-0.032",,,,"0.032",,0,0,"0.523","0.477",23,25,24,26,1,0,64,2,,,"3.29","-0.48","-0.48","42.1"
"SI","2024-09-29","94.6","-0.99","5.75","Priester, Quinn",676356,682990,,"ball",,,,,14,"Jonny DeLuca pops out softly to first baseman Triston Casas.","R","R","R","BOS","TB","B",,,0,0,2024,"-1.23","0.54","2.02","1.84",,,,1,2,"Top",,,,,,,10.561851810456549,-137.268266531409,-5.730459943017319,-17.83801874691378,29.32662439717265,-24.22774577278225,"2.88","1.21",,,,"94.6",2147,"6.4",746901,657136,671213,687093,665839,686765,680776,678882,677800,"54.11",,,,,,,,9,1,"Sinker",0,0,0,0,0,0,0,0,"Standard","Standard",217,"0","0.025",,,,"-0.025",,0,0,"0.523","0.477",23,25,24,26,1,0,64,2,,,"2.01","1.23","1.23","40.4"
"FF","2024-09-29","92.7","-1.19","5.85","Priester, Quinn",666139,682990,"field_out","hit_into_play",,,,,6,"Josh Lowe grounds out, first baseman Triston Casas to pitcher Quinn Priester.","R","L","R","BOS","TB","X",3,"ground_ball",1,1,2024,"0.07","0.79","0.51","2.81",,,,0,2,"Top",156.17,156.27,,,,,4.21344227844834,-134.92640411315355,-3.731021895180978,-0.09738259179950268,29.014233349453253,-21.889825673765962,"3.58","1.72",12,"84.6",-13,"92.8",2434,"6.3",746901,657136,671213,687093,665839,686765,680776,678882,677800,"54.21",0.066,0.081,"0",1,0,0,2,8,3,"4-Seam Fastball",0,0,0,0,0,0,0,0,"Standard","Standard",194,"0.023","-0.218","74.8","7.0",0.066,"0.218","88.0",0,0,"0.5","0.5",23,26,24,26,1,0,64,1,,,"1.86","-0.07","0.07","41.5"
"CH","2024-09-29","88.3","-1.02","5.83","Priester, Quinn",666139,682990,,"ball",,,,,4,"Josh Lowe grounds out, first baseman Triston Casas to pitcher Quinn Priester.","R","L","R","BOS","TB","B",,,0,1,2024,"-1.07","-0.09","-0.78","2.66",,,,0,2,"Top",,,,,,,2.809468516677226,-128.706273757968,-1.4787881163816485,-12.513889681669198,25.61089495226799,-33.05592921012613,"3.77","1.84",,,,"88.7",1457,"6.3",746901,657136,671213,687093,665839,686765,680776,678882,677800,"54.17",,,,,,,,8,2,"Changeup",0,0,0,0,0,0,0,0,"Standard","Standard",248,"0","0.023",,,,"-0.023",,0,0,"0.5","0.5",23,26,24,26,1,0,64,1,,,"2.99","1.07","-1.07","38.4"
"CU","2024-09-29","81.5","-1.13","6.12","Priester, Quinn",666139,682990,,"called_strike",,,,,6,"Josh Lowe grounds out, first baseman Triston Casas to pitcher Quinn Priester.","R","L","R","BOS","TB","S",,,0,0,2024,"0.48","-0.87","0.37","2.41",,,,0,2,"Top",,,,,,,2.4404044633717126,-118.7775643638199,-0.13502304637127827,4.121938700342472,21.55564047461446,-40.59118840753786,"3.45","1.59",,,,"81.6",2673,"6.1",746901,657136,671213,687093,665839,686765,680776,678882,677800,"54.37",,,,,,,,8,1,"Curveball",0,0,0,0,0,0,0,0,"Standard","Standard",50,"0","-0.033",,,,"0.033",,0,0,"0.5","0.5",23,26,24,26,1,0,64,1,,,"4.27","-0.48","0.48","45.4"
"SL","2024-09-29","84.8","-1.28","5.91","Priester, Quinn",666624,682990,"field_out","hit_into_play",,,,,9,"Christopher Morel flies out to center fielder Ceddanne Rafaela.","R","R","R","BOS","TB","X",8,"fly_ball",0,1,2024,"0.4","-0.27","0.43","2.08",680700,,,2,1,"Top",164.33,70.48,,,,,3.177889711957341,-123.650202319601,-2.161667735699532,3.6090413422143732,22.045155257070192,-34.80604449626527,"3.55","1.61",332,"95",30,"85.1",2627,"6.1",746901,657136,671213,687093,665839,686765,680776,678882,677800,"54.38",0.163,0.272,"0",1,0,0,5,4,2,"Slider",0,0,0,0,0,0,0,0,"Standard","Standard",71,"0.036","-0.281","72.4","7.7",0.51,"0.281","95.0",0,0,"0.511","0.489",23,25,24,25,1,0,64,1,,,"3.4","-0.4","-0.4","41.0"
"SL","2024-09-29","86.2","-1.21","5.95","Priester, Quinn",666624,682990,,"swinging_strike",,,,,14,"Christopher Morel flies out to center fielder Ceddanne Rafaela.","R","R","R","BOS","TB","S",,,0,0,2024,"0.62","-0.2","0.94","1.99",680700,,,2,1,"Top",,,,,,,3.840174441067776,-125.52411201804935,-2.8286600087239817,5.8604824450148225,23.388753387184927,-33.96690096282235,"3.55","1.61",,,,"86.4",2529,"6.2",746901,657136,671213,687093,665839,686765,680776,678882,677800,"54.28",,,,,,,,4,1,"Slider",0,0,0,0,0,0,0,0,"Infield shade","Standard",84,"0","-0.047","76.3","8.8",,"0.047",,0,0,"0.511","0.489",23,25,24,25,1,0,64,1,,,"3.24","-0.62","-0.62","42.6"
"FF","2024-09-29","93.6","-1.29","5.92","Priester, Quinn",666018,682990,"field_out","hit_into_play",,,,,6,"Jonathan Aranda grounds out to first baseman Triston Casas.   Richie Palacios to 3rd.","R","L","R","BOS","TB","X",3,"ground_ball",0,1,2024,"-0.01","0.79","0.67","2.36",,680700,,1,1,"Top",157.06,185.71,,,,,5.071757639769263,-136.2296475176691,-5.249906831786226,-1.1051331415202557,26.694960153791968,-21.381124046581444,"3.22","1.5",38,"88",-1,"94.1",2550,"6.3",746901,657136,671213,687093,665839,686765,680776,678882,677800,"54.16",0.269,0.222,"0",1,0,0,2,3,2,"4-Seam Fastball",0,0,0,0,0,0,0,0,"Standard","Standard",196,"0.03","-0.272","69.8","6.9",0.296,"0.272","88.0",0,0,"0.481","0.519",23,26,24,26,1,0,64,1,,,"1.79","0.01","-0.01","43.2"
"CU","2024-09-29","81.5","-1.13","6.08","Priester, Quinn",666018,682990,,"swinging_strike",,,,,13,"Jonathan Aranda grounds out to first baseman Triston Casas.   Richie Palacios to 3rd.","R","L","R","BOS","TB","S",,,0,0,2024,"0.44","-0.88","-0.92","1.54",,680700,,1,1,"Top",,,,,,,-0.3731598601143978,-118.78691992157378,-1.966793257107709,4.214109569241569,21.485450435434032,-40.36617639003577,"3.22","1.5",,,,"81.8",2717,"6.3",746901,657136,671213,687093,665839,686765,680776,678882,677800,"54.25",,,,,,,,3,1,"Curveball",0,0,0,0,0,0,0,0,"Standard","Standard",47,"0","-0.045","71.6","8.3",,"0.045",,0,0,"0.481","0.519",23,26,24,26,1,0,64,1,,,"4.28","-0.44","0.44","47.0"
"SI","2024-09-29","93.9","-1.1","5.89","Priester, Quinn",691406,682990,"field_out","hit_into_play",,,,,2,"Junior Caminero grounds out, shortstop Nick Sogard to first baseman Triston Casas.   Richie Palacios to 2nd.","R","R","R","BOS","TB","X",6,"ground_ball",3,2,2024,"-1.28","0.58","-0.25","2.98",,,680700,0,1,"Top",104.55,146.65,,,,,5.037363579829448,-136.63970055749195,-3.0749111591426677,-17.133503931463686,30.42868997037829,-24.433853562416402,"3.54","1.63",8,"91.2",-22,"93.9",2046,"6.3",746901,657136,671213,687093,665839,686765,680776,678882,677800,"54.21",0.086,0.072,"0",1,0,0,2,2,6,"Sinker",0,0,0,0,0,0,0,0,"Standard","Standard",216,"0.017","-0.686","84.5","8.5",0.09,"0.686","91.2",0,0,"0.464","0.536",23,20,24,21,1,0,64,1,,,"2.01","1.28","1.28","41.5"
"SI","2024-09-29","94.1","-1.15","5.82","Priester, Quinn",691406,682990,,"called_strike",,,,,9,"Junior Caminero grounds out, shortstop Nick Sogard to first baseman Triston Casas.   Richie Palacios to 2nd.","R","R","R","BOS","TB","S",,,3,1,2024,"-1.14","0.57","0.39","1.54",,,680700,0,1,"Top",,,,,,,6.5153150719419,-136.75806403221816,-6.680797227002204,-15.716430491951906,30.324248656597344,-23.66965435956384,"3.52","1.45",,,,"94.1",2118,"6.4",746901,657136,671213,687093,665839,686765,680776,678882,677800,"54.12",,,,,,,,2,5,"Sinker",0,0,0,0,0,0,0,0,"Standard","Standard",216,"0","-0.059",,,,"0.059",,0,0,"0.464","0.536",23,20,24,21,1,0,64,1,,,"2.01","1.14","1.14","40.9"
"SL","2024-09-29","88.2","-1.28","5.86","Priester, Quinn",691406,682990,,"ball",,,,,14,"Junior Caminero grounds out, shortstop Nick Sogard to first baseman Triston Casas.   Richie Palacios to 2nd.","R","R","R","BOS","TB","B",,,2,1,2024,"0.42","0.05","1.9","1.99",,,680700,0,1,"Top",,,,,,,6.866499882431719,-128.4020696663174,-3.4867035838013374,3.434502945350585,24.272845138447067,-31.111437894675472,"3.56","1.49",,,,"88.5",2474,"6.3",746901,657136,671213,687093,665839,686765,680776,678882,677800,"54.23",,,,,,,,2,4,"Slider",0,0,0,0,0,0,0,0,"Standard","Standard",107,"0","0.163",,,,"-0.163",,0,0,"0.464","0.536",23,20,24,21,1,0,64,1,,,"2.85","-0.42","-0.42","38.0"
"SL","2024-09-29","88.2","-1.18","5.79","Priester, Quinn",691406,682990,,"ball",,,,,14,"Junior Caminero grounds out, shortstop Nick Sogard to first baseman Triston Casas.   Richie Palacios to 2nd.","R","R","R","BOS","TB","B",,,1,1,2024,"0.45","0.07","1.37","2.01",,,680700,0,1,"Top",,,,,,,5.258996170043548,-128.47762352135933,-3.321103929987742,4.067675963820356,23.60464098019399,-30.96815449942959,"3.48","1.52",,,,"88.8",2507,"6.4",746901,657136,671213,687093,665839,686765,680776,678882,677800,"54.13",,,,,,,,2,3,"Slider",0,0,0,0,0,0,0,0,"Standard","Standard",122,"0","0.065",,,,"-0.065",,0,0,"0.464","0.536",23,20,24,21,1,0,64,1,,,"2.83","-0.45","-0.45","41.6"
"SI","2024-09-29","93.9","-1.09","5.88","Priester, Quinn",691406,682990,,"foul",,,,,5,"Junior Caminero grounds out, shortstop Nick Sogard to first baseman Triston Casas.   Richie Palacios to 2nd.","R","R","R","BOS","TB","S",,,1,0,2024,"-1.29","0.44","-0.1","2.32",,,680700,0,1,"Top",,,,,,,5.4165409067812735,-136.61024947253424,-4.492981115947389,-17.412454808206505,29.191677704695092,-25.8453655324714,"3.54","1.63",5,"77.2",-27,"94",1971,"6.3",746901,657136,671213,687093,665839,686765,680776,678882,677800,"54.23",,,,,,,,2,2,"Sinker",0,0,0,0,0,0,0,0,"Standard","Standard",213,"0","-0.074","78.3","8.0",,"0.074","88.0",0,0,"0.464","0.536",23,20,24,21,1,0,64,1,,,"2.14","1.29","1.29","41.4"
"SI","2024-09-29","94.2","-1.26","5.83","Priester, Quinn",691406,682990,,"ball",,,,,11,"Junior Caminero grounds out, shortstop Nick Sogard to first baseman Triston Casas.   Richie Palacios to 2nd.","R","R","R","BOS","TB","B",,,0,0,2024,"-1.26","0.35","-2.1","3.22",,,680700,0,1,"Top",,,,,,,0.6227664470584615,-137.28795850799557,-1.8483638979043326,-16.009665085198225,31.08932094890196,-27.601761893698377,"3.7","1.59",,,,"94.1",2037,"6.2",746901,657136,671213,687093,665839,686765,680776,678882,677800,"54.3",,,,,,,,2,1,"Sinker",0,0,0,0,0,0,0,0,"Standard","Standard",218,"0","0.062",,,,"-0.062",,0,0,"0.464","0.536",23,20,24,21,1,0,64,1,,,"2.22","1.26","1.26","38.8"
"FF","2024-09-29","92.7","-1.24","5.92","Priester, Quinn",680700,682990,"hit_by_pitch","hit_by_pitch",,,,,14,"Richie Palacios hit by pitch.","R","L","R","BOS","TB","B",,,1,1,2024,"0.16","0.81","2.56","2.17",,,,0,1,"Top",,,,,,,9.387404026860834,-134.7936183485579,-5.627663007550163,0.07362187219208682,26.90666985877619,-21.21850617131539,"3.33","1.57",,,,"93.3",2395,"6.5",746901,657136,671213,687093,665839,686765,680776,678882,677800,"54.03",,0.720192,"0.7",1,0,0,,1,3,"4-Seam Fastball",0,0,0,0,0,0,0,0,"Standard","Standard",189,"-0.036","0.415",,,,"-0.415",,0,0,"0.5","0.5",23,27,24,27,1,0,64,2,,,"1.83","-0.16","0.16","42.0"
"FF","2024-09-29","92.7","-1.24","5.98","Priester, Quinn",680700,682990,,"foul",,,,,2,"Richie Palacios hit by pitch.","R","L","R","BOS","TB","S",,,1,0,2024,"0.12","0.87","0.21","2.81",,,,0,1,"Top",,,,,,,3.4550847811191314,-135.01034359399648,-4.225117551964127,0.6989935511786514,28.325930195413935,-20.805511040247914,"3.33","1.57",160,"66.6",57,"92.9",2461,"6.3",746901,657136,671213,687093,665839,686765,680776,678882,677800,"54.23",,,,,,,,1,2,"4-Seam Fastball",0,0,0,0,0,0,0,0,"Standard","Standard",197,"0","-0.044","69.7","6.7",,"0.044","88.0",0,0,"0.5","0.5",23,27,24,27,1,0,64,2,,,"1.77","-0.12","0.12","40.1"
"SI","2024-09-29","94.2","-1.3","5.77","Priester, Quinn",680700,682990,,"ball",,,,,14,"Richie Palacios hit by pitch.","R","L","R","BOS","TB","B",,,0,0,2024,"-1.18","0.6","0.89","1.65",,,,0,1,"Top",,,,,,,8.310471843400645,-136.9277868499493,-6.3394883121613255,-16.687786811982882,30.06324568484832,-23.374499517382105,"3.26","1.51",,,,"94.3",2076,"6.4",746901,657136,671213,687093,665839,686765,680776,678882,677800,"54.13",,,,,,,,1,1,"Sinker",0,0,0,0,0,0,0,0,"Standard","Standard",224,"0","0.034",,,,"-0.034",,0,0,"0.5","0.5",23,27,24,27,1,0,64,2,,,"1.97","1.18","-1.18","36.3"