﻿"pitch_type","game_date","release_speed","release_pos_x","release_pos_z","player_name","batter","pitcher","events","description","spin_dir","spin_rate_deprecated","break_angle_deprecated","break_length_deprecated","zone","des","game_type","stand","p_throws","home_team","away_team","type","hit_location","bb_type","balls","strikes","game_year","pfx_x","pfx_z","plate_x","plate_z","on_3b","on_2b","on_1b","outs_when_up","inning","inning_topbot","hc_x","hc_y","tfs_deprecated","tfs_zulu_deprecated","umpire","sv_id","vx0","vy0","vz0","ax","ay","az","sz_top","sz_bot","hit_distance_sc","launch_speed","launch_angle","effective_speed","release_spin_rate","release_extension","game_pk","fielder_2","fielder_3","fielder_4","fielder_5","fielder_6","fielder_7","fielder_8","fielder_9","release_pos_y","estimated_ba_using_speedangle","estimated_woba_using_speedangle","woba_value","woba_denom","babip_value","iso_value","launch_speed_angle","at_bat_number","pitch_number","pitch_name","home_score","away_score","bat_score","fld_score","post_away_score","post_home_score","post_bat_score","post_fld_score","if_fielding_alignment","of_fielding_alignment","spin_axis","delta_home_win_exp","delta_run_exp","bat_speed","swing_length","estimated_slg_using_speedangle","delta_pitcher_run_exp","hyper_speed","home_score_diff","bat_score_diff","home_win_exp","bat_win_exp","age_pit_legacy","age_bat_legacy","age_pit","age_bat","n_thruorder_pitcher","n_priorpa_thisgame_player_at_bat","pitcher_days_since_prev_game","batter_days_since_prev_game","pitcher_days_until_next_game","batter_days_until_next_game","api_break_z_with_gravity","api_break_x_arm","api_break_x_batter_in","arm_angle"
"FF","2024-09-27","94.7","1.92","6.41","Penrod, Zach",666624,683068,"walk","ball",,,,,14,"Christopher Morel walks.   Josh Lowe scores.    Richie Palacios to 3rd.    José Caballero to 2nd.","R","R","L","BOS","TB","B",,,3,2,2024,"0.63","1.64","1.09","2.5",666139,680700,676609,2,7,"Top",,,,,,,-3.597985242871104,-137.65951408619222,-8.179795669475606,8.86047848621369,32.64778322787638,-9.727193130012283,"3.51","1.51",,,,"94.9",2400,"6.6",746904,657136,671213,687093,686765,596115,680776,678882,677800,"53.9",,0.689131,"0.7",1,0,0,,49,6,"4-Seam Fastball",0,1,1,0,2,0,2,0,"Infield shade","Standard",151,"-0.116","0.73",,,,"-0.73",,-1,1,"0.279","0.721",27,25,27,25,1,0,3,1,,1,"0.92","0.63","-0.63","52.4"
"FF","2024-09-27","94","1.95","6.42","Penrod, Zach",666624,683068,,"swinging_strike",,,,,5,"Christopher Morel walks.   Josh Lowe scores.    Richie Palacios to 3rd.    José Caballero to 2nd.","R","R","L","BOS","TB","S",,,3,1,2024,"0.48","1.68","0.12","2.9",666139,680700,676609,2,7,"Top",,,,,,,-5.849519925015931,-136.6673849576219,-7.163348191601401,7.362570848978972,30.39912551858632,-9.754848860294803,"3.56","1.62",,,,"94.4",2335,"6.6",746904,657136,671213,687093,686765,596115,680776,678882,677800,"53.91",,,,,,,,49,5,"4-Seam Fastball",0,1,1,0,1,0,1,0,"Infield shade","Standard",153,"0","-0.202","77.2","7.6",,"0.202",,-1,1,"0.279","0.721",27,25,27,25,1,0,3,1,,1,"0.91","0.48","-0.48","53.2"
"CH","2024-09-27","86.2","2.14","6.14","Penrod, Zach",666624,683068,,"ball",,,,,13,"Christopher Morel walks.   Josh Lowe scores.    Richie Palacios to 3rd.    José Caballero to 2nd.","R","R","L","BOS","TB","B",,,2,1,2024,"1.2","0.48","-0.69","1.49",666139,680700,676609,2,7,"Top",,,,,,,-9.22681787260811,-125.06598938880325,-5.793362455669641,14.433044009487825,24.8698198444897,-26.13823372901101,"3.53","1.66",,,,"86.8",1688,"6.8",746904,657136,671213,687093,686765,596115,680776,678882,677800,"53.69",,,,,,,,49,4,"Changeup",0,1,1,0,1,0,1,0,"Infield shade","Standard",123,"0","0.358",,,,"-0.358",,-1,1,"0.279","0.721",27,25,27,25,1,0,3,1,,1,"2.6","1.2","-1.2","51.0"
"FF","2024-09-27","95.7","1.95","6.4","Penrod, Zach",666624,683068,,"ball",,,,,12,"Christopher Morel walks.   Josh Lowe scores.    Richie Palacios to 3rd.    José Caballero to 2nd.","R","R","L","BOS","TB","B",,,1,1,2024,"0.58","1.67","1.22","3.15",666139,680700,676609,2,7,"Top",,,,,,,-3.2333955489251647,-139.28032517933187,-6.7581392702660175,8.23326752575749,32.18729963795111,-9.098262095385136,"3.56","1.48",,,,"96.1",2438,"6.6",746904,657136,671213,687093,686765,596115,680776,678882,677800,"53.95",,,,,,,,49,3,"4-Seam Fastball",0,1,1,0,1,0,1,0,"Infield shade","Standard",151,"0","0.151",,,,"-0.151",,-1,1,"0.279","0.721",27,25,27,25,1,0,3,1,,1,"0.82","0.58","-0.58","50.3"
"CH","2024-09-27","88.5","2.02","6.19","Penrod, Zach",666624,683068,,"ball",,,,,12,"Christopher Morel walks.   Josh Lowe scores.    Richie Palacios to 3rd.    José Caballero to 2nd.","R","R","L","BOS","TB","B",,,0,1,2024,"1.14","0.7","1.07","2.88",666139,680700,676609,2,7,"Top",,,,,,,-4.735334309181976,-128.7447767319775,-3.468771425808162,13.715897482275519,27.227385387092976,-23.849672333997976,"3.54","1.54",,,,"89",1791,"6.6",746904,657136,671213,687093,686765,596115,680776,678882,677800,"53.85",,,,,,,,49,2,"Changeup",0,1,1,0,1,0,1,0,"Infield shade","Standard",114,"0","0.092",,,,"-0.092",,-1,1,"0.279","0.721",27,25,27,25,1,0,3,1,,1,"2.21","1.14","-1.14","44.8"
"CH","2024-09-27","86.9","2.2","6.12","Penrod, Zach",666624,683068,,"called_strike",,,,,14,"Christopher Morel walks.   Josh Lowe scores.    Richie Palacios to 3rd.    José Caballero to 2nd.","R","R","L","BOS","TB","S",,,0,0,2024,"1.24","0.62","1.02","1.75",666139,680700,676609,2,7,"Top",,,,,,,-5.431350568784644,-126.4297050474324,-5.5819226919019655,14.361062004760445,26.19192647107483,-24.591062758928807,"3.61","1.64",,,,"87.7",1724,"6.8",746904,657136,671213,687093,686765,596115,680776,678882,677800,"53.68",,,,,,,,49,1,"Changeup",0,1,1,0,1,0,1,0,"Infield shade","Standard",119,"0","-0.129",,,,"0.129",,-1,1,"0.279","0.721",27,25,27,25,1,0,3,1,,1,"2.41","1.24","-1.24","47.8"
"FF","2024-09-27","94.1","1.95","6.22","Penrod, Zach",676609,683068,"hit_by_pitch","hit_by_pitch",,,,,13,"José Caballero hit by pitch.    Josh Lowe to 3rd.    Richie Palacios to 2nd.","R","R","L","BOS","TB","B",,,3,2,2024,"0.24","1.49","-2.88","-1.04",,666139,680700,2,7,"Top",,,,,,,-13.061474526006196,-135.55950762699058,-16.41111548007011,5.687416336777979,27.79617582809692,-10.245759566505518,"3.08","1.41",,,,"94.4",2344,"6.9",746904,657136,671213,687093,686765,596115,680776,678882,677800,"53.65",,0.720192,"0.7",1,0,0,,48,6,"4-Seam Fastball",0,1,1,0,1,0,1,0,"Standard","Standard",146,"-0.028","0.344",,,,"-0.344",,-1,1,"0.307","0.693",27,27,27,28,1,2,3,2,,2,"1.13","0.24","-0.24","49.5"
"FF","2024-09-27","93.9","1.9","6.28","Penrod, Zach",676609,683068,,"foul",,,,,7,"José Caballero hit by pitch.    Josh Lowe to 3rd.    Richie Palacios to 2nd.","R","R","L","BOS","TB","S",,,3,1,2024,"0.24","1.54","-0.65","1.8",,666139,680700,2,7,"Top",,,,,,,-7.142462795589862,-136.29148944709047,-9.2543350135856,4.557797409441771,31.131950687804476,-11.11954165630189,"3.08","1.41",2,"70.6",-41,"94",2230,"6.6",746904,657136,671213,687093,686765,596115,680776,678882,677800,"53.91",,,,,,,,48,5,"4-Seam Fastball",0,1,1,0,1,0,1,0,"Standard","Standard",153,"0","-0.118","69.7","6.5",,"0.118","88.0",-1,1,"0.307","0.693",27,27,27,28,1,2,3,2,,2,"1.07","0.24","-0.24","51.8"
"FF","2024-09-27","93.1","2.13","6.11","Penrod, Zach",676609,683068,,"called_strike",,,,,4,"José Caballero hit by pitch.    Josh Lowe to 3rd.    Richie Palacios to 2nd.","R","R","L","BOS","TB","S",,,3,0,2024,"0.38","1.45","-0.46","2.23",,666139,680700,2,7,"Top",,,,,,,-7.547249760510645,-135.24711249775635,-7.3885807290105285,6.312046735805132,30.359091403397006,-12.962055842507036,"3.02","1.35",,,,"93.6",2334,"6.8",746904,657136,671213,687093,686765,596115,680776,678882,677800,"53.73",,,,,,,,48,4,"4-Seam Fastball",0,1,1,0,1,0,1,0,"Infield shade","Standard",147,"0","-0.092",,,,"0.092",,-1,1,"0.307","0.693",27,27,27,28,1,2,3,2,,2,"1.2","0.38","-0.38","46.2"
"FF","2024-09-27","93","2.06","6.32","Penrod, Zach",676609,683068,,"ball",,,,,12,"José Caballero hit by pitch.    Josh Lowe to 3rd.    Richie Palacios to 2nd.","R","R","L","BOS","TB","B",,,2,0,2024,"0.54","1.39","2.16","4.04",,666139,680700,2,7,"Top",,,,,,,-0.9225944140332657,-135.4918118580186,-3.132783814188447,6.816480174360933,30.43912243020228,-14.542310883276432,"2.93","1.26",,,,"93.5",2278,"6.6",746904,657136,671213,687093,686765,596115,680776,678882,677800,"53.92",,,,,,,,48,3,"4-Seam Fastball",0,1,1,0,1,0,1,0,"Infield shade","Standard",144,"0","0.127",,,,"-0.127",,-1,1,"0.307","0.693",27,27,27,28,1,2,3,2,,2,"1.24","0.54","-0.54","48.2"
"CH","2024-09-27","84.4","2.26","6.1","Penrod, Zach",676609,683068,,"ball",,,,,12,"José Caballero hit by pitch.    Josh Lowe to 3rd.    Richie Palacios to 2nd.","R","R","L","BOS","TB","B",,,1,0,2024,"1.02","0.75","1.07","3.46",,666139,680700,2,7,"Top",,,,,,,-4.826755324774543,-122.7733763045804,-1.2632891545299465,11.314737966482141,24.876482843913305,-24.602059638738275,"2.98","1.35",,,,"84.9",1762,"6.7",746904,657136,671213,687093,686765,596115,680776,678882,677800,"53.84",,,,,,,,48,2,"Changeup",0,1,1,0,1,0,1,0,"Infield shade","Standard",121,"0","0.07",,,,"-0.07",,-1,1,"0.307","0.693",27,27,27,28,1,2,3,2,,2,"2.46","1.02","-1.02","47.4"
"FF","2024-09-27","94.3","1.9","6.35","Penrod, Zach",676609,683068,,"ball",,,,,12,"José Caballero hit by pitch.    Josh Lowe to 3rd.    Richie Palacios to 2nd.","R","R","L","BOS","TB","B",,,0,0,2024,"0.68","1.49","1.25","2.49",,666139,680700,2,7,"Top",,,,,,,-3.209005977673117,-137.125724156048,-7.652572924073086,9.303403047692264,31.004691603090677,-11.830746248611788,"3.06","1.47",,,,"94.4",2375,"6.4",746904,657136,671213,687093,686765,596115,680776,678882,677800,"54.09",,,,,,,,48,1,"4-Seam Fastball",0,1,1,0,1,0,1,0,"Infield shade","Standard",143,"0","0.042",,,,"-0.042",,-1,1,"0.307","0.693",27,27,27,28,1,2,3,2,,2,"1.08","0.68","-0.68","50.1"
"CH","2024-09-27","86.4","2.08","6.16","Penrod, Zach",680700,683068,"walk","ball",,,,,12,"Richie Palacios walks.","R","L","L","BOS","TB","B",,,3,2,2024,"1.11","0.68","0.07","4.08",,666139,,2,7,"Top",,,,,,,-7.077374920132352,-125.64378111782742,-0.0853501152540792,13.149563383616027,25.823573379817795,-25.213783230747673,"3.06","1.43",,,,"86.6",1601,"6.5",746904,657136,671213,687093,686765,596115,680776,678882,677800,"53.99",,0.689131,"0.7",1,0,0,,47,6,"Changeup",0,1,1,0,1,0,1,0,"Standard","Standard",122,"-0.007","0.127",,,,"-0.127",,-1,1,"0.314","0.686",27,27,27,27,1,2,3,2,,2,"2.38","1.11","1.11","45.2"
"FF","2024-09-27","94.6","1.74","6.44","Penrod, Zach",680700,683068,,"ball",,,,,12,"Richie Palacios walks.","R","L","L","BOS","TB","B",,,2,2,2024,"0.57","1.52","0.46","4.63",,666139,,2,7,"Top",,,,,,,-4.604453519899311,-137.6610286890201,-2.3872160662145867,8.259702685138171,33.38758487382483,-12.665947152052892,"3.15","1.44",,,,"94.6",2281,"6.5",746904,657136,671213,687093,686765,596115,680776,678882,677800,"53.98",,,,,,,,47,5,"4-Seam Fastball",0,1,1,0,1,0,1,0,"Infield shade","Standard",152,"0","0.054",,,,"-0.054",,-1,1,"0.314","0.686",27,27,27,27,1,2,3,2,,2,"1.05","0.57","0.57","51.3"
"CH","2024-09-27","88","2.32","6","Penrod, Zach",680700,683068,,"blocked_ball",,,,,13,"Richie Palacios walks.","R","L","L","BOS","TB","B",,,1,2,2024,"1.28","0.47","-0.68","0.01",,666139,,2,7,"Top",,,,,,,-9.96775519698322,-127.45825262554041,-9.418658449154426,15.972838877647996,25.491174917533087,-25.224875183018494,"3.22","1.5",,,,"88.5",1938,"6.8",746904,657136,671213,687093,686765,596115,680776,678882,677800,"53.73",,,,,,,,47,4,"Changeup",0,1,1,0,1,0,1,0,"Infield shade","Standard",127,"0","0.041",,,,"-0.041",,-1,1,"0.314","0.686",27,27,27,27,1,2,3,2,,2,"2.49","1.28","1.28","44.7"
"CH","2024-09-27","85.7","2.25","6.17","Penrod, Zach",680700,683068,,"swinging_strike",,,,,8,"Richie Palacios walks.","R","L","L","BOS","TB","S",,,1,1,2024,"1.17","0.48","0.11","2.16",,666139,,2,7,"Top",,,,,,,-7.456247263608242,-124.56919696217443,-4.17593553660508,13.676714443803354,24.71306450980175,-26.540178176689576,"3.42","1.6",,,,"86.1",1635,"6.6",746904,657136,671213,687093,686765,596115,680776,678882,677800,"53.9",,,,,,,,47,3,"Changeup",0,1,1,0,1,0,1,0,"Standard","Standard",118,"0","-0.066","72.0","7.6",,"0.066",,-1,1,"0.314","0.686",27,27,27,27,1,2,3,2,,2,"2.63","1.17","1.17","45.1"
"FF","2024-09-27","92.6","2.04","6.2","Penrod, Zach",680700,683068,,"called_strike",,,,,7,"Richie Palacios walks.","R","L","L","BOS","TB","S",,,1,0,2024,"0.5","1.34","-0.39","1.95",,666139,,2,7,"Top",,,,,,,-7.318184406566124,-134.5069725259928,-8.008312771142654,7.61750873992634,28.23993517740729,-14.367316307430182,"3.23","1.55",,,,"93",2244,"6.5",746904,657136,671213,687093,686765,596115,680776,678882,677800,"53.96",,,,,,,,47,2,"4-Seam Fastball",0,1,1,0,1,0,1,0,"Standard","Standard",148,"0","-0.048",,,,"0.048",,-1,1,"0.314","0.686",27,27,27,27,1,2,3,2,,2,"1.32","0.5","0.5","46.2"
"SL","2024-09-27","88","2.47","5.86","Penrod, Zach",680700,683068,,"blocked_ball",,,,,13,"Richie Palacios walks.","R","L","L","BOS","TB","B",,,0,0,2024,"0.01","0.5","-2.54","0.13",,666139,,2,7,"Top",,,,,,,-12.171499117286329,-127.52058967769722,-8.900403298035197,2.251589804768808,22.929962632972487,-25.096915167160756,"3.18","1.5",,,,"88.5",2332,"6.6",746904,657136,671213,687093,686765,596115,680776,678882,677800,"53.94",,,,,,,,47,1,"Slider",0,1,1,0,1,0,1,0,"Standard","Standard",143,"0","0.016",,,,"-0.016",,-1,1,"0.314","0.686",27,27,27,27,1,2,3,2,,2,"2.44","0.01","0.01","39.0"
"CH","2024-09-24","86.2","1.69","6.17","Penrod, Zach",664770,683068,"walk","blocked_ball",,,,,13,"Nathan Lukes walks.","R","L","L","TOR","BOS","B",,,3,2,2024,"1.22","0.36","-0.69","0.64",,677870,,1,10,"Bot",,,,,,,-8.180218984066054,-125.11516493774326,-7.632350095168679,14.457818480555662,25.8837589507546,-26.993667496541203,"3.48","1.58",,,,"86.6",1625,"6.7",744876,657136,681508,687093,686765,596115,663853,680776,678882,"53.79",,0.689131,"0.7",1,0,0,,81,7,"Changeup",4,6,4,6,6,4,4,6,"Standard","Standard",123,"0.081","0.257",,,,"-0.257",,-2,-2,"0.112","0.112",27,29,27,30,1,4,1,1,3,1,"2.73","1.22","1.22","47.5"
"SL","2024-09-24","87.3","2.31","5.98","Penrod, Zach",664770,683068,,"ball",,,,,11,"Nathan Lukes walks.","R","L","L","TOR","BOS","B",,,2,2,2024,"-0.24","0.44","-0.86","3.96",,677870,,1,10,"Bot",,,,,,,-7.162553420288321,-126.97453269413224,0.37036968585414876,-1.164293112954777,25.569895383817776,-27.657784917170314,"3.4","1.55",,,,"87.7",2289,"6.5",744876,657136,681508,687093,686765,596115,663853,680776,678882,"53.96",,,,,,,,81,6,"Slider",4,6,4,6,6,4,4,6,"Standard","Standard",164,"0","0.091",,,,"-0.091",,-2,-2,"0.112","0.112",27,29,27,30,1,4,1,1,3,1,"2.55","-0.24","-0.24","39.5"
"SL","2024-09-24","86.7","2.21","5.98","Penrod, Zach",664770,683068,,"ball",,,,,13,"Nathan Lukes walks.","R","L","L","TOR","BOS","B",,,1,2,2024,"-0.15","0.34","-0.56","1.21",,677870,,1,10,"Bot",,,,,,,-6.33274976342405,-126.018994922609,-5.9314039088184405,-0.311440873694381,24.831352148289522,-27.56669582315128,"3.59","1.63",,,,"87.1",2303,"6.5",744876,657136,681508,687093,686765,596115,663853,680776,678882,"53.96",,,,,,,,81,5,"Slider",4,6,4,6,6,4,4,6,"Infield shade","Standard",163,"0","0.022",,,,"-0.022",,-2,-2,"0.112","0.112",27,29,27,30,1,4,1,1,3,1,"2.69","-0.15","-0.15","37.1"
"FF","2024-09-24","96.9","1.44","6.53","Penrod, Zach",664770,683068,,"ball",,,,,13,"Nathan Lukes walks.","R","L","L","TOR","BOS","B",,,0,2,2024,"0.5","1.44","-1.43","2.42",,677870,,1,10,"Bot",,,,,,,-8.788135095806865,-140.50809219417056,-8.62862123826001,8.768238227262797,34.42743060254364,-11.219757791410164,"3.53","1.61",,,,"96.3",2514,"6.3",744876,657136,681508,687093,686765,596115,663853,680776,678882,"54.16",,,,,,,,81,4,"4-Seam Fastball",4,6,4,6,6,4,4,6,"Standard","Standard",154,"0","0.029",,,,"-0.029",,-2,-2,"0.112","0.112",27,29,27,30,1,4,1,1,3,1,"1.02","0.5","0.5","54.3"
"SL","2024-09-24","86.3","2.37","5.98","Penrod, Zach",664770,683068,,"foul",,,,,8,"Nathan Lukes walks.","R","L","L","TOR","BOS","S",,,0,2,2024,"-0.28","0.44","-0.23","1.95",,677870,,1,10,"Bot",,,,,,,-5.6264499614400405,-125.53888180487859,-4.229631988472703,-1.7777426990711238,26.802906072578565,-26.858750151224157,"3.33","1.5",111,"64.6",67,"86.5",2262,"6.5",744876,657136,681508,687093,686765,596115,663853,680776,678882,"53.97",,,,,,,,81,3,"Slider",4,6,4,6,6,4,4,6,"Standard","Standard",158,"0","0","63.2","7.2",,"0","88.0",-2,-2,"0.112","0.112",27,29,27,30,1,4,1,1,3,1,"2.64","-0.28","-0.28","38.9"
"SL","2024-09-24","85.9","2.26","6.11","Penrod, Zach",664770,683068,,"foul",,,,,3,"Nathan Lukes walks.","R","L","L","TOR","BOS","S",,,0,1,2024,"-0.3","0.56","0.4","3.28",,677870,,1,10,"Bot",,,,,,,-3.791321086893629,-125.13523227396578,-1.6068186219416014,-2.4180698210539457,25.17077910303333,-26.154543214477854,"3.33","1.5",228,"70.4",38,"86",2235,"6.3",744876,657136,681508,687093,686765,596115,663853,680776,678882,"54.23",,,,,,,,81,2,"Slider",4,6,4,6,6,4,4,6,"Standard","Standard",164,"0","-0.08","60.9","5.7",,"0.08","88.0",-2,-2,"0.112","0.112",27,29,27,30,1,4,1,1,3,1,"2.52","-0.3","-0.3","39.5"
"SL","2024-09-24","88","2.35","6.11","Penrod, Zach",664770,683068,,"called_strike",,,,,3,"Nathan Lukes walks.","R","L","L","TOR","BOS","S",,,0,0,2024,"-0.19","0.67","0.55","3",,677870,,1,10,"Bot",,,,,,,-3.9655921476958786,-128.16311875601,-2.847515779985759,-1.334033957449791,25.640511448659147,-24.4486007381843,"3.53","1.66",,,,"88.2",2296,"6.3",744876,657136,681508,687093,686765,596115,663853,680776,678882,"54.2",,,,,,,,81,1,"Slider",4,6,4,6,6,4,4,6,"Standard","Standard",158,"0","-0.045",,,,"0.045",,-2,-2,"0.112","0.112",27,29,27,30,1,4,1,1,3,1,"2.26","-0.19","-0.19","39.4"
"CH","2024-09-24","87.2","2.09","6.16","Penrod, Zach",543807,683068,"field_out","hit_into_play",,,,,6,"George Springer flies out sharply to center fielder Jarren Duran.","R","R","L","TOR","BOS","X",8,"fly_ball",0,0,2024,"1.17","0.82","0.67","2.75",,677870,,0,10,"Bot",157.41,76.74,,,,,-5.840294442134172,-126.76338811238435,-3.6686192296146203,13.838985847669937,27.671066646667395,-22.81097230218102,"3.68","1.68",313,"100.6",45,"87.1",1538,"6.5",744876,657136,681508,687093,686765,596115,663853,680776,678882,"54.04",0.043,0.065,"0",1,0,0,3,80,1,"Changeup",4,6,4,6,6,4,4,6,"Infield shade","Standard",119,"-0.081","-0.361","75.4","7.9",0.128,"0.361","100.6",-2,-2,"0.193","0.193",27,34,27,35,1,4,1,1,3,3,"2.2","1.17","-1.17","43.6"
"FF","2024-09-24","94","1.97","6.25","Penrod, Zach",677870,683068,"double","hit_into_play",,,,,4,"Leo Jiménez doubles (11) on a line drive to left fielder Romy Gonzalez.   Davis Schneider scores.","R","R","L","TOR","BOS","X",7,"line_drive",1,1,2024,"0.51","1.41","-0.4","2.37",676914,,,0,10,"Bot",93.32,61.83,,,,,-7.306112871455221,-136.48859639928853,-7.396748949758914,8.073359630833508,32.68548621846801,-13.092563622753826,"3.26","1.57",302,"98.3",19,"93.9",2253,"6.6",744876,657136,681508,687093,686765,596115,663853,680776,678882,"53.93",0.317,0.362,"1.25",1,1,1,4,79,3,"4-Seam Fastball",3,6,3,6,6,4,4,6,"Infield shade","Standard",146,"0.101","0.776","70.2","6.9",0.549,"-0.776","98.3",-3,-3,"0.092","0.092",27,23,27,23,1,0,1,1,3,1,"1.2","0.51","-0.51","46.1"
"FF","2024-09-24","94","1.92","6.18","Penrod, Zach",677870,683068,,"called_strike",,,,,7,"Leo Jiménez doubles (11) on a line drive to left fielder Romy Gonzalez.   Davis Schneider scores.","R","R","L","TOR","BOS","S",,,1,0,2024,"0.51","1.42","-0.52","1.85",676914,,,0,10,"Bot",,,,,,,-7.460576239646104,-136.44163802164096,-8.603237723926274,8.128868521232402,32.59511120346152,-12.636455364442812,"3.32","1.5",,,,"93.7",2237,"6.5",744876,657136,681508,687093,686765,596115,663853,680776,678882,"54.04",,,,,,,,79,2,"4-Seam Fastball",3,6,3,6,6,3,3,6,"Infield shade","Standard",147,"0","-0.122",,,,"0.122",,-3,-3,"0.092","0.092",27,23,27,23,1,0,1,1,3,1,"1.19","0.51","-0.51","45.1"
"SL","2024-09-24","88.9","2.63","5.66","Penrod, Zach",677870,683068,,"ball",,,,,13,"Leo Jiménez doubles (11) on a line drive to left fielder Romy Gonzalez.   Davis Schneider scores.","R","R","L","TOR","BOS","B",,,0,0,2024,"-0.11","0.79","-1.64","-0.01",,676914,,0,10,"Bot",,,,,,,-10.271824368345781,-128.8542325988462,-9.501656373765327,0.8137107138878358,26.12466857400208,-21.53944632472261,"3.27","1.53",,,,"89.2",2256,"6.6",744876,657136,681508,687093,686765,596115,663853,680776,678882,"53.87",,,,,,,,79,1,"Slider",3,6,3,6,6,3,3,6,"Infield shade","Standard",135,"0.003","0.051",,,,"-0.051",,-3,-3,"0.089","0.089",27,23,27,23,1,0,1,1,3,1,"2.11","-0.11","0.11","30.7"
"CH","2024-09-23","87.3","2.05","6.16","Penrod, Zach",676914,683068,"field_out","hit_into_play",,,,,13,"Davis Schneider lines out to third baseman Nick Sogard.","R","R","L","TOR","BOS","X",5,"line_drive",2,1,2024,"1.29","0.88","-0.42","1.38",,,672386,1,7,"Bot",89.18,164.61,,,,,-8.611528079460191,-126.7544314050965,-7.173092860485905,15.625463014635988,25.79405277052371,-21.318247393749285,"2.99","1.53",128,"79.9",12,"87.5",1845,"6.5",744885,657136,671213,687093,686765,596115,680776,678882,677800,"53.96",0.491,0.442,"0",1,0,0,4,57,4,"Changeup",0,3,0,3,3,0,0,3,"Standard","Standard",124,"-0.033","-0.342","73.0","8.1",0.509,"0.342","88.0",-3,-3,"0.122","0.122",27,25,27,25,1,0,4,1,1,1,"2.12","1.29","-1.29","42.0"
"FF","2024-09-23","95","2.06","6.36","Penrod, Zach",676914,683068,,"ball",,,,,12,"Davis Schneider lines out to third baseman Nick Sogard.","R","R","L","TOR","BOS","B",,,1,1,2024,"0.7","1.54","0.84","3.27",,,672386,1,7,"Bot",,,,,,,-4.775030671456124,-138.12588818714252,-5.846360986128832,10.0622959043631,32.22579078694172,-11.348730471500952,"3.07","1.58",,,,"94.7",2400,"6.2",744885,657136,671213,687093,686765,596115,680776,678882,677800,"54.25",,,,,,,,57,3,"4-Seam Fastball",0,3,0,3,3,0,0,3,"Standard","Standard",146,"0","0.054",,,,"-0.054",,-3,-3,"0.122","0.122",27,25,27,25,1,0,4,1,1,1,"1","0.7","-0.7","45.4"
"CH","2024-09-23","87.3","2.02","6.13","Penrod, Zach",676914,683068,,"ball",,,,,13,"Davis Schneider lines out to third baseman Nick Sogard.","R","R","L","TOR","BOS","B",,,0,1,2024,"1.23","0.71","-0.81","0.94",,,672386,1,7,"Bot",,,,,,,-9.337444151889585,-126.58246828166168,-7.746253226554328,15.155957049080229,26.847303140247245,-23.078583816455104,"3.1","1.54",,,,"87.2",1752,"6.5",744885,657136,671213,687093,686765,596115,680776,678882,677800,"54.01",,,,,,,,57,2,"Changeup",0,3,0,3,3,0,0,3,"Infield shade","Standard",121,"0","0.035",,,,"-0.035",,-3,-3,"0.122","0.122",27,25,27,25,1,0,4,1,1,1,"2.31","1.23","-1.23","40.8"
"CH","2024-09-23","86.4","2.28","6.13","Penrod, Zach",676914,683068,,"swinging_strike",,,,,14,"Davis Schneider lines out to third baseman Nick Sogard.","R","R","L","TOR","BOS","S",,,0,0,2024,"1.28","0.35","0.08","1.04",,,672386,1,7,"Bot",,,,,,,-7.902392845797648,-125.51827686751444,-6.632571223543452,15.18674242225627,25.779734002355582,-27.270380683138292,"2.99","1.53",,,,"86.8",1558,"6.7",744885,657136,671213,687093,686765,596115,680776,678882,677800,"53.81",,,,,,,,57,1,"Changeup",0,3,0,3,3,0,0,3,"Standard","Standard",116,"0","-0.047","40.6","7.1",,"0.047",,-3,-3,"0.122","0.122",27,25,27,25,1,0,4,1,1,1,"2.72","1.28","-1.28","41.7"
"CH","2024-09-23","88.1","2.3","6.05","Penrod, Zach",672386,683068,"single","hit_into_play",,,,,3,"Alejandro Kirk singles on a ground ball to shortstop Trevor Story.","R","R","L","TOR","BOS","X",6,"ground_ball",0,1,2024,"1.27","0.6","0.34","2.67",,,,1,7,"Bot",92.91,134.98,,,,,-7.448847410120502,-128.0759544512783,-3.339260748999594,15.522813303728952,27.259918810108793,-25.041838516132188,"3.02","1.47",117,"88",8,"88.4",1842,"6.6",744885,657136,671213,687093,686765,596115,680776,678882,677800,"53.92",0.526,0.493,"0.9",1,1,0,4,56,2,"Changeup",0,3,0,3,3,0,0,3,"Standard","Standard",118,"0.031","0.29","69.4","7.4",0.602,"-0.29","88.0",-3,-3,"0.091","0.091",27,25,27,26,1,2,4,1,1,1,"2.35","1.27","-1.27","39.6"
"FF","2024-09-23","96.5","2","6.2","Penrod, Zach",672386,683068,,"called_strike",,,,,8,"Alejandro Kirk singles on a ground ball to shortstop Trevor Story.","R","R","L","TOR","BOS","S",,,0,0,2024,"0.64","1.49","-0.17","1.78",,,,1,7,"Bot",,,,,,,-7.215005336420473,-140.08124432816587,-9.525044845222832,10.096539242614039,33.761583939568034,-10.463676506201908,"3.51","1.6",,,,"96.1",2382,"6.3",744885,657136,671213,687093,686765,596115,680776,678882,677800,"54.16",,,,,,,,56,1,"4-Seam Fastball",0,3,0,3,3,0,0,3,"Standard","Standard",146,"0","-0.023",,,,"0.023",,-3,-3,"0.091","0.091",27,25,27,26,1,2,4,1,1,1,"0.98","0.64","-0.64","44.4"
"SL","2024-09-23","88.5","2.49","5.9","Penrod, Zach",687462,683068,"field_out","hit_into_play",,,,,7,"Spencer Horwitz grounds out, pitcher Zach Penrod to first baseman Triston Casas.","R","L","L","TOR","BOS","X",1,"ground_ball",0,0,2024,"-0.03","0.47","-0.61","2.05",,,,0,7,"Bot",129.14,184.68,,,,,-7.485716520900002,-128.77680831875796,-4.325067253864696,1.1297868250029106,25.758241348049225,-26.234227960702142,"3.58","1.71",14,"71.7",-7,"88.7",2338,"6.3",744885,657136,671213,687093,686765,596115,680776,678882,677800,"54.18",0.043,0.043,"0",1,0,0,2,55,1,"Slider",0,3,0,3,3,0,0,3,"Standard","Standard",145,"-0.027","-0.228","76.0","7.2",0.043,"0.228","88.0",-3,-3,"0.118","0.118",27,26,27,27,1,2,4,1,1,1,"2.43","-0.03","-0.03","37.8"
"FF","2024-09-19","94.6","2.06","6.1","Penrod, Zach",666163,683068,"field_out","hit_into_play",,,,,12,"Ben Rortvedt lines out to right fielder Wilyer Abreu.","R","L","L","TB","BOS","X",9,"line_drive",2,0,2024,"0.84","1.43","0.93","2.87",,,666139,2,6,"Bot",167.49,101.05,,,,,-4.8441973620647305,-137.55712371716416,-5.875094026589505,11.813863179876677,33.365110976047006,-12.993964906253181,"3.05","1.39",265,"76.1",27,"94.5",2408,"6.5",745041,643376,671213,686765,646240,596115,641933,680776,677800,"54.02",0.526,0.522,"0",1,0,0,4,44,3,"4-Seam Fastball",1,0,1,0,0,1,1,0,"Infield shade","Standard",148,"-0.022","-0.298","70.2","6.8",0.649,"0.298","88.0",1,1,"0.722","0.722",27,26,27,27,1,2,1,1,4,2,"1.15","0.84","0.84","40.8"
"FF","2024-09-19","94.5","1.73","6.35","Penrod, Zach",666163,683068,,"ball",,,,,12,"Ben Rortvedt lines out to right fielder Wilyer Abreu.","R","L","L","TB","BOS","B",,,1,0,2024,"0.49","1.58","0.01","4.08",,,666139,2,6,"Bot",,,,,,,-5.590217785096689,-137.38508239111889,-3.685269118560221,7.505865150728282,33.47203733437708,-11.68210914747794,"3.02","1.39",,,,"94.3",2442,"6.5",745041,643376,671213,686765,646240,596115,641933,680776,677800,"54.04",,,,,,,,44,2,"4-Seam Fastball",1,0,1,0,0,1,1,0,"Infield shade","Standard",151,"0","0.042",,,,"-0.042",,1,1,"0.722","0.722",27,26,27,27,1,2,1,1,4,2,"1","0.49","0.49","50.7"
"SL","2024-09-19","86.7","2.08","5.99","Penrod, Zach",666163,683068,,"ball",,,,,13,"Ben Rortvedt lines out to right fielder Wilyer Abreu.","R","L","L","TB","BOS","B",,,0,0,2024,"-0.17","0.49","-0.57","1.21",,,666139,2,6,"Bot",,,,,,,-5.9980284058212785,-126.1203628214522,-6.252861278174041,-0.5750925526765365,25.459116413649788,-25.81347897918886,"3.08","1.39",,,,"86.9",2341,"6.4",745041,643376,671213,686765,646240,596115,641933,680776,677800,"54.11",,,,,,,,44,1,"Slider",1,0,1,0,0,1,1,0,"Infield shade","Standard",154,"0","0.028",,,,"-0.028",,1,1,"0.722","0.722",27,26,27,27,1,2,1,1,4,2,"2.54","-0.17","-0.17","40.6"
"SL","2024-09-18","87.2","2.44","5.87","Penrod, Zach",664040,683068,"field_out","hit_into_play",,,,,2,"Brandon Lowe flies out to left fielder Tyler O'Neill.","R","L","L","TB","BOS","X",7,"fly_ball",0,1,2024,"0.04","0.49","0.11","2.92",,670764,,2,5,"Bot",39.53,98.42,,,,,-5.685800640370306,-126.91634038084585,-1.9347077152227117,1.5892449619348787,25.522958532983008,-26.73908831404111,"3.28","1.48",327,"94",27,"87.5",2389,"6.4",745040,657136,671213,678882,646240,596115,641933,680776,677800,"54.1",0.186,0.256,"0",1,0,0,3,36,2,"Slider",1,0,1,0,0,1,1,0,"Infield shade","Standard",170,"-0.033","-0.289","73.5","6.0",0.425,"0.289","94.0",1,1,"0.7","0.7",27,29,27,30,1,2,3,1,1,1,"2.51","0.04","0.04","37.6"
"SL","2024-09-18","85.7","2.32","5.96","Penrod, Zach",664040,683068,,"swinging_strike",,,,,14,"Brandon Lowe flies out to left fielder Tyler O'Neill.","R","L","L","TB","BOS","S",,,0,0,2024,"-0.05","0.49","0.08","1.03",,670764,,2,5,"Bot",,,,,,,-5.207814324647634,-124.59097345996894,-6.346279538074735,0.5442191309807445,25.128757070345365,-26.007346836502897,"3.28","1.48",,,,"85.7",2317,"6.4",745040,657136,671213,678882,646240,596115,641933,680776,677800,"54.15",,,,,,,,36,1,"Slider",1,0,1,0,0,1,1,0,"Standard","Standard",156,"0","-0.045","77.0","8.3",,"0.045",,1,1,"0.7","0.7",27,29,27,30,1,2,3,1,1,1,"2.62","-0.05","-0.05","39.4"
"FF","2024-09-18","93.2","1.76","6.37","Penrod, Zach",666624,683068,"field_out","hit_into_play",,,,,13,"Christopher Morel pops out to shortstop Trevor Story.","R","R","L","TB","BOS","X",6,"popup",0,1,2024,"0.52","1.54","-1.1","2.12",,670764,,1,5,"Bot",116.34,126.84,,,,,-8.500649468093423,-135.17061390692186,-8.456056354312471,8.307434216604888,32.179567750688484,-11.564574084771216,"3.63","1.64",186,"63.7",47,"92.8",2369,"6.5",745040,657136,671213,678882,646240,596115,641933,680776,677800,"54.03",0.2,0.182,"0",1,0,0,3,35,2,"4-Seam Fastball",1,0,1,0,0,1,1,0,"Standard","Standard",152,"-0.033","-0.277","73.1","7.7",0.221,"0.277","88.0",1,1,"0.733","0.733",27,25,27,25,1,2,3,1,1,2,"1.12","0.52","-0.52","51.3"
"CH","2024-09-18","84.9","2.12","6.11","Penrod, Zach",666624,683068,,"foul",,,,,5,"Christopher Morel pops out to shortstop Trevor Story.","R","R","L","TB","BOS","S",,,0,0,2024,"1.26","0.38","0.21","2.73",,670764,,1,5,"Bot",,,,,,,-7.028988293106083,-123.45073396949495,-2.2938150472167957,14.25823709898763,25.83045078274691,-28.066666500516995,"3.63","1.64",165,"72.4",66,"85.3",1523,"6.7",745040,657136,671213,678882,646240,596115,641933,680776,677800,"53.77",,,,,,,,35,1,"Changeup",1,0,1,0,0,1,1,0,"Standard","Standard",120,"0","-0.045","69.3","7.7",,"0.045","88.0",1,1,"0.733","0.733",27,25,27,25,1,2,3,1,1,2,"2.8","1.26","-1.26","42.3"
"SL","2024-09-18","85.5","2.4","5.89","Penrod, Zach",666163,683068,"field_out","hit_into_play",,,,,7,"Ben Rortvedt grounds out, second baseman Ceddanne Rafaela to first baseman Triston Casas.   Taylor Walls to 2nd.","R","L","L","TB","BOS","X",4,"ground_ball",0,0,2024,"-0.07","0.58","-0.37","1.87",,,670764,0,5,"Bot",157.16,162.44,,,,,-6.421529440460383,-124.42514252270489,-4.390448378079484,0.5572409401888069,24.452833411523482,-25.452465927975403,"3.06","1.39",7,"74.2",-16,"85.7",2232,"6.4",745040,657136,671213,678882,646240,596115,641933,680776,677800,"54.11",0.049,0.042,"0",1,0,0,2,34,1,"Slider",1,0,1,0,0,1,1,0,"Standard","Standard",160,"-0.013","-0.529",,,0.054,"0.529","88.0",1,1,"0.746","0.746",27,26,27,27,1,1,3,3,1,1,"2.53","-0.07","-0.07","35.8"
"FF","2024-09-18","94.3","2.04","6.17","Penrod, Zach",670764,683068,"single","hit_into_play",,,,,5,"Taylor Walls singles on a line drive to center fielder Jarren Duran.","R","R","L","TB","BOS","X",8,"line_drive",0,1,2024,"0.56","1.54","0.24","2.34",,,,0,5,"Bot",99.99,77.67,,,,,-5.923727252866091,-136.98451388777698,-7.668047461256684,8.363947381058207,30.982491104522143,-11.324863816448357,"3.35","1.49",231,"90",12,"94.4",2221,"6.5",745040,657136,671213,678882,646240,596115,641933,680776,677800,"54.02",0.809,0.773,"0.9",1,1,0,4,33,2,"4-Seam Fastball",1,0,1,0,0,1,1,0,"Standard","Standard",143,"0.033","0.435","66.4","7.6",0.946,"-0.435","90.0",1,1,"0.713","0.713",27,27,27,28,1,1,3,4,1,1,"1.04","0.56","-0.56","45.8"
"SL","2024-09-18","85.4","2.4","6.01","Penrod, Zach",670764,683068,,"foul",,,,,9,"Taylor Walls singles on a line drive to center fielder Jarren Duran.","R","R","L","TB","BOS","S",,,0,0,2024,"-0.24","0.83","0.49","1.95",,,,0,5,"Bot",,,,,,,-4.013462544229224,-124.41748838507037,-5.024040318935685,-1.7536202993566528,23.09917898536836,-22.738951886444354,"3.35","1.49",,,,"85.9",2274,"6.4",745040,657136,671213,678882,646240,596115,641933,680776,677800,"54.13",,,,,,,,33,1,"Slider",1,0,1,0,0,1,1,0,"Standard","Standard",174,"0","-0.033","24.2","6.3",,"0.033",,1,1,"0.713","0.713",27,27,27,28,1,1,3,4,1,1,"2.27","-0.24","0.24","36.6"
"SL","2024-09-15","89.1","2.42","6.06","Penrod, Zach",519317,683068,"field_out","hit_into_play",,,,,8,"Giancarlo Stanton grounds out, shortstop Trevor Story to first baseman Connor Wong.","R","R","L","NYY","BOS","X",6,"ground_ball",3,2,2024,"-0.26","0.57","-0.05","1.84",,,592450,2,5,"Bot",118.34,151.89,,,,,-5.519520481496826,-129.49830150778058,-5.4799568974354145,-1.7101801111415782,28.76092700753522,-24.786272714948186,"3.78","1.81",7,"109.7",-14,"88.9",2355,"6.4",745693,643376,657136,663853,646240,596115,680776,678882,641933,"54.11",0.24,0.239,"0",1,0,0,2,45,8,"Slider",4,2,4,2,2,4,4,2,"Standard","Standard",163,"-0.014","-0.269","86.4","8.5",0.245,"0.269","109.7",2,2,"0.803","0.803",27,34,27,35,1,2,1,2,3,4,"2.32","-0.26","0.26","37.5"
"CH","2024-09-15","89.1","2.11","6.25","Penrod, Zach",519317,683068,,"foul",,,,,6,"Giancarlo Stanton grounds out, shortstop Trevor Story to first baseman Connor Wong.","R","R","L","NYY","BOS","S",,,3,2,2024,"1.28","0.57","0.45","3.06",,,592450,2,5,"Bot",,,,,,,-6.819627240994405,-129.4856361465533,-2.9197974858179916,15.833720418179738,30.04444495459051,-25.414966289183862,"3.78","1.81",194,"72.4",52,"89.2",1713,"6.6",745693,643376,657136,663853,646240,596115,680776,678882,641933,"53.85",,,,,,,,45,7,"Changeup",4,2,4,2,2,4,4,2,"Standard","Standard",123,"0","0","84.3","8.4",,"0","88.0",2,2,"0.803","0.803",27,34,27,35,1,2,1,2,3,4,"2.34","1.28","-1.28","43.7"
"FF","2024-09-15","95.9","2.04","6.26","Penrod, Zach",519317,683068,,"ball",,,,,13,"Giancarlo Stanton grounds out, shortstop Trevor Story to first baseman Connor Wong.","R","R","L","NYY","BOS","B",,,2,2,2024,"0.55","1.52","-1.68","1.36",,,592450,2,5,"Bot",,,,,,,-11.083147105884047,-138.65152588674184,-10.630329577870981,10.022707919826349,37.607975568022724,-10.08180151642724,"3.88","1.84",,,,"94.9",2373,"6.6",745693,643376,657136,663853,646240,596115,680776,678882,641933,"53.92",,,,,,,,45,6,"4-Seam Fastball",4,2,4,2,2,4,4,2,"Standard","Standard",145,"0","0.072",,,,"-0.072",,2,2,"0.803","0.803",27,34,27,35,1,2,1,2,3,4,"1.03","0.55","-0.55","44.0"
"FF","2024-09-15","95","1.82","6.51","Penrod, Zach",519317,683068,,"ball",,,,,12,"Giancarlo Stanton grounds out, shortstop Trevor Story to first baseman Connor Wong.","R","R","L","NYY","BOS","B",,,1,2,2024,"0.65","1.5","1.1","4.17",,,592450,2,5,"Bot",,,,,,,-3.3522430352442334,-138.12409583269428,-3.68253395477931,9.139821022379639,39.86418542486137,-12.597695955843474,"3.84","1.77",,,,"94",2418,"6.4",745693,643376,657136,663853,646240,596115,680776,678882,641933,"54.07",,,,,,,,45,5,"4-Seam Fastball",4,2,4,2,2,4,4,2,"Standard","Standard",152,"0","0.032",,,,"-0.032",,2,2,"0.803","0.803",27,34,27,35,1,2,1,2,3,4,"1.09","0.65","-0.65","46.2"
"CH","2024-09-15","86.7","2.26","6.21","Penrod, Zach",519317,683068,,"foul",,,,,6,"Giancarlo Stanton grounds out, shortstop Trevor Story to first baseman Connor Wong.","R","R","L","NYY","BOS","S",,,1,2,2024,"1.34","1.12","0.62","2.52",,,592450,2,5,"Bot",,,,,,,-6.6972590071236375,-125.88417284046763,-4.8451859675303455,15.699118692564676,28.947847742539587,-19.47203353394402,"3.78","1.81",188,"76.2",63,"86.6",1779,"6.6",745693,643376,657136,663853,646240,596115,680776,678882,641933,"53.87",,,,,,,,45,4,"Changeup",4,2,4,2,2,4,4,2,"Infield shade","Standard",126,"0","0","77.5","8.7",,"0","88.0",2,2,"0.803","0.803",27,34,27,35,1,2,1,2,3,4,"1.96","1.34","-1.34","43.6"
"CH","2024-09-15","88.9","2.34","6.11","Penrod, Zach",519317,683068,,"blocked_ball",,,,,13,"Giancarlo Stanton grounds out, shortstop Trevor Story to first baseman Connor Wong.","R","R","L","NYY","BOS","B",,,0,2,2024,"1.22","0.59","-0.96","0.69",,,592450,2,5,"Bot",,,,,,,-10.618501799279604,-128.7820604765158,-8.411539477973328,15.837827955584594,27.760654534187097,-23.860222567257598,"3.85","1.71",,,,"88.5",1855,"6.4",745693,643376,657136,663853,646240,596115,680776,678882,641933,"54.12",,,,,,,,45,3,"Changeup",4,2,4,2,2,4,4,2,"Standard","Standard",122,"0","0.023",,,,"-0.023",,2,2,"0.803","0.803",27,34,27,35,1,2,1,2,3,4,"2.32","1.22","-1.22","39.3"
"CH","2024-09-15","87.2","2.24","6.19","Penrod, Zach",519317,683068,,"foul",,,,,9,"Giancarlo Stanton grounds out, shortstop Trevor Story to first baseman Connor Wong.","R","R","L","NYY","BOS","S",,,0,1,2024,"1.39","0.62","0.64","1.8",,,592450,2,5,"Bot",,,,,,,-6.728465838423174,-126.56323450455493,-5.560382760186072,16.344492959941356,29.603177373275237,-24.54039167916076,"3.78","1.81",,,,"86.8",1878,"6.5",745693,643376,657136,663853,646240,596115,680776,678882,641933,"53.98",,,,,,,,45,2,"Changeup",4,2,4,2,2,4,4,2,"Standard","Standard",118,"0","-0.046","79.1","9.8",,"0.046",,2,2,"0.803","0.803",27,34,27,35,1,2,1,2,3,4,"2.43","1.39","-1.39","41.8"
"FF","2024-09-15","96.3","2.43","6.17","Penrod, Zach",519317,683068,,"called_strike",,,,,7,"Giancarlo Stanton grounds out, shortstop Trevor Story to first baseman Connor Wong.","R","R","L","NYY","BOS","S",,,0,0,2024,"0.44","1.32","-0.5","1.83",,,592450,2,5,"Bot",,,,,,,-8.774363616353147,-139.6778110923694,-8.903499086524867,7.830548214327139,32.38336524484024,-12.952966286688465,"3.82","1.75",,,,"96.2",2369,"6.5",745693,643376,657136,663853,646240,596115,680776,678882,641933,"54.04",,,,,,,,45,1,"4-Seam Fastball",4,2,4,2,2,4,4,2,"Standard","Standard",142,"0","-0.039",,,,"0.039",,2,2,"0.803","0.803",27,34,27,35,1,2,1,2,3,4,"1.16","0.44","-0.44","40.5"
"SL","2024-09-15","88.1","2.87","6","Penrod, Zach",665862,683068,"strikeout","called_strike",,,,,2,"Jazz Chisholm Jr.  called out on strikes.","R","L","L","NYY","BOS","S",2,,3,2,2024,"-0.17","0.46","0.05","3.27",,,592450,1,5,"Bot",,,,,,,-6.461890685084677,-128.18559429886696,-1.4344683147856014,-0.3946841410631643,28.870361779544258,-27.016003438157547,"3.68","1.62",,,,"87.6",2351,"6.2",745693,643376,657136,663853,646240,596115,680776,678882,641933,"54.31",,0,"0",1,0,0,,44,6,"Slider",4,2,4,2,2,4,4,2,"Infield shade","Standard",138,"-0.018","-0.361",,,,"0.361",,2,2,"0.821","0.821",27,26,27,26,1,2,1,1,3,2,"2.5","-0.17","-0.17","34.4"
"FF","2024-09-15","94.3","2.2","6.16","Penrod, Zach",665862,683068,,"foul_bunt",,,,,6,"Jazz Chisholm Jr.  called out on strikes.","R","L","L","NYY","BOS","S",,,3,1,2024,"0.62","1.28","0.28","2.97",,,592450,1,5,"Bot",,,,,,,-6.379470924555308,-137.00030320446717,-5.339094021461655,9.414321005581105,36.33987880914667,-15.069700570503809,"3.61","1.69",15,,,"93.7",2298,"6.5",745693,643376,657136,663853,646240,596115,680776,678882,641933,"53.99",,,,,,,,44,5,"4-Seam Fastball",4,2,4,2,2,4,4,2,"Infield shade","Standard",146,"0","-0.109","4.3","1.0",,"0.109","88.0",2,2,"0.821","0.821",27,26,27,26,1,2,1,1,3,2,"1.33","0.62","0.62","38.3"
"FF","2024-09-15","95.2","2.17","6.38","Penrod, Zach",665862,683068,,"ball",,,,,11,"Jazz Chisholm Jr.  called out on strikes.","R","L","L","NYY","BOS","B",,,2,1,2024,"0.36","1.59","-0.68","4.34",,,592450,1,5,"Bot",,,,,,,-8.27247191978842,-138.31715968191818,-3.2037805636427463,6.616339504249066,34.27253008677962,-11.362297442466557,"3.74","1.61",,,,"94.8",2430,"6.4",745693,643376,657136,663853,646240,596115,680776,678882,641933,"54.11",,,,,,,,44,4,"4-Seam Fastball",4,2,4,2,2,4,4,2,"Standard","Standard",152,"0","0.132",,,,"-0.132",,2,2,"0.821","0.821",27,26,27,26,1,2,1,1,3,2,"0.96","0.36","0.36","46.1"
"CH","2024-09-15","86.4","2.26","6.16","Penrod, Zach",665862,683068,,"ball",,,,,13,"Jazz Chisholm Jr.  called out on strikes.","R","L","L","NYY","BOS","B",,,1,1,2024,"1.38","0.67","-0.72","1.06",,,592450,1,5,"Bot",,,,,,,-9.944987004823503,-125.20420647465937,-7.269101841626358,16.554796864267484,26.045672029643846,-23.714172430315433,"3.67","1.65",,,,"86.6",1773,"6.7",745693,643376,657136,663853,646240,596115,680776,678882,641933,"53.78",,,,,,,,44,3,"Changeup",4,2,4,2,2,4,4,2,"Standard","Standard",126,"0","0.054",,,,"-0.054",,2,2,"0.821","0.821",27,26,27,26,1,2,1,1,3,2,"2.41","1.38","1.38","46.3"
"SL","2024-09-15","87.9","2.65","6.04","Penrod, Zach",665862,683068,,"foul",,,,,9,"Jazz Chisholm Jr.  called out on strikes.","R","L","L","NYY","BOS","S",,,1,0,2024,"0.06","0.74","0.32","2.19",,,592450,1,5,"Bot",,,,,,,-5.748468668255883,-127.79101704127612,-4.714254938329411,1.841080419920386,27.556117573391703,-23.2627033290761,"3.61","1.69",4,"15.7",-20,"87.7",2363,"6.3",745693,643376,657136,663853,646240,596115,680776,678882,641933,"54.2",,,,,,,,44,2,"Slider",4,2,4,2,2,4,4,2,"Standard","Standard",152,"0","-0.056","75.6","8.0",,"0.056","88.0",2,2,"0.821","0.821",27,26,27,26,1,2,1,1,3,2,"2.22","0.06","0.06","37.4"
"SL","2024-09-15","88.3","2.56","6.06","Penrod, Zach",665862,683068,,"ball",,,,,13,"Jazz Chisholm Jr.  called out on strikes.","R","L","L","NYY","BOS","B",,,0,0,2024,"0.03","0.65","-0.76","1.4",,,592450,1,5,"Bot",,,,,,,-8.136309616696105,-128.24360741063936,-6.595360673403216,1.9223383044079032,25.31462183522533,-23.85844708019654,"3.7","1.83",,,,"88.5",2422,"6.4",745693,643376,657136,663853,646240,596115,680776,678882,641933,"54.1",,,,,,,,44,1,"Slider",4,2,4,2,2,4,4,2,"Standard","Standard",138,"0","0.043",,,,"-0.043",,2,2,"0.821","0.821",27,26,27,26,1,2,1,1,3,2,"2.28","0.03","0.03","38.0"
"FF","2024-09-14","95","1.8","6.28","Penrod, Zach",519203,683068,"field_out","hit_into_play",,,,,2,"Anthony Rizzo pops out to third baseman Rafael Devers.","R","L","L","NYY","BOS","X",5,"popup",3,2,2024,"0.32","1.24","-0.16","3.42",,592450,691176,2,8,"Bot",97.96,161.07,,,,,-5.901311443710231,-138.32626589094812,-4.723127631044207,5.360132978459563,27.908501468385328,-15.295313347165857,"3.64","1.75",127,"75.1",66,"96.1",2358,"6.7",745689,643376,671213,665839,646240,596115,641933,680776,677800,"53.81",0.006,0.005,"0",1,0,0,3,69,7,"4-Seam Fastball",1,7,1,7,7,1,1,7,"Strategic","Standard",151,"-0.005","-0.473","68.1","6.3",0.006,"0.473","88.0",-6,-6,"0.007","0.007",27,34,27,35,1,3,,1,1,3,"1.26","0.32","0.32","47.9"
"FF","2024-09-14","94.7","1.43","6.29","Penrod, Zach",519203,683068,,"ball",,,,,13,"Anthony Rizzo pops out to third baseman Rafael Devers.","R","L","L","NYY","BOS","B",,,2,2,2024,"0.18","1.7","-2.26","1.32",,592450,691176,2,8,"Bot",,,,,,,-10.052812853001926,-136.98924402520086,-10.984549017484895,4.860384928469631,35.424170325895105,-8.290282864793554,"3.31","1.51",,,,"94.2",2455,"6.7",745689,643376,671213,665839,646240,596115,641933,680776,677800,"53.8",,,,,,,,69,6,"4-Seam Fastball",1,7,1,7,7,1,1,7,"Standard","Standard",156,"0","0.149",,,,"-0.149",,-6,-6,"0.007","0.007",27,34,27,35,1,3,,1,1,3,"0.91","0.18","0.18","49.6"
"SL","2024-09-14","89.1","2.04","6.03","Penrod, Zach",519203,683068,,"ball",,,,,13,"Anthony Rizzo pops out to third baseman Rafael Devers.","R","L","L","NYY","BOS","B",,,1,2,2024,"-0.18","0.61","-2.3","2.01",,592450,691176,2,8,"Bot",,,,,,,-10.276986322315464,-129.3838627947685,-5.101924069900271,0.12429641184150507,27.532757397153127,-24.423322460915024,"3.28","1.48",,,,"89",2240,"6.4",745689,643376,671213,665839,646240,596115,641933,680776,677800,"54.08",,,,,,,,69,5,"Slider",1,7,1,7,7,1,1,7,"Standard","Standard",145,"0","0.025",,,,"-0.025",,-6,-6,"0.007","0.007",27,34,27,35,1,3,,1,1,3,"2.28","-0.18","-0.18","38.0"
"FF","2024-09-14","94.7","1.42","6.55","Penrod, Zach",519203,683068,,"foul",,,,,11,"Anthony Rizzo pops out to third baseman Rafael Devers.","R","L","L","NYY","BOS","S",,,1,2,2024,"0.29","1.79","-0.93","3.69",,592450,691176,2,8,"Bot",,,,,,,-6.811139014236845,-137.55227433013803,-5.7626077630714825,5.282417087154508,33.18505666807083,-8.42639032315715,"3.64","1.75",201,"78.7",66,"95",2365,"6.7",745689,643376,671213,665839,646240,596115,641933,680776,677800,"53.76",,,,,,,,69,4,"4-Seam Fastball",1,7,1,7,7,1,1,7,"Standard","Standard",157,"0","0","72.4","6.7",,"0","88.0",-6,-6,"0.007","0.007",27,34,27,35,1,3,,1,1,3,"0.78","0.29","0.29","55.5"
"CH","2024-09-14","87","1.97","6.19","Penrod, Zach",519203,683068,,"foul",,,,,6,"Anthony Rizzo pops out to third baseman Rafael Devers.","R","L","L","NYY","BOS","S",,,1,1,2024,"1.27","0.61","0.52","2.71",,592450,691176,2,8,"Bot",,,,,,,-6.123754176624305,-126.50639689472582,-3.4208048366902144,14.865248097832266,26.737911684464464,-25.11861183962042,"3.64","1.75",5,"67.2",-27,"87.6",1609,"6.8",745689,643376,671213,665839,646240,596115,641933,680776,677800,"53.74",,,,,,,,69,3,"Changeup",1,7,1,7,7,1,1,7,"Standard","Standard",123,"0","-0.121","75.1","7.2",,"0.121","88.0",-6,-6,"0.007","0.007",27,34,27,35,1,3,,1,1,3,"2.41","1.27","1.27","44.4"
"FF","2024-09-14","94.9","1.72","6.3","Penrod, Zach",519203,683068,,"foul",,,,,8,"Anthony Rizzo pops out to third baseman Rafael Devers.","R","L","L","NYY","BOS","S",,,1,0,2024,"0.59","1.5","0.2","2.34",,592450,691176,2,8,"Bot",,,,,,,-5.34413702393213,-137.9586174790181,-8.122136790133728,8.75861435882562,31.080682533188625,-11.341414475527628,"3.64","1.75",5,"74.6",-26,"95.6",2392,"6.8",745689,643376,671213,665839,646240,596115,641933,680776,677800,"53.74",,,,,,,,69,2,"4-Seam Fastball",1,7,1,7,7,1,1,7,"Standard","Standard",143,"0","-0.066","77.9","7.9",,"0.066","88.0",-6,-6,"0.007","0.007",27,34,27,35,1,3,,1,1,3,"1.03","0.59","0.59","45.5"
"SL","2024-09-14","89","2.22","6.03","Penrod, Zach",519203,683068,,"ball",,,,,13,"Anthony Rizzo pops out to third baseman Rafael Devers.","R","L","L","NYY","BOS","B",,,0,0,2024,"0.03","0.53","-1.34","1.45",,592450,691176,2,8,"Bot",,,,,,,-8.839871230800966,-129.38797484113184,-6.412588551300344,1.9543024419567527,23.884423825334867,-25.076765805676104,"3.36","1.61",,,,"89.7",2398,"6.5",745689,643376,671213,665839,646240,596115,641933,680776,677800,"53.97",,,,,,,,69,1,"Slider",1,7,1,7,7,1,1,7,"Infield shade","Standard",149,"0","0.042",,,,"-0.042",,-6,-6,"0.007","0.007",27,34,27,35,1,3,,1,1,3,"2.32","0.03","0.03","39.5"
"FF","2024-09-14","95.5","1.7","6.26","Penrod, Zach",691176,683068,"walk","ball",,,,,11,"Jasson Domínguez walks.","R","R","L","NYY","BOS","B",,,3,2,2024,"0.9","1.42","-0.88","3.29",,592450,,2,8,"Bot",,,,,,,-8.881911395948856,-138.73145836816767,-5.370115093317607,13.720662008472155,33.06847689047785,-12.770423394698254,"3.23","1.46",,,,"95.7",2298,"6.7",745689,643376,671213,665839,646240,596115,641933,680776,677800,"53.84",,0.689131,"0.7",1,0,0,,68,8,"4-Seam Fastball",1,7,1,7,7,1,1,7,"Standard","Standard",143,"0.002","0.127",,,,"-0.127",,-6,-6,"0.005","0.005",27,21,27,21,1,3,,2,1,1,"1.1","0.9","-0.9","47.2"
"FF","2024-09-14","94.5","1.69","6.35","Penrod, Zach",691176,683068,,"foul",,,,,2,"Jasson Domínguez walks.","R","R","L","NYY","BOS","S",,,3,2,2024,"0.56","1.36","-0.03","2.89",,592450,,2,8,"Bot",,,,,,,-5.757149792351183,-137.32805813563013,-6.331021424985752,8.43232080823011,32.582805393831826,-13.706712896654448,"3.38","1.52",124,"69.6",71,"94.6",2264,"6.6",745689,643376,671213,665839,646240,596115,641933,680776,677800,"53.9",,,,,,,,68,7,"4-Seam Fastball",1,7,1,7,7,1,1,7,"Standard","Standard",157,"0","0",,,,"0","88.0",-6,-6,"0.005","0.005",27,21,27,21,1,3,,2,1,1,"1.21","0.56","-0.56","43.5"
"FF","2024-09-14","95.3","1.66","6.34","Penrod, Zach",691176,683068,,"foul",,,,,2,"Jasson Domínguez walks.","R","R","L","NYY","BOS","S",,,3,2,2024,"0.54","1.56","0.21","3.3",,592450,,2,8,"Bot",,,,,,,-5.066059763579528,-138.6009669887315,-5.902501717145254,8.101565916862691,30.42251000363568,-10.91803937621197,"3.38","1.52",243,"75.5",52,"95.9",2368,"6.6",745689,643376,671213,665839,646240,596115,641933,680776,677800,"53.88",,,,,,,,68,6,"4-Seam Fastball",1,7,1,7,7,1,1,7,"Standard","Standard",148,"0","0","76.8","7.7",,"0","88.0",-6,-6,"0.005","0.005",27,21,27,21,1,3,,2,1,1,"0.95","0.54","-0.54","47.6"
"CH","2024-09-14","88.9","1.97","6.25","Penrod, Zach",691176,683068,,"ball",,,,,12,"Jasson Domínguez walks.","R","R","L","NYY","BOS","B",,,2,2,2024,"0.98","0.74","0.54","4.29",,592450,,2,8,"Bot",,,,,,,-5.597848364231175,-129.3359444508786,-0.31177881058388507,12.207421374416814,27.043483698937752,-24.014294421995523,"3.23","1.48",,,,"89.3",1744,"6.5",745689,643376,671213,665839,646240,596115,641933,680776,677800,"53.97",,,,,,,,68,5,"Changeup",1,7,1,7,7,1,1,7,"Standard","Standard",124,"0","0.054",,,,"-0.054",,-6,-6,"0.005","0.005",27,21,27,21,1,3,,2,1,1,"2.15","0.98","-0.98","46.6"
"CH","2024-09-14","87.2","2.04","6.2","Penrod, Zach",691176,683068,,"blocked_ball",,,,,14,"Jasson Domínguez walks.","R","R","L","NYY","BOS","B",,,1,2,2024,"1.43","0.5","0.34","0.54",,592450,,2,8,"Bot",,,,,,,-7.004229752804563,-126.4963231155803,-8.366285489400218,16.79707609731425,28.620868347573325,-25.124855491339304,"3.18","1.46",,,,"86.8",1808,"6.4",745689,643376,671213,665839,646240,596115,641933,680776,677800,"54.06",,,,,,,,68,4,"Changeup",1,7,1,7,7,1,1,7,"Standard","Standard",127,"0","0.041",,,,"-0.041",,-6,-6,"0.005","0.005",27,21,27,21,1,3,,2,1,1,"2.54","1.43","-1.43","40.1"
"FF","2024-09-14","94.1","1.68","6.58","Penrod, Zach",691176,683068,,"ball",,,,,12,"Jasson Domínguez walks.","R","R","L","NYY","BOS","B",,,0,2,2024,"0.69","1.81","1.08","5.06",,592450,,2,8,"Bot",,,,,,,-3.103287041976384,-136.9047593628215,-2.134437195781,9.426458284376753,36.73988329332078,-9.516451809915386,"3.26","1.4",,,,"93.3",2420,"6.3",745689,643376,671213,665839,646240,596115,641933,680776,677800,"54.2",,,,,,,,68,3,"4-Seam Fastball",1,7,1,7,7,1,1,7,"Standard","Standard",154,"0","0.02",,,,"-0.02",,-6,-6,"0.005","0.005",27,21,27,21,1,3,,2,1,1,"0.82","0.69","-0.69","50.7"
"FF","2024-09-14","94.8","1.66","6.45","Penrod, Zach",691176,683068,,"foul",,,,,5,"Jasson Domínguez walks.","R","R","L","NYY","BOS","S",,,0,1,2024,"0.67","1.54","0.22","2.76",,592450,,2,8,"Bot",,,,,,,-5.267960090266438,-137.74836928737972,-7.353314218212397,9.730701945286786,32.974162365171,-11.140352479160292,"3.38","1.52",235,"74.5",30,"94.5",2273,"6.4",745689,643376,671213,665839,646240,596115,641933,680776,677800,"54.1",,,,,,,,68,2,"4-Seam Fastball",1,7,1,7,7,1,1,7,"Standard","Standard",152,"0","-0.074","85.3","7.8",,"0.074","88.0",-6,-6,"0.005","0.005",27,21,27,21,1,3,,2,1,1,"1.02","0.67","-0.67","50.2"
"FF","2024-09-14","96.9","1.98","6.29","Penrod, Zach",691176,683068,,"swinging_strike",,,,,6,"Jasson Domínguez walks.","R","R","L","NYY","BOS","S",,,0,0,2024,"0.95","1.46","0.46","2.11",,592450,,2,8,"Bot",,,,,,,-6.210765315981376,-140.6813584207398,-8.928369344575389,13.989263525758235,33.569762293267175,-10.916875857301635,"3.38","1.52",,,,"96.8",2427,"6.5",745689,643376,671213,665839,646240,596115,641933,680776,677800,"54",,,,,,,,68,1,"4-Seam Fastball",1,7,1,7,7,1,1,7,"Standard","Standard",145,"0","-0.045","70.5","7.1",,"0.045",,-6,-6,"0.005","0.005",27,21,27,21,1,3,,2,1,1,"0.99","0.95","-0.95","46.5"
"CH","2024-09-14","88.1","1.95","6.23","Penrod, Zach",665862,683068,"strikeout","swinging_strike",,,,,8,"Jazz Chisholm Jr.  strikes out swinging.","R","L","L","NYY","BOS","S",2,,2,2,2024,"1.33","0.6","-0.18","1.61",,592450,,1,8,"Bot",,,,,,,-7.9440609500827675,-127.94640446533933,-6.365066204405209,16.25388226543543,26.39139106950076,-24.422490305301494,"3.63","1.69",,,,"88.3",1626,"6.5",745689,643376,671213,665839,646240,596115,641933,680776,677800,"53.98",,0,"0",1,0,0,,67,5,"Changeup",1,7,1,7,7,1,1,7,"Standard","Standard",122,"-0.005","-0.265","67.6","7.9",,"0.265",,-6,-6,"0.01","0.01",27,26,27,26,1,3,,1,1,1,"2.35","1.33","1.33","44.9"
"SL","2024-09-14","89","2.23","6.07","Penrod, Zach",665862,683068,,"swinging_strike",,,,,13,"Jazz Chisholm Jr.  strikes out swinging.","R","L","L","NYY","BOS","S",,,2,1,2024,"-0.18","0.5","-0.82","1.39",,592450,,1,8,"Bot",,,,,,,-7.09535197976515,-129.3886105111204,-6.456348418419695,-0.5106228726371248,27.140742189980447,-25.427752805892897,"3.63","1.69",,,,"88.9",2297,"6.3",745689,643376,671213,665839,646240,596115,641933,680776,677800,"54.21",,,,,,,,67,4,"Slider",1,7,1,7,7,1,1,7,"Standard","Standard",137,"0","-0.1","71.3","8.5",,"0.1",,-6,-6,"0.01","0.01",27,26,27,26,1,3,,1,1,1,"2.39","-0.18","-0.18","36.7"
"FF","2024-09-14","94.5","2.06","6.32","Penrod, Zach",665862,683068,,"ball",,,,,12,"Jazz Chisholm Jr.  strikes out swinging.","R","L","L","NYY","BOS","B",,,1,1,2024,"0.68","1.66","0.67","3.79",,592450,,1,8,"Bot",,,,,,,-5.135869488596643,-137.41364038370938,-4.526776133663925,9.770357845994802,35.2169972330316,-10.432455311954948,"3.48","1.53",,,,"93.9",2369,"6.4",745689,643376,671213,665839,646240,596115,641933,680776,677800,"54.14",,,,,,,,67,3,"4-Seam Fastball",1,7,1,7,7,1,1,7,"Standard","Standard",148,"0","0.047",,,,"-0.047",,-6,-6,"0.01","0.01",27,26,27,26,1,3,,1,1,1,"0.93","0.68","0.68","47.7"
"FF","2024-09-14","96.6","1.45","6.52","Penrod, Zach",665862,683068,,"ball",,,,,11,"Jazz Chisholm Jr.  strikes out swinging.","R","L","L","NYY","BOS","B",,,0,1,2024,"0.47","1.78","-0.34","4.01",,592450,,1,8,"Bot",,,,,,,-5.840797827988674,-140.35987174646047,-5.115383758791771,7.608725096546401,36.380929625164875,-7.735869420496227,"3.43","1.51",,,,"96.3",2428,"6.5",745689,643376,671213,665839,646240,596115,641933,680776,677800,"53.96",,,,,,,,67,2,"4-Seam Fastball",1,7,1,7,7,1,1,7,"Standard","Standard",152,"0","0.025",,,,"-0.025",,-6,-6,"0.01","0.01",27,26,27,26,1,3,,1,1,1,"0.69","0.47","0.47","57.9"
"CH","2024-09-14","88.1","1.97","6.23","Penrod, Zach",665862,683068,,"swinging_strike",,,,,13,"Jazz Chisholm Jr.  strikes out swinging.","R","L","L","NYY","BOS","S",,,0,0,2024,"1.08","0.64","-0.44","1.48",,592450,,1,8,"Bot",,,,,,,-8.107882190254749,-127.94227226703163,-6.779599515281747,13.546110398747398,26.590639046457383,-23.864050413518573,"3.63","1.69",,,,"88.4",1900,"6.6",745689,643376,671213,665839,646240,596115,641933,680776,677800,"53.92",,,,,,,,67,1,"Changeup",1,7,1,7,7,1,1,7,"Standard","Standard",126,"0","-0.045","68.2","8.6",,"0.045",,-6,-6,"0.01","0.01",27,26,27,26,1,3,,1,1,1,"2.31","1.08","1.08","46.6"
"SL","2024-09-14","87.9","2.21","6.16","Penrod, Zach",669224,683068,"strikeout","swinging_strike",,,,,1,"Austin Wells strikes out swinging.","R","L","L","NYY","BOS","S",2,,2,2,2024,"-0.28","0.6","-0.56","3.13",,592450,,0,8,"Bot",,,,,,,-6.15056661280742,-127.89144154630908,-2.5158349022057998,-1.8506955241414929,25.015114706514535,-25.219036574356064,"3.45","1.6",,,,"88.3",2383,"6.4",745689,643376,671213,665839,646240,596115,641933,680776,677800,"54.09",,0,"0",1,0,0,,66,6,"Slider",1,7,1,7,7,1,1,7,"Standard","Standard",175,"-0.008","-0.395","73.8","8.3",,"0.395",,-6,-6,"0.018","0.018",27,24,27,25,1,3,,1,1,3,"2.33","-0.28","-0.28","38.9"
"FF","2024-09-14","95.8","1.74","6.45","Penrod, Zach",669224,683068,,"foul",,,,,11,"Austin Wells strikes out swinging.","R","L","L","NYY","BOS","S",,,2,2,2024,"0.45","1.62","-0.25","3.88",,592450,,0,8,"Bot",,,,,,,-6.306795843626871,-139.42435543738458,-4.83547100081197,7.28244265325253,31.47293414262278,-10.159103817236561,"3.45","1.6",240,"85.5",55,"96.1",2425,"6.5",745689,643376,671213,665839,646240,596115,641933,680776,677800,"54.04",,,,,,,,66,5,"4-Seam Fastball",1,7,1,7,7,1,1,7,"Standard","Standard",152,"0","0","66.0","6.3",,"0","88.0",-6,-6,"0.018","0.018",27,24,27,25,1,3,,1,1,3,"0.86","0.45","0.45","49.3"
"CH","2024-09-14","87.3","2.1","6.21","Penrod, Zach",669224,683068,,"blocked_ball",,,,,13,"Austin Wells strikes out swinging.","R","L","L","NYY","BOS","B",,,1,2,2024,"1.11","0.68","-1.3","0.74",,592450,,0,8,"Bot",,,,,,,-10.436513469636658,-126.38449337131418,-8.265102455668703,14.190420083845101,29.235087375760294,-23.16093305373714,"3.18","1.3",,,,"86.6",1886,"6.5",745689,643376,671213,665839,646240,596115,641933,680776,677800,"54.04",,,,,,,,66,4,"Changeup",1,7,1,7,7,1,1,7,"Standard","Standard",126,"0","0.072",,,,"-0.072",,-6,-6,"0.018","0.018",27,24,27,25,1,3,,1,1,3,"2.37","1.11","1.11","46.9"
"FF","2024-09-14","94.7","1.52","6.59","Penrod, Zach",669224,683068,,"ball",,,,,13,"Austin Wells strikes out swinging.","R","L","L","NYY","BOS","B",,,0,2,2024,"0.47","1.52","-0.87","2.19",,592450,,0,8,"Bot",,,,,,,-7.3126899587134275,-137.34673458104663,-9.093131039772125,7.774536269817721,35.04896995800619,-11.069079710247745,"3.26","1.41",,,,"94.3",2386,"6.6",745689,643376,671213,665839,646240,596115,641933,680776,677800,"53.91",,,,,,,,66,3,"4-Seam Fastball",1,7,1,7,7,1,1,7,"Standard","Standard",153,"0","0.042",,,,"-0.042",,-6,-6,"0.018","0.018",27,24,27,25,1,3,,1,1,3,"1.07","0.47","0.47","57.4"
"CH","2024-09-14","87.6","2.22","6.16","Penrod, Zach",669224,683068,,"swinging_strike",,,,,14,"Austin Wells strikes out swinging.","R","L","L","NYY","BOS","S",,,0,1,2024,"1.14","0.7","0.69","1.16",,592450,,0,8,"Bot",,,,,,,-6.06598384874577,-127.25899932777693,-7.385818538222754,13.604222613239399,26.725626252305897,-23.18918697309176,"3.45","1.6",,,,"87.6",1867,"6.4",745689,643376,671213,665839,646240,596115,641933,680776,677800,"54.07",,,,,,,,66,2,"Changeup",1,7,1,7,7,1,1,7,"Standard","Standard",124,"0","-0.092","73.1","8.8",,"0.092",,-6,-6,"0.018","0.018",27,24,27,25,1,3,,1,1,3,"2.28","1.14","1.14","44.7"
"FF","2024-09-14","94.1","1.96","6.32","Penrod, Zach",669224,683068,,"called_strike",,,,,2,"Austin Wells strikes out swinging.","R","L","L","NYY","BOS","S",,,0,0,2024,"0.55","1.68","0.1","2.97",,592450,,0,8,"Bot",,,,,,,-6.069527452249217,-136.77018137507747,-6.689204278871057,8.296276913022792,30.41402398439502,-9.808304569371453,"3.36","1.56",,,,"94.1",2443,"6.4",745689,643376,671213,665839,646240,596115,641933,680776,677800,"54.15",,,,,,,,66,1,"4-Seam Fastball",1,7,1,7,7,1,1,7,"Standard","Standard",148,"0","-0.047",,,,"0.047",,-6,-6,"0.018","0.018",27,24,27,25,1,3,,1,1,3,"0.9","0.55","0.55","45.3"