﻿"pitch_type","game_date","release_speed","release_pos_x","release_pos_z","player_name","batter","pitcher","events","description","spin_dir","spin_rate_deprecated","break_angle_deprecated","break_length_deprecated","zone","des","game_type","stand","p_throws","home_team","away_team","type","hit_location","bb_type","balls","strikes","game_year","pfx_x","pfx_z","plate_x","plate_z","on_3b","on_2b","on_1b","outs_when_up","inning","inning_topbot","hc_x","hc_y","tfs_deprecated","tfs_zulu_deprecated","umpire","sv_id","vx0","vy0","vz0","ax","ay","az","sz_top","sz_bot","hit_distance_sc","launch_speed","launch_angle","effective_speed","release_spin_rate","release_extension","game_pk","fielder_2","fielder_3","fielder_4","fielder_5","fielder_6","fielder_7","fielder_8","fielder_9","release_pos_y","estimated_ba_using_speedangle","estimated_woba_using_speedangle","woba_value","woba_denom","babip_value","iso_value","launch_speed_angle","at_bat_number","pitch_number","pitch_name","home_score","away_score","bat_score","fld_score","post_away_score","post_home_score","post_bat_score","post_fld_score","if_fielding_alignment","of_fielding_alignment","spin_axis","delta_home_win_exp","delta_run_exp","bat_speed","swing_length","estimated_slg_using_speedangle","delta_pitcher_run_exp","hyper_speed","home_score_diff","bat_score_diff","home_win_exp","bat_win_exp","age_pit_legacy","age_bat_legacy","age_pit","age_bat","n_thruorder_pitcher","n_priorpa_thisgame_player_at_bat","pitcher_days_since_prev_game","batter_days_since_prev_game","pitcher_days_until_next_game","batter_days_until_next_game","api_break_z_with_gravity","api_break_x_arm","api_break_x_batter_in","arm_angle"
"FS","2024-05-03","84.1","-2.09","6.24","Uwasawa, Naoyuki",669304,683822,"field_out","hit_into_play",,,,,11,"Jose Miranda pops out softly to pitcher Naoyuki Uwasawa.","R","R","R","MIN","BOS","X",1,"popup",2,2,2024,"-0.32","1.04","-1.41","3.26",,,650489,2,8,"Bot",117.46,181.97,,,,,2.221570756083967,-122.53250451605895,-2.614399361533966,-3.6610953697437334,23.70193705578442,-21.35134137275902,"3.09","1.44",56,"35.7",63,"84.2",1028,"6.3",745914,624512,643265,687093,646240,678882,641933,680776,677800,"54.23",0.037,0.036,"0",1,0,0,1,66,5,"Split-Finger",5,2,5,2,2,5,5,2,"Infield shade","Standard",232,"-0.003","-0.197","48.0","5.9",0.041,"0.197","88.0",3,3,"0.972","0.972",30,26,30,26,2,3,1,2,,1,"2.17","0.32","0.32","52.4"
"FF","2024-05-03","89.1","-1.83","6.26","Uwasawa, Naoyuki",669304,683822,,"ball",,,,,14,"Jose Miranda pops out softly to pitcher Naoyuki Uwasawa.","R","R","R","MIN","BOS","B",,,1,2,2024,"-0.84","1.52","1.66","1.51",,,650489,2,8,"Bot",,,,,,,10.348507388035562,-129.18151261298553,-8.81840473228139,-11.501203248262364,26.67421100916778,-13.377934062902186,"2.97","1.4",,,,"89.2",2392,"6.5",745914,624512,643265,687093,646240,678882,641933,680776,677800,"53.98",,,,,,,,66,4,"4-Seam Fastball",5,2,5,2,2,5,5,2,"Standard","Standard",217,"0","0.032",,,,"-0.032",,3,3,"0.972","0.972",30,26,30,26,2,3,1,2,,1,"1.37","0.84","0.84","48.1"
"SL","2024-05-03","82.3","-2.21","6.11","Uwasawa, Naoyuki",669304,683822,,"ball",,,,,14,"Jose Miranda pops out softly to pitcher Naoyuki Uwasawa.","R","R","R","MIN","BOS","B",,,0,2,2024,"0.72","-0.14","1.75","1.4",,,650489,2,8,"Bot",,,,,,,7.583916117054291,-119.64129764784172,-3.8334268627716774,5.310768207190792,24.611493199822103,-32.883114497789805,"2.91","1.38",,,,"82",2605,"6.3",745914,624512,643265,687093,646240,678882,641933,680776,677800,"54.2",,,,,,,,66,3,"Slider",5,2,5,2,2,5,5,2,"Standard","Standard",37,"0","0.023",,,,"-0.023",,3,3,"0.972","0.972",30,26,30,26,2,3,1,2,,1,"3.53","-0.72","-0.72","44.8"
"FC","2024-05-03","88.3","-2.04","6.17","Uwasawa, Naoyuki",669304,683822,,"foul",,,,,2,"Jose Miranda pops out softly to pitcher Naoyuki Uwasawa.","R","R","R","MIN","BOS","S",,,0,1,2024,"-0.04","0.95","-0.01","3.18",,,650489,2,8,"Bot",,,,,,,5.034000502270349,-128.52798630567946,-3.1798212925008995,-1.4908532267386354,26.531012359494014,-21.193057993725105,"3.09","1.44",236,"72.3",37,"88.4",2504,"6.3",745914,624512,643265,687093,646240,678882,641933,680776,677800,"54.18",,,,,,,,66,2,"Cutter",5,2,5,2,2,5,5,2,"Standard","Standard",200,"0","-0.046","72.3","7.0",,"0.046","88.0",3,3,"0.972","0.972",30,26,30,26,2,3,1,2,,1,"1.97","0.04","0.04","47.8"
"FF","2024-05-03","89.8","-1.89","6.35","Uwasawa, Naoyuki",669304,683822,,"foul",,,,,2,"Jose Miranda pops out softly to pitcher Naoyuki Uwasawa.","R","R","R","MIN","BOS","S",,,0,0,2024,"-0.9","1.59","-0.08","3.04",,,650489,2,8,"Bot",,,,,,,6.373025323103881,-130.5740203079056,-5.531526571759614,-11.623437669166657,28.075325174269384,-13.0375461017426,"3.09","1.44",216,"71.9",38,"89.6",2528,"6.2",745914,624512,643265,687093,646240,678882,641933,680776,677800,"54.27",,,,,,,,66,1,"4-Seam Fastball",5,2,5,2,2,5,5,2,"Infield shade","Standard",214,"0","-0.039","65.5","6.0",,"0.039","88.0",3,3,"0.972","0.972",30,26,30,26,2,3,1,2,,1,"1.25","0.9","0.9","51.4"
"FS","2024-05-03","86.8","-2.2","6.29","Uwasawa, Naoyuki",650489,683822,"single","hit_into_play",,,,,13,"Willi Castro singles on a line drive to center fielder Jarren Duran.","R","L","R","MIN","BOS","X",8,"line_drive",1,1,2024,"-1.1","0.4","-0.55","1.42",,,,2,8,"Bot",103.99,103.72,,,,,6.185862423801029,-126.13639795305886,-6.245229654622679,-12.953567623559222,25.102266228403867,-26.862754436489524,"3.54","1.65",195,"71",20,"86.7",1310,"6.3",745914,624512,643265,687093,646240,678882,641933,680776,677800,"54.22",0.903,0.826,"0.9",1,1,0,4,65,3,"Split-Finger",5,2,5,2,2,5,5,2,"Standard","Standard",225,"0.002","0.133","72.1","7.5",0.96,"-0.133","88.0",3,3,"0.97","0.97",30,27,30,27,1,3,1,2,,1,"2.63","1.1","-1.1","49.5"
"CU","2024-05-03","79.8","-2.37","6.14","Uwasawa, Naoyuki",650489,683822,,"foul",,,,,5,"Willi Castro singles on a line drive to center fielder Jarren Duran.","R","L","R","MIN","BOS","S",,,1,0,2024,"1.08","-0.62","0.21","2.26",,,,2,8,"Bot",,,,,,,3.6181679122654775,-116.1159774555933,-0.5211943475782307,8.886057800844974,25.3664930545055,-37.87354014621426,"3.54","1.65",161,"74.2",62,"79",2510,"6.1",745914,624512,643265,687093,646240,678882,641933,680776,677800,"54.42",,,,,,,,65,2,"Curveball",5,2,5,2,2,5,5,2,"Standard","Standard",37,"0","-0.02","72.9","6.5",,"0.02","88.0",3,3,"0.97","0.97",30,27,30,27,1,3,1,2,,1,"4.25","-1.08","1.08","43.0"
"FC","2024-05-03","87.7","-2.22","6.29","Uwasawa, Naoyuki",650489,683822,,"ball",,,,,11,"Willi Castro singles on a line drive to center fielder Jarren Duran.","R","L","R","MIN","BOS","B",,,0,0,2024,"-0.18","1.28","-1.26","3.43",,,,2,8,"Bot",,,,,,,2.7074779939609814,-127.6963079108702,-3.4594090885172606,-2.5657798406850243,25.30527133359704,-17.610070607934542,"3.55","1.68",,,,"87.8",2430,"6.3",745914,624512,643265,687093,646240,678882,641933,680776,677800,"54.24",,,,,,,,65,1,"Cutter",5,2,5,2,2,5,5,2,"Standard","Standard",205,"0","0.015",,,,"-0.015",,3,3,"0.97","0.97",30,27,30,27,1,3,1,2,,1,"1.67","0.18","-0.18","50.3"
"FS","2024-05-03","85.5","-2.16","6.34","Uwasawa, Naoyuki",467793,683822,"field_out","hit_into_play",,,,,11,"Carlos Santana flies out to center fielder Jarren Duran.","R","L","R","MIN","BOS","X",8,"fly_ball",2,2,2024,"-0.98","0.86","-0.93","3.24",,,,1,8,"Bot",96.9,81.93,,,,,4.870552820099591,-124.52037106208891,-2.7821794421280064,-11.135975247238953,23.96533785172947,-22.891534856979888,"3.4","1.67",299,"87",37,"85.7",1250,"6.3",745914,624512,643265,687093,646240,678882,641933,680776,677800,"54.23",0.031,0.047,"0",1,0,0,3,64,5,"Split-Finger",5,2,5,2,2,5,5,2,"Infield shade","Standard",230,"-0.002","-0.142","62.4","6.9",0.075,"0.142","88.0",3,3,"0.972","0.972",30,38,30,38,1,3,1,2,,1,"2.25","0.98","-0.98","49.2"
"FF","2024-05-03","89.8","-2.07","6.29","Uwasawa, Naoyuki",467793,683822,,"ball",,,,,12,"Carlos Santana flies out to center fielder Jarren Duran.","R","L","R","MIN","BOS","B",,,1,2,2024,"-0.31","1.48","1.88","3.2",,,,1,8,"Bot",,,,,,,10.407406546561084,-130.30958438256107,-4.733082504283195,-5.821288975643237,28.56331179022189,-14.481093296748037,"3.33","1.7",,,,"89.5",2366,"6.3",745914,624512,643265,687093,646240,678882,641933,680776,677800,"54.16",,,,,,,,64,4,"4-Seam Fastball",5,2,5,2,2,5,5,2,"Infield shade","Standard",212,"0","0.027",,,,"-0.027",,3,3,"0.972","0.972",30,38,30,38,1,3,1,2,,1,"1.37","0.31","-0.31","49.7"
"FS","2024-05-03","88","-2.04","6.31","Uwasawa, Naoyuki",467793,683822,,"called_strike",,,,,8,"Carlos Santana flies out to center fielder Jarren Duran.","R","L","R","MIN","BOS","S",,,1,1,2024,"-1.34","0.6","0.25","2.09",,,,1,8,"Bot",,,,,,,8.318619898083194,-127.78616770906832,-5.37161298256277,-16.391614540502385,25.718299804286683,-24.649252443550235,"3.41","1.77",,,,"88",1534,"6.3",745914,624512,643265,687093,646240,678882,641933,680776,677800,"54.18",,,,,,,,64,3,"Split-Finger",5,2,5,2,2,5,5,2,"Infield shade","Standard",228,"0","-0.039",,,,"0.039",,3,3,"0.972","0.972",30,38,30,38,1,3,1,2,,1,"2.35","1.34","-1.34","49.2"
"FC","2024-05-03","87.2","-2.2","6.18","Uwasawa, Naoyuki",467793,683822,,"ball",,,,,14,"Carlos Santana flies out to center fielder Jarren Duran.","R","L","R","MIN","BOS","B",,,0,1,2024,"0.18","0.92","1.43","2.03",,,,1,8,"Bot",,,,,,,8.363689805184647,-126.71553197972477,-5.758014868646737,0.3440021564808442,23.656944734033914,-21.231078894953825,"3.41","1.62",,,,"87.4",2520,"6.3",745914,624512,643265,687093,646240,678882,641933,680776,677800,"54.21",,,,,,,,64,2,"Cutter",5,2,5,2,2,5,5,2,"Infield shade","Standard",202,"0","0.015",,,,"-0.015",,3,3,"0.972","0.972",30,38,30,38,1,3,1,2,,1,"2.06","-0.18","0.18","51.7"
"FF","2024-05-03","90.6","-2.03","6.33","Uwasawa, Naoyuki",467793,683822,,"called_strike",,,,,4,"Carlos Santana flies out to center fielder Jarren Duran.","R","L","R","MIN","BOS","S",,,0,0,2024,"-0.8","1.58","-0.81","2",,,,1,8,"Bot",,,,,,,4.7476555633605,-131.6525910546571,-8.183761252422611,-10.28432721067835,29.95755225755054,-12.179255024730274,"3.22","1.45",,,,"90.1",2545,"6.2",745914,624512,643265,687093,646240,678882,641933,680776,677800,"54.3",,,,,,,,64,1,"4-Seam Fastball",5,2,5,2,2,5,5,2,"Infield shade","Standard",217,"0","-0.023",,,,"0.023",,3,3,"0.972","0.972",30,38,30,38,1,3,1,2,,1,"1.22","0.8","-0.8","49.4"
"CU","2024-05-03","81.1","-2.32","6.25","Uwasawa, Naoyuki",668885,683822,"strikeout","called_strike",,,,,1,"Austin Martin called out on strikes.","R","R","R","MIN","BOS","S",2,,2,2,2024,"0.92","-0.65","-0.39","2.89",,,,0,8,"Bot",,,,,,,2.551103844200626,-118.00148032315454,0.42493982296543753,7.916140120578252,25.565240321403362,-38.486261168213716,"3.14","1.44",,,,"80.3",2610,"6",745914,624512,643265,687093,646240,678882,641933,680776,677800,"54.46",,0,"0",1,0,0,,63,5,"Curveball",5,2,5,2,2,5,5,2,"Standard","Standard",48,"-0.003","-0.203",,,,"0.203",,3,3,"0.975","0.975",30,25,30,25,1,0,1,5,,1,"4.15","-0.92","-0.92","49.3"
"FS","2024-05-03","84.5","-1.92","6.43","Uwasawa, Naoyuki",668885,683822,,"called_strike",,,,,5,"Austin Martin called out on strikes.","R","R","R","MIN","BOS","S",,,2,1,2024,"-1.07","1.07","-0.11","1.99",,,,0,8,"Bot",,,,,,,6.315734391599017,-122.8378557812723,-6.0867674972011345,-12.099810685243794,23.7887773631409,-20.360493717442445,"3.12","1.48",,,,"84.3",1281,"6.1",745914,624512,643265,687093,646240,678882,641933,680776,677800,"54.35",,,,,,,,63,4,"Split-Finger",5,2,5,2,2,5,5,2,"Standard","Standard",226,"0","-0.062",,,,"0.062",,3,3,"0.975","0.975",30,25,30,25,1,0,1,5,,1,"2.13","1.07","1.07","51.1"
"FS","2024-05-03","84","-1.88","6.32","Uwasawa, Naoyuki",668885,683822,,"ball",,,,,14,"Austin Martin called out on strikes.","R","R","R","MIN","BOS","B",,,1,1,2024,"-1.27","0.48","0.09","0.1",,,,0,8,"Bot",,,,,,,7.071897066070727,-121.98909397647543,-8.968547660032241,-14.050244348133363,22.105408957951134,-25.81993108400895,"3.15","1.51",,,,"84.1",1301,"6.3",745914,624512,643265,687093,646240,678882,641933,680776,677800,"54.21",,,,,,,,63,3,"Split-Finger",5,2,5,2,2,5,5,2,"Standard","Standard",227,"0","0.048",,,,"-0.048",,3,3,"0.975","0.975",30,25,30,25,1,0,1,5,,1,"2.74","1.27","1.27","52.8"
"FF","2024-05-03","89.2","-1.79","6.45","Uwasawa, Naoyuki",668885,683822,,"ball",,,,,12,"Austin Martin called out on strikes.","R","R","R","MIN","BOS","B",,,0,1,2024,"-0.65","1.46","1.03","4.08",,,,0,8,"Bot",,,,,,,8.286290641174798,-129.677656722544,-2.8661330960813043,-9.08372740727575,27.092918174142145,-15.255775310893744,"3.11","1.49",,,,"89",2334,"6.2",745914,624512,643265,687093,646240,678882,641933,680776,677800,"54.28",,,,,,,,63,2,"4-Seam Fastball",5,2,5,2,2,5,5,2,"Standard","Standard",210,"0","0.023",,,,"-0.023",,3,3,"0.975","0.975",30,25,30,25,1,0,1,5,,1,"1.41","0.65","0.65","55.3"
"FF","2024-05-03","89.2","-1.89","6.46","Uwasawa, Naoyuki",668885,683822,,"foul",,,,,11,"Austin Martin called out on strikes.","R","R","R","MIN","BOS","S",,,0,0,2024,"-0.84","1.73","-0.43","3.51",,,,0,8,"Bot",,,,,,,5.349551600339105,-129.80273953626127,-4.846678558049189,-10.666226611540694,27.655587922742285,-11.777940528808093,"3.16","1.48",165,"60.5",48,"88.9",2390,"6.2",745914,624512,643265,687093,646240,678882,641933,680776,677800,"54.35",,,,,,,,63,1,"4-Seam Fastball",5,2,5,2,2,5,5,2,"Standard","Standard",213,"0","-0.033","48.3","5.2",,"0.033","88.0",3,3,"0.975","0.975",30,25,30,25,1,0,1,5,,1,"1.14","0.84","0.84","52.4"
"FF","2024-05-03","88.8","-1.8","6.33","Uwasawa, Naoyuki",621043,683822,"strikeout","called_strike",,,,,9,"Carlos Correa called out on strikes.","R","R","R","MIN","BOS","S",2,,0,2,2024,"-0.86","1.39","0.45","2.12",666397,680777,,2,7,"Bot",,,,,,,7.324295612820402,-129.09520936247674,-7.25140298313422,-11.05798167935364,23.264113250877926,-15.248036231199796,"3.72","1.73",,,,"89.3",2407,"6.3",745914,624512,643265,687093,646240,678882,641933,680776,677800,"54.17",,0,"0",1,0,0,,56,4,"4-Seam Fastball",5,0,5,0,0,5,5,0,"Standard","Standard",214,"-0.003","-0.348",,,,"0.348",,5,5,"0.988","0.988",30,29,30,30,1,3,1,2,,1,"1.47","0.86","0.86","49.7"
"FS","2024-05-03","85.9","-1.96","6.33","Uwasawa, Naoyuki",621043,683822,,"foul",,,,,13,"Carlos Correa called out on strikes.","R","R","R","MIN","BOS","S",,,0,2,2024,"-0.77","0.76","-0.9","1.38",666397,680777,,2,7,"Bot",,,,,,,4.053929147257288,-124.91881231468923,-7.035065121613414,-8.860525489669941,23.22269029009995,-23.003221566370495,"3.58","1.72",77,"90.7",4,"86",1076,"6.2",745914,624512,643265,687093,646240,678882,641933,680776,677800,"54.26",,,,,,,,56,3,"Split-Finger",5,0,5,0,0,5,5,0,"Standard","Standard",238,"0","0","73.9","8.4",,"0","90.7",5,5,"0.988","0.988",30,29,30,30,1,3,1,2,,1,"2.31","0.77","0.77","49.7"
"FC","2024-05-03","89","-1.93","6.24","Uwasawa, Naoyuki",621043,683822,,"foul",,,,,6,"Carlos Correa called out on strikes.","R","R","R","MIN","BOS","S",,,0,1,2024,"0.06","1.13","0.41","2.47",666397,680777,,2,7,"Bot",,,,,,,5.594843435031758,-129.52001166272132,-5.646439571863587,-0.29462933518287127,23.499253434939213,-18.458224311591735,"3.58","1.72",177,"73.7",19,"89.3",2491,"6.2",745914,624512,643265,687093,646240,678882,641933,680776,677800,"54.31",,,,,,,,56,2,"Cutter",5,0,5,0,0,5,5,0,"Standard","Standard",211,"0","-0.117","72.2","6.6",,"0.117","88.0",5,5,"0.988","0.988",30,29,30,30,1,3,1,2,,1,"1.72","-0.06","-0.06","46.5"
"FS","2024-05-03","86.6","-1.94","6.32","Uwasawa, Naoyuki",621043,683822,,"called_strike",,,,,7,"Carlos Correa called out on strikes.","R","R","R","MIN","BOS","S",,,0,0,2024,"-0.93","1.14","-0.82","2.11",666397,680777,,2,7,"Bot",,,,,,,4.569341811200627,-125.9395210287496,-6.186421138069039,-10.841747828973858,24.44583253814775,-18.98470758944072,"3.58","1.69",,,,"86.7",1440,"6.3",745914,624512,643265,687093,646240,678882,641933,680776,677800,"54.22",,,,,,,,56,1,"Split-Finger",5,0,5,0,0,5,5,0,"Standard","Standard",226,"0","-0.091",,,,"0.091",,5,5,"0.988","0.988",30,29,30,30,1,3,1,2,,1,"1.89","0.93","0.93","54.4"
"FC","2024-05-03","88","-2.24","6.3","Uwasawa, Naoyuki",596146,683822,"field_out","hit_into_play",,,,,12,"Max Kepler pops out to second baseman Vaughn Grissom.","R","L","R","MIN","BOS","X",4,"popup",1,0,2024,"-0.13","1.2","0.87","2.8",666397,680777,,1,7,"Bot",140.59,180.43,,,,,7.7799201428280975,-127.87021469899452,-4.851075362264012,-3.0329851644422363,26.014688183030007,-18.188096332802957,"3.58","1.72",59,"74.9",76,"87.8",2379,"6.2",745914,624512,643265,687093,646240,678882,641933,680776,677800,"54.32",0.003,0.003,"0",1,0,0,3,55,2,"Cutter",5,0,5,0,0,5,5,0,"Strategic","Standard",217,"-0.004","-0.473","80.4","7.4",0.003,"0.473","88.0",5,5,"0.992","0.992",30,31,30,31,1,3,1,2,,1,"1.75","0.13","-0.13","46.9"
"FS","2024-05-03","83.8","-2","6.27","Uwasawa, Naoyuki",596146,683822,,"blocked_ball",,,,,14,"Max Kepler pops out to second baseman Vaughn Grissom.","R","L","R","MIN","BOS","B",,,0,0,2024,"-0.96","0.99","0.52","0.1",666397,680777,,1,7,"Bot",,,,,,,7.688817281295176,-121.56616785004337,-9.816399216450538,-10.878984465479743,20.518212997159402,-20.695665122082797,"3.58","1.76",,,,"84",1380,"6.3",745914,624512,643265,687093,646240,678882,641933,680776,677800,"54.2",,,,,,,,55,1,"Split-Finger",5,0,5,0,0,5,5,0,"Strategic","Standard",232,"0","0.046",,,,"-0.046",,5,5,"0.992","0.992",30,31,30,31,1,3,1,2,,1,"2.24","0.96","-0.96","48.7"
"FC","2024-05-03","88.5","-2.1","6.24","Uwasawa, Naoyuki",680777,683822,"double","hit_into_play",,,,,3,"Ryan Jeffers doubles (9) on a sharp line drive to center fielder Jarren Duran.   Jose Miranda scores.    Alex Kirilloff scores.    Edouard Julien to 3rd.","R","R","R","MIN","BOS","X",8,"line_drive",3,2,2024,"-0.32","1.41","0.37","2.81",669304,666135,666397,1,7,"Bot",97.58,86.02,,,,,6.6794390853409755,-128.61821501918052,-5.190208388931591,-5.017326343274723,27.936604549079323,-15.636662423029062,"3.3","1.58",171,"101",10,"88",2429,"6.1",745914,624512,643265,687093,646240,678882,641933,680776,677800,"54.36",0.78,0.723,"1.25",1,1,1,4,54,6,"Cutter",3,0,3,0,0,5,5,0,"Standard","Standard",215,"0.026","1.701","74.8","7.1",0.912,"-1.701","101.0",3,3,"0.966","0.966",30,27,30,27,1,3,1,2,,1,"1.52","0.32","0.32","46.9"
"FF","2024-05-03","88.5","-2.12","6.27","Uwasawa, Naoyuki",680777,683822,,"ball",,,,,14,"Ryan Jeffers doubles (9) on a sharp line drive to center fielder Jarren Duran.   Jose Miranda scores.    Alex Kirilloff scores.    Edouard Julien to 3rd.","R","R","R","MIN","BOS","B",,,2,2,2024,"-0.3","1.66","0.08","1.1",669304,666135,666397,1,7,"Bot",,,,,,,5.97391554376954,-128.37884863124006,-9.94399369496712,-4.535524737973217,26.963144845861063,-11.952099381119563,"3.22","1.54",,,,"88.2",2454,"6.3",745914,624512,643265,687093,646240,678882,641933,680776,677800,"54.19",,,,,,,,54,5,"4-Seam Fastball",3,0,3,0,0,3,3,0,"Infield shade","Standard",205,"0","0.37",,,,"-0.37",,3,3,"0.966","0.966",30,27,30,27,1,3,1,2,,1,"1.28","0.3","0.3","49.3"
"FC","2024-05-03","87.3","-2.11","6.29","Uwasawa, Naoyuki",680777,683822,,"foul",,,,,1,"Ryan Jeffers doubles (9) on a sharp line drive to center fielder Jarren Duran.   Jose Miranda scores.    Alex Kirilloff scores.    Edouard Julien to 3rd.","R","R","R","MIN","BOS","S",,,2,1,2024,"-0.23","1.5","-0.42","3.1",669304,666135,666397,1,7,"Bot",,,,,,,4.522202119842797,-127.02744966872406,-4.572858951666898,-3.4686009294806683,26.92494619524057,-15.232520590811259,"3.3","1.58",112,"70.7",75,"86.8",2312,"6.1",745914,624512,643265,687093,646240,678882,641933,680776,677800,"54.43",,,,,,,,54,4,"Cutter",3,0,3,0,0,3,3,0,"Standard","Standard",211,"0","-0.242","68.9","6.7",,"0.242","88.0",3,3,"0.966","0.966",30,27,30,27,1,3,1,2,,1,"1.5","0.23","0.23","51.8"
"FS","2024-05-03","83.2","-2.02","6.39","Uwasawa, Naoyuki",680777,683822,,"ball",,,,,11,"Ryan Jeffers doubles (9) on a sharp line drive to center fielder Jarren Duran.   Jose Miranda scores.    Alex Kirilloff scores.    Edouard Julien to 3rd.","R","R","R","MIN","BOS","B",,,1,1,2024,"-1.02","0.3","-1.13","4.37",669304,666135,666397,1,7,"Bot",,,,,,,4.006859066901778,-121.07668159219206,1.243499055791287,-10.777014046939462,23.87142276650359,-29.669945359814673,"3.31","1.65",,,,"82.8",933,"6.1",745914,624512,643265,687093,646240,678882,641933,680776,677800,"54.44",,,,,,,,54,3,"Split-Finger",3,0,3,0,0,3,3,0,"Standard","Standard",238,"0","0.159",,,,"-0.159",,3,3,"0.966","0.966",30,27,30,27,1,3,1,2,,1,"2.99","1.02","1.02","53.0"
"FS","2024-05-03","85.3","-1.96","6.34","Uwasawa, Naoyuki",680777,683822,,"blocked_ball",,,,,13,"Ryan Jeffers doubles (9) on a sharp line drive to center fielder Jarren Duran.   Jose Miranda scores.    Alex Kirilloff scores.    Edouard Julien to 3rd.","R","R","R","MIN","BOS","B",,,0,1,2024,"-1.3","0.14","-0.66","0.66",669304,666135,666397,1,7,"Bot",,,,,,,5.658810286838219,-123.93849323727024,-7.303989583182135,-14.483672749501777,24.746019845752222,-29.402755702018002,"3.15","1.6",,,,"85.1",1033,"6.2",745914,624512,643265,687093,646240,678882,641933,680776,677800,"54.26",,,,,,,,54,2,"Split-Finger",3,0,3,0,0,3,3,0,"Standard","Standard",235,"0","0.048",,,,"-0.048",,3,3,"0.966","0.966",30,27,30,27,1,3,1,2,,1,"3","1.3","1.3","50.0"
"FS","2024-05-03","86","-1.9","6.33","Uwasawa, Naoyuki",680777,683822,,"called_strike",,,,,9,"Ryan Jeffers doubles (9) on a sharp line drive to center fielder Jarren Duran.   Jose Miranda scores.    Alex Kirilloff scores.    Edouard Julien to 3rd.","R","R","R","MIN","BOS","S",,,0,0,2024,"-0.93","0.81","0.52","1.69",669304,666135,666397,1,7,"Bot",,,,,,,7.586619700407888,-125.02821186050129,-6.400505601082167,-11.193814711244224,23.54644074834726,-22.617930885430923,"3.31","1.6",,,,"85.9",1240,"6.2",745914,624512,643265,687093,646240,678882,641933,680776,677800,"54.34",,,,,,,,54,1,"Split-Finger",3,0,3,0,0,3,3,0,"Standard","Standard",230,"0","-0.112",,,,"0.112",,3,3,"0.966","0.966",30,27,30,27,1,3,1,2,,1,"2.26","0.93","0.93","53.9"
"FS","2024-05-03","85.9","-2.07","6.3","Uwasawa, Naoyuki",666397,683822,,"ball",,,,,14,"Edouard Julien walks.   Willi Castro scores.    Jose Miranda to 3rd.    Alex Kirilloff to 2nd.","R","L","R","MIN","BOS","B",,,2,1,2024,"-0.94","0.93","0.01","0.93",650489,669304,666135,1,7,"Bot",,,,,,,6.8117600152396225,-124.74605050855688,-8.298769353095109,-11.187542125845516,25.31951470503892,-20.917048645227787,"3.41","1.72",,,,"85.7",1219,"6.3",745914,624512,643265,687093,646240,678882,641933,680776,677800,"54.23",,,,,,,,53,4,"Split-Finger",2,0,2,0,0,2,2,0,"Strategic","Standard",230,"0","0.336",,,,"-0.336",,2,2,"0.932","0.932",30,25,30,25,1,3,1,2,,1,"2.17","0.94","-0.94","49.3"
"FS","2024-05-03","87.1","-2.06","6.32","Uwasawa, Naoyuki",666397,683822,,"ball",,,,,14,"Edouard Julien walks.   Willi Castro scores.    Jose Miranda to 3rd.    Alex Kirilloff to 2nd.","R","L","R","MIN","BOS","B",,,1,1,2024,"-0.89","0.99","0.04","0.92",650489,669304,666135,1,7,"Bot",,,,,,,6.8374838440122625,-126.41329008955351,-8.78238769387339,-10.947311746844806,25.503270990651973,-19.9059822812355,"3.42","1.82",,,,"86.8",1154,"6.2",745914,624512,643265,687093,646240,678882,641933,680776,677800,"54.3",,,,,,,,53,3,"Split-Finger",2,0,2,0,0,2,2,0,"Strategic","Standard",233,"0","0.159",,,,"-0.159",,2,2,"0.932","0.932",30,25,30,25,1,3,1,2,,1,"2.03","0.89","-0.89","54.1"
"FF","2024-05-03","91","-2.19","6.24","Uwasawa, Naoyuki",666397,683822,,"ball",,,,,13,"Edouard Julien walks.   Willi Castro scores.    Jose Miranda to 3rd.    Alex Kirilloff to 2nd.","R","L","R","MIN","BOS","B",,,0,1,2024,"-0.81","1.5","-1.42","1.98",650489,669304,666135,1,7,"Bot",,,,,,,3.676641573756923,-132.38275656446484,-7.995086441119156,-10.357132589483443,27.770527967777557,-12.992755154836868,"3.41","1.79",,,,"90.9",2533,"6.2",745914,624512,643265,687093,646240,678882,641933,680776,677800,"54.28",,,,,,,,53,2,"4-Seam Fastball",2,0,2,0,0,2,2,0,"Strategic","Standard",221,"0","0.048",,,,"-0.048",,2,2,"0.932","0.932",30,25,30,25,1,3,1,2,,1,"1.25","0.81","-0.81","53.6"
"FS","2024-05-03","87.4","-2.07","6.26","Uwasawa, Naoyuki",666397,683822,,"foul",,,,,4,"Edouard Julien walks.   Willi Castro scores.    Jose Miranda to 3rd.    Alex Kirilloff to 2nd.","R","L","R","MIN","BOS","S",,,0,0,2024,"-1.27","0.35","-0.28","2.35",650489,669304,666135,1,7,"Bot",,,,,,,6.904162757510253,-127.11554717234743,-3.9826012167144427,-15.171029410686419,26.137080391418248,-27.707111358861326,"3.4","1.66",273,"86.6",43,"87.3",1119,"6.2",745914,624512,643265,687093,646240,678882,641933,680776,677800,"54.27",,,,,,,,53,1,"Split-Finger",2,0,2,0,0,2,2,0,"Strategic","Standard",232,"0","-0.112","72.9","6.9",,"0.112","88.0",2,2,"0.932","0.932",30,25,30,25,1,3,1,2,,1,"2.63","1.27","-1.27","54.4"
"FS","2024-05-03","86.5","-1.99","6.34","Uwasawa, Naoyuki",666135,683822,"force_out","hit_into_play",,,,,1,"Alex Kirilloff grounds into a force out, second baseman Vaughn Grissom to catcher Reese McGuire.   Carlos Santana out at home.    Willi Castro to 3rd.    Jose Miranda to 2nd.    Alex Kirilloff to 1st.","R","L","R","MIN","BOS","X",4,"ground_ball",1,2,2024,"-0.91","0.17","-0.56","3.12",467793,650489,669304,0,7,"Bot",143.62,166.49,,,,,5.2503113851164604,-125.95638227334426,-1.8308463692356274,-10.704367013455387,25.144685806504963,-30.20926718065364,"3.42","1.64",2,"71.5",-52,"86.5",854,"6.2",745914,624512,643265,687093,646240,678882,641933,680776,677800,"54.32",0.249,0.238,"0",1,0,0,2,52,4,"Split-Finger",2,0,2,0,0,2,2,0,"Strategic","Standard",245,"-0.023","-0.364","65.3","7.1",0.25,"0.364","88.0",2,2,"0.955","0.955",30,26,30,27,1,3,1,2,,1,"2.87","0.91","-0.91","48.6"
"FS","2024-05-03","87.3","-2.08","6.24","Uwasawa, Naoyuki",666135,683822,,"ball",,,,,13,"Alex Kirilloff grounds into a force out, second baseman Vaughn Grissom to catcher Reese McGuire.   Carlos Santana out at home.    Willi Castro to 3rd.    Jose Miranda to 2nd.    Alex Kirilloff to 1st.","R","L","R","MIN","BOS","B",,,0,2,2024,"-1.15","-0.13","-1.49","1.1",467793,650489,669304,0,7,"Bot",,,,,,,3.7724324975562853,-126.98259483794178,-5.917199310995401,-13.220459256970411,26.10717899193819,-32.5979019354878,"3.62","1.86",,,,"87.1",849,"6.2",745914,624512,643265,687093,646240,678882,641933,680776,677800,"54.29",,,,,,,,52,3,"Split-Finger",2,0,2,0,0,2,2,0,"Strategic","Standard",246,"0","0.036",,,,"-0.036",,2,2,"0.955","0.955",30,26,30,27,1,3,1,2,,1,"3.13","1.15","-1.15","49.5"
"FS","2024-05-03","86.8","-2.04","6.34","Uwasawa, Naoyuki",666135,683822,,"swinging_strike",,,,,13,"Alex Kirilloff grounds into a force out, second baseman Vaughn Grissom to catcher Reese McGuire.   Carlos Santana out at home.    Willi Castro to 3rd.    Jose Miranda to 2nd.    Alex Kirilloff to 1st.","R","L","R","MIN","BOS","S",,,0,1,2024,"-1.47","-0.02","-0.6","1.01",467793,650489,669304,0,7,"Bot",,,,,,,6.421650829018178,-126.11424338772939,-6.503070021343013,-16.973208622847267,25.25065009279638,-31.22634764011414,"3.42","1.64",,,,"86.5",1106,"6.2",745914,624512,643265,687093,646240,678882,641933,680776,677800,"54.32",,,,,,,,52,2,"Split-Finger",2,0,2,0,0,2,2,0,"Strategic","Standard",234,"0","-0.133","71.1","8.7",,"0.133",,2,2,"0.955","0.955",30,26,30,27,1,3,1,2,,1,"3.05","1.47","-1.47","48.5"
"FS","2024-05-03","83.8","-2.04","6.36","Uwasawa, Naoyuki",666135,683822,,"swinging_strike",,,,,13,"Alex Kirilloff grounds into a force out, second baseman Vaughn Grissom to catcher Reese McGuire.   Carlos Santana out at home.    Willi Castro to 3rd.    Jose Miranda to 2nd.    Alex Kirilloff to 1st.","R","L","R","MIN","BOS","S",,,0,0,2024,"-0.64","0.15","-0.39","0.92",467793,650489,669304,0,7,"Bot",,,,,,,5.041812320306434,-121.91606232753234,-6.445157855339575,-7.384340656612604,23.342207773659716,-29.666092447761937,"3.42","1.64",,,,"83.6",1116,"6.1",745914,624512,643265,687093,646240,678882,641933,680776,677800,"54.42",,,,,,,,52,1,"Split-Finger",2,0,2,0,0,2,2,0,"Strategic","Standard",238,"0","-0.107","74.2","8.4",,"0.107",,2,2,"0.955","0.955",30,26,30,27,1,3,1,2,,1,"3.09","0.64","-0.64","50.2"
"FS","2024-05-03","83.8","-1.96","6.39","Uwasawa, Naoyuki",669304,683822,"walk","ball",,,,,13,"Jose Miranda walks.   Carlos Santana to 3rd.    Willi Castro to 2nd.","R","R","R","MIN","BOS","B",,,3,1,2024,"-1.09","-0.1","-1.74","2.2",,467793,650489,0,7,"Bot",,,,,,,2.6413124245166526,-122.06195792639912,-3.077107008637965,-11.382141663845914,23.43576414655739,-32.79383011295355,"3.05","1.49",,,,"83.8",911,"6.2",745914,624512,643265,687093,646240,678882,641933,680776,677800,"54.35",,0.689131,"0.7",1,0,0,,51,5,"Split-Finger",2,0,2,0,0,2,2,0,"Standard","Standard",245,"0.027","0.449",,,,"-0.449",,2,2,"0.928","0.928",30,26,30,26,1,2,1,2,,1,"3.33","1.09","1.09","53.2"
"FF","2024-05-03","88.6","-1.77","6.46","Uwasawa, Naoyuki",669304,683822,,"ball",,,,,12,"Jose Miranda walks.   Carlos Santana to 3rd.    Willi Castro to 2nd.","R","R","R","MIN","BOS","B",,,2,1,2024,"-0.83","1.52","1.19","2.91",,467793,650489,0,7,"Bot",,,,,,,8.929136649037948,-128.59532837949172,-5.733860003997651,-11.108541598697947,27.095357326488447,-14.263797608800498,"3.12","1.44",,,,"88.1",2316,"6.2",745914,624512,643265,687093,646240,678882,641933,680776,677800,"54.33",,,,,,,,51,4,"4-Seam Fastball",2,0,2,0,0,2,2,0,"Standard","Standard",215,"0","0.279",,,,"-0.279",,2,2,"0.928","0.928",30,26,30,26,1,2,1,2,,1,"1.4","0.83","0.83","53.0"
"FS","2024-05-03","83.7","-1.87","6.46","Uwasawa, Naoyuki",669304,683822,,"ball",,,,,14,"Jose Miranda walks.   Carlos Santana to 3rd.    Willi Castro to 2nd.","R","R","R","MIN","BOS","B",,,1,1,2024,"-0.82","-0.17","0.23","0.93",,467793,650489,0,7,"Bot",,,,,,,6.436552388100014,-121.66064395027176,-5.966434129344974,-9.426795878912337,23.673610105842762,-32.89161922854002,"3.09","1.44",,,,"83.4",789,"6.2",745914,624512,643265,687093,646240,678882,641933,680776,677800,"54.35",,,,,,,,51,3,"Split-Finger",2,0,2,0,0,2,2,0,"Standard","Standard",251,"0","0.108",,,,"-0.108",,2,2,"0.928","0.928",30,26,30,26,1,2,1,2,,1,"3.43","0.82","0.82","57.9"
"FS","2024-05-03","84.1","-1.82","6.44","Uwasawa, Naoyuki",669304,683822,,"ball",,,,,13,"Jose Miranda walks.   Carlos Santana to 3rd.    Willi Castro to 2nd.","R","R","R","MIN","BOS","B",,,0,1,2024,"-0.8","0.24","-0.03","0.75",,467793,650489,0,7,"Bot",,,,,,,5.734143585327745,-122.3452420115972,-7.307436206260855,-9.12137986161083,22.585609326793236,-28.538141294506925,"3.06","1.44",,,,"84.2",821,"6.2",745914,624512,643265,687093,646240,678882,641933,680776,677800,"54.29",,,,,,,,51,2,"Split-Finger",2,0,2,0,0,2,2,0,"Standard","Standard",254,"0","0.07",,,,"-0.07",,2,2,"0.928","0.928",30,26,30,26,1,2,1,2,,1,"2.96","0.8","0.8","57.0"
"FS","2024-05-03","83.4","-1.85","6.53","Uwasawa, Naoyuki",669304,683822,,"called_strike",,,,,11,"Jose Miranda walks.   Carlos Santana to 3rd.    Willi Castro to 2nd.","R","R","R","MIN","BOS","S",,,0,0,2024,"-1.13","-0.03","-0.83","2.3",,467793,650489,0,7,"Bot",,,,,,,4.526506305899261,-121.52300273545454,-3.268935093819427,-12.03313935084567,22.034986067639117,-32.07722151917309,"2.99","1.4",,,,"83.2",946,"5.9",745914,624512,643265,687093,646240,678882,641933,680776,677800,"54.56",,,,,,,,51,1,"Split-Finger",2,0,2,0,0,2,2,0,"Standard","Standard",242,"0","-0.09",,,,"0.09",,2,2,"0.928","0.928",30,26,30,26,1,2,1,2,,1,"3.28","1.13","1.13","51.6"
"FS","2024-05-02","84.6","-1.95","6.08","Uwasawa, Naoyuki",642731,683822,"field_out","hit_into_play",,,,,6,"Thairo Estrada grounds out, shortstop Ceddanne Rafaela to first baseman Bobby Dalbec.","R","R","R","BOS","SF","X",6,"ground_ball",0,1,2024,"-0.64","0.19","0.51","2.52",,,,2,9,"Top",113.99,153.61,,,,,7.047818721330992,-123.12160377030821,-2.3891089418357625,-7.862182941538567,22.115896793595677,-29.97790868758691,"3.42","1.68",3,"96.8",-37,"85.3",998,"6.5",746969,657136,666915,670097,646240,678882,641933,680776,677800,"54",0.066,0.068,"0",1,0,0,2,66,2,"Split-Finger",1,3,3,1,3,1,3,1,"Standard","Standard",242,"0.003","-0.083","75.0","7.2",0.066,"0.083","96.8",-2,2,"0.084","0.916",30,28,30,28,1,3,,1,1,1,"2.97","0.64","0.64","51.1"
"FS","2024-05-02","84.4","-2","6.19","Uwasawa, Naoyuki",642731,683822,,"foul",,,,,13,"Thairo Estrada grounds out, shortstop Ceddanne Rafaela to first baseman Bobby Dalbec.","R","R","R","BOS","SF","S",,,0,0,2024,"-1.26","0.12","-0.95","2.48",,,,2,9,"Top",,,,,,,4.981325446669188,-122.91718421186923,-2.5674641743667044,-13.77518640150143,21.904929329931228,-30.685044240980666,"3.42","1.68",404,"107.3",32,"85",1126,"6.4",746969,657136,666915,670097,646240,678882,641933,680776,677800,"54.07",,,,,,,,66,1,"Split-Finger",1,3,3,1,3,1,3,1,"Standard","Standard",236,"0","-0.016","74.6","7.7",,"0.016","107.3",-2,2,"0.084","0.916",30,28,30,28,1,3,,1,1,1,"3.05","1.26","1.26","51.9"
"FS","2024-05-02","86.7","-2.02","6.13","Uwasawa, Naoyuki",656305,683822,"field_out","hit_into_play",,,,,13,"Matt Chapman grounds out, second baseman Zack Short to first baseman Bobby Dalbec.","R","R","R","BOS","SF","X",4,"ground_ball",1,2,2024,"-1.02","0.29","-0.17","1.54",,,,1,9,"Top",137.82,144.99,,,,,6.515956156192276,-126.12031605485288,-5.444985564596035,-12.127904562039816,23.307274369348413,-28.246177589487395,"3.54","1.67",54,"103.6",1,"87.5",1169,"6.6",746969,657136,666915,670097,646240,678882,641933,680776,677800,"53.92",0.5,0.455,"0",1,0,0,4,65,4,"Split-Finger",1,3,3,1,3,1,3,1,"Standard","Standard",232,"0.006","-0.115","77.2","7.2",0.548,"0.115","103.6",-2,2,"0.078","0.922",30,31,30,31,1,3,,1,1,1,"2.72","1.02","1.02","49.2"
"FS","2024-05-02","86.3","-2.02","6.11","Uwasawa, Naoyuki",656305,683822,,"swinging_strike",,,,,13,"Matt Chapman grounds out, second baseman Zack Short to first baseman Bobby Dalbec.","R","R","R","BOS","SF","S",,,1,1,2024,"-1.09","0.22","-0.17","1.11",,,,1,9,"Top",,,,,,,6.6250870093811765,-125.40703597899339,-6.1199781958280175,-12.809120095442815,25.390203680849833,-28.783937692808962,"3.54","1.67",,,,"86.5",1252,"6.5",746969,657136,666915,670097,646240,678882,641933,680776,677800,"54.02",,,,,,,,65,3,"Split-Finger",1,3,3,1,3,1,3,1,"Standard","Standard",230,"0","-0.039","58.4","7.2",,"0.039",,-2,2,"0.078","0.922",30,31,30,31,1,3,,1,1,1,"2.85","1.09","1.09","51.6"
"FF","2024-05-02","89.9","-2.06","6.09","Uwasawa, Naoyuki",656305,683822,,"ball",,,,,12,"Matt Chapman grounds out, second baseman Zack Short to first baseman Bobby Dalbec.","R","R","R","BOS","SF","B",,,0,1,2024,"-0.75","1.45","1.31","2.7",,,,1,9,"Top",,,,,,,9.998017541740603,-130.5519136681071,-5.525658564079627,-10.665629047632857,26.75838185043471,-14.567011006849933,"3.59","1.54",,,,"90.5",2414,"6.7",746969,657136,666915,670097,646240,678882,641933,680776,677800,"53.8",,,,,,,,65,2,"4-Seam Fastball",1,3,3,1,3,1,3,1,"Standard","Standard",220,"0","0.015",,,,"-0.015",,-2,2,"0.078","0.922",30,31,30,31,1,3,,1,1,1,"1.38","0.75","0.75","50.8"
"CU","2024-05-02","76.3","-2.28","6.13","Uwasawa, Naoyuki",656305,683822,,"called_strike",,,,,1,"Matt Chapman grounds out, second baseman Zack Short to first baseman Bobby Dalbec.","R","R","R","BOS","SF","S",,,0,0,2024,"0.77","-1.1","-0.79","3.16",,,,1,9,"Top",,,,,,,1.7395662731256296,-111.12161991369834,2.7460066086025714,6.092978320074006,19.730945159653388,-41.98727444049626,"3.5","1.62",,,,"76.1",2568,"6.1",746969,657136,666915,670097,646240,678882,641933,680776,677800,"54.42",,,,,,,,65,1,"Curveball",1,3,3,1,3,1,3,1,"Standard","Standard",40,"0","-0.023",,,,"0.023",,-2,2,"0.078","0.922",30,31,30,31,1,3,,1,1,1,"5","-0.77","-0.77","46.9"
"FS","2024-05-02","86.9","-2.05","6.07","Uwasawa, Naoyuki",672275,683822,"field_out","hit_into_play",,,,,9,"Patrick Bailey grounds out, shortstop Ceddanne Rafaela to first baseman Bobby Dalbec.","R","L","R","BOS","SF","X",6,"ground_ball",0,1,2024,"-1.27","0.38","0.36","2.07",,,,0,9,"Top",119.06,146.51,,,,,8.409702779164471,-126.31056371773165,-4.240032640775354,-15.224983961471287,22.93097146025059,-27.488419774789367,"3.44","1.63",44,"104",-1,"87.7",1335,"6.6",746969,657136,666915,670097,646240,678882,641933,680776,677800,"53.89",0.477,0.434,"0",1,0,0,4,64,2,"Split-Finger",1,3,3,1,3,1,3,1,"Standard","Standard",233,"0.007","-0.195","83.2","6.5",0.511,"0.195","104.0",-2,2,"0.071","0.929",30,25,30,25,1,3,,2,1,1,"2.62","1.27","-1.27","50.5"
"FF","2024-05-02","89.8","-2.3","6.06","Uwasawa, Naoyuki",672275,683822,,"called_strike",,,,,1,"Patrick Bailey grounds out, shortstop Ceddanne Rafaela to first baseman Bobby Dalbec.","R","L","R","BOS","SF","S",,,0,0,2024,"-0.69","1.39","-0.55","3.15",,,,0,9,"Top",,,,,,,5.785244117191476,-130.7462882895628,-4.2296154357112385,-9.058944552249287,25.062434726178036,-15.441928873317167,"3.42","1.51",,,,"90",2511,"6.2",746969,657136,666915,670097,646240,678882,641933,680776,677800,"54.3",,,,,,,,64,1,"4-Seam Fastball",1,3,3,1,3,1,3,1,"Standard","Standard",209,"0","-0.033",,,,"0.033",,-2,2,"0.071","0.929",30,25,30,25,1,3,,2,1,1,"1.41","0.69","-0.69","46.5"
"FS","2024-05-02","87.3","-2.01","6.07","Uwasawa, Naoyuki",624424,683822,"strikeout","swinging_strike",,,,,13,"Michael Conforto strikes out swinging.","R","L","R","BOS","SF","S",2,,2,2,2024,"-1.05","0.42","-0.91","1.32",,,,2,8,"Top",,,,,,,4.814428151610873,-127.00412382488008,-6.1904275900111045,-12.34789646742179,24.34563996136336,-26.613041188244036,"3.12","1.49",,,,"87.7",1147,"6.4",746969,657136,666915,670097,646240,678882,608701,680776,641933,"54.07",,0,"0",1,0,0,,60,6,"Split-Finger",1,3,3,1,3,1,3,1,"Infield shade","Standard",234,"0.006","-0.084","70.4","7.4",,"0.084",,-2,2,"0.15","0.85",30,31,30,31,1,3,,1,1,1,"2.56","1.05","-1.05","49.5"
"FS","2024-05-02","80.6","-2.15","6.04","Uwasawa, Naoyuki",624424,683822,,"foul",,,,,8,"Michael Conforto strikes out swinging.","R","L","R","BOS","SF","S",,,2,2,2024,"-0.59","0.5","0.18","1.78",,,,2,8,"Top",,,,,,,6.3172941476624045,-117.18242421235163,-3.773773060009499,-6.583920163137098,21.603158251429186,-27.014237372284814,"3.12","1.49",153,"97.1",11,"81",1233,"6.5",746969,657136,666915,670097,646240,678882,608701,680776,641933,"53.95",,,,,,,,60,5,"Split-Finger",1,3,3,1,3,1,3,1,"Infield shade","Standard",243,"0","0","67.3","7.6",,"0","97.1",-2,2,"0.15","0.85",30,31,30,31,1,3,,1,1,1,"3","0.59","-0.59","51.1"
"CU","2024-05-02","79.4","-2.27","6.04","Uwasawa, Naoyuki",624424,683822,,"ball",,,,,13,"Michael Conforto strikes out swinging.","R","L","R","BOS","SF","B",,,1,2,2024,"0.78","-1.35","-1.19","1.65",,,,2,8,"Top",,,,,,,0.9056146223862249,-115.54476334395777,-0.21770130722424796,6.7042542234437015,24.4032639648751,-44.33961592819892,"3.13","1.51",,,,"78.9",2653,"6.3",746969,657136,666915,670097,646240,678882,608701,680776,641933,"54.23",,,,,,,,60,4,"Curveball",1,3,3,1,3,1,3,1,"Infield shade","Standard",28,"0","0.015",,,,"-0.015",,-2,2,"0.15","0.85",30,31,30,31,1,3,,1,1,1,"5","-0.78","0.78","49.3"
"FF","2024-05-02","91.8","-2.15","6.07","Uwasawa, Naoyuki",624424,683822,,"swinging_strike",,,,,1,"Michael Conforto strikes out swinging.","R","L","R","BOS","SF","S",,,1,1,2024,"-0.65","1.44","-0.72","2.74",,,,2,8,"Top",,,,,,,5.063679504346798,-133.46814626491482,-5.660486523706773,-8.911248649829886,29.977363329668623,-14.007384233141797,"3.12","1.49",,,,"91.9",2472,"6.5",746969,657136,666915,670097,646240,678882,608701,680776,641933,"54.02",,,,,,,,60,3,"4-Seam Fastball",1,3,3,1,3,1,3,1,"Infield shade","Standard",213,"0","-0.025","64.3","6.0",,"0.025",,-2,2,"0.15","0.85",30,31,30,31,1,3,,1,1,1,"1.28","0.65","-0.65","47.8"
"FS","2024-05-02","83.6","-2.01","6.15","Uwasawa, Naoyuki",624424,683822,,"foul",,,,,1,"Michael Conforto strikes out swinging.","R","L","R","BOS","SF","S",,,1,0,2024,"-0.46","0.86","-0.59","2.66",,,,2,8,"Top",,,,,,,4.170664233532134,-121.75197850794302,-3.3172257350588072,-5.3593901390901095,24.224665756952717,-23.22467491491023,"3.12","1.49",180,"71.1",38,"83.8",1037,"6.4",746969,657136,666915,670097,646240,678882,608701,680776,641933,"54.12",,,,,,,,60,2,"Split-Finger",1,3,3,1,3,1,3,1,"Infield shade","Standard",238,"0","-0.02","72.0","7.3",,"0.02","88.0",-2,2,"0.15","0.85",30,31,30,31,1,3,,1,1,1,"2.4","0.46","-0.46","51.7"
"CU","2024-05-02","76.3","-2.24","6.07","Uwasawa, Naoyuki",624424,683822,,"ball",,,,,11,"Michael Conforto strikes out swinging.","R","L","R","BOS","SF","B",,,0,0,2024,"1","-1.15","-0.26","3.78",,,,2,8,"Top",,,,,,,2.365931352879878,-111.00793459972715,4.284383244183654,7.871871484279478,19.851586707453926,-42.68886604396835,"3.21","1.39",,,,"76.1",2544,"6.1",746969,657136,666915,670097,646240,678882,608701,680776,641933,"54.38",,,,,,,,60,1,"Curveball",1,3,3,1,3,1,3,1,"Infield shade","Standard",32,"0","0.015",,,,"-0.015",,-2,2,"0.15","0.85",30,31,30,31,1,3,,1,1,1,"5.07","-1","1","45.0"
"FS","2024-05-02","85.1","-1.91","6.18","Uwasawa, Naoyuki",527038,683822,"field_out","hit_into_play",,,,,4,"Wilmer Flores pops out to third baseman Rafael Devers.","R","R","R","BOS","SF","X",5,"popup",1,1,2024,"-0.93","0.17","-0.52","2.44",,,,1,8,"Top",121.6,189.6,,,,,5.125670930750502,-123.9726188081437,-2.9407854469356978,-10.587836305615214,19.5958615961824,-30.06794654598261,"3.11","1.54",31,"72.9",78,"86.1",1239,"6.4",746969,657136,666915,670097,646240,678882,608701,680776,641933,"54.09",0.006,0.007,"0",1,0,0,3,59,3,"Split-Finger",1,3,3,1,3,1,3,1,"Standard","Standard",235,"0.009","-0.154","68.8","7.1",0.008,"0.154","88.0",-2,2,"0.141","0.859",30,32,30,33,1,3,,2,1,1,"2.92","0.93","0.93","54.6"
"FS","2024-05-02","81.5","-1.83","6.21","Uwasawa, Naoyuki",527038,683822,,"ball",,,,,12,"Wilmer Flores pops out to third baseman Rafael Devers.","R","R","R","BOS","SF","B",,,0,1,2024,"-0.09","1.47","0.75","3.94",,,,1,8,"Top",,,,,,,5.970740169486608,-118.61398957860237,-1.3133636393601251,-2.0128280667574567,23.631471090797415,-18.312515682190554,"3.01","1.59",,,,"81.5",1290,"6.4",746969,657136,666915,670097,646240,678882,608701,680776,641933,"54.13",,,,,,,,59,2,"Split-Finger",1,3,3,1,3,1,3,1,"Standard","Standard",237,"0","0.015",,,,"-0.015",,-2,2,"0.141","0.859",30,32,30,33,1,3,,2,1,1,"1.97","0.09","0.09","51.1"
"FF","2024-05-02","90.5","-1.94","6.24","Uwasawa, Naoyuki",527038,683822,,"called_strike",,,,,9,"Wilmer Flores pops out to third baseman Rafael Devers.","R","R","R","BOS","SF","S",,,0,0,2024,"-0.77","1.47","0.78","1.96",,,,1,8,"Top",,,,,,,8.456175440146067,-131.37670275401086,-7.911260901756855,-10.671126729197853,26.505068773860785,-13.674232441042456,"3.01","1.51",,,,"90.9",2376,"6.5",746969,657136,666915,670097,646240,678882,608701,680776,641933,"53.95",,,,,,,,59,1,"4-Seam Fastball",1,3,3,1,3,1,3,1,"Standard","Standard",213,"0","-0.023",,,,"0.023",,-2,2,"0.141","0.859",30,32,30,33,1,3,,2,1,1,"1.32","0.77","0.77","53.4"
"FS","2024-05-02","82.3","-1.99","6.25","Uwasawa, Naoyuki",624585,683822,"field_out","hit_into_play",,,,,4,"Jorge Soler pops out to third baseman Rafael Devers in foul territory.","R","R","R","BOS","SF","X",5,"popup",1,0,2024,"-0.68","0.5","-0.51","2.94",,,,0,8,"Top",108.92,196.7,,,,,4.688880053635538,-119.77711468320635,-1.9513532527196435,-7.446714328634126,23.182247723240803,-27.218544443036336,"3.61","1.76",55,"69.9",77,"82.4",1003,"6.4",746969,657136,666915,670097,646240,678882,608701,680776,641933,"54.12",0.003,0.003,"0",1,0,0,3,58,2,"Split-Finger",1,3,3,1,3,1,3,1,"Standard","Standard",231,"0.011","-0.262","78.9","7.8",0.003,"0.262","88.0",-2,2,"0.13","0.87",30,32,30,32,1,3,,1,1,1,"2.87","0.68","0.68","55.9"
"FS","2024-05-02","82.9","-2","6.25","Uwasawa, Naoyuki",624585,683822,,"ball",,,,,11,"Jorge Soler pops out to third baseman Rafael Devers in foul territory.","R","R","R","BOS","SF","B",,,0,0,2024,"-0.95","0.31","-0.69","3.83",,,,0,8,"Top",,,,,,,4.8606387904274495,-120.56746661986708,0.3872490264562882,-10.242018372036526,24.473434346758555,-29.4935951146703,"3.39","1.59",,,,"82.9",1444,"6.4",746969,657136,666915,670097,646240,678882,608701,680776,641933,"54.09",,,,,,,,58,1,"Split-Finger",1,3,3,1,3,1,3,1,"Standard","Standard",230,"0","0.034",,,,"-0.034",,-2,2,"0.13","0.87",30,32,30,32,1,3,,1,1,1,"3.02","0.95","0.95","52.9"