﻿"pitch_type","game_date","release_speed","release_pos_x","release_pos_z","player_name","batter","pitcher","events","description","spin_dir","spin_rate_deprecated","break_angle_deprecated","break_length_deprecated","zone","des","game_type","stand","p_throws","home_team","away_team","type","hit_location","bb_type","balls","strikes","game_year","pfx_x","pfx_z","plate_x","plate_z","on_3b","on_2b","on_1b","outs_when_up","inning","inning_topbot","hc_x","hc_y","tfs_deprecated","tfs_zulu_deprecated","umpire","sv_id","vx0","vy0","vz0","ax","ay","az","sz_top","sz_bot","hit_distance_sc","launch_speed","launch_angle","effective_speed","release_spin_rate","release_extension","game_pk","fielder_2","fielder_3","fielder_4","fielder_5","fielder_6","fielder_7","fielder_8","fielder_9","release_pos_y","estimated_ba_using_speedangle","estimated_woba_using_speedangle","woba_value","woba_denom","babip_value","iso_value","launch_speed_angle","at_bat_number","pitch_number","pitch_name","home_score","away_score","bat_score","fld_score","post_away_score","post_home_score","post_bat_score","post_fld_score","if_fielding_alignment","of_fielding_alignment","spin_axis","delta_home_win_exp","delta_run_exp","bat_speed","swing_length","estimated_slg_using_speedangle","delta_pitcher_run_exp","hyper_speed","home_score_diff","bat_score_diff","home_win_exp","bat_win_exp","age_pit_legacy","age_bat_legacy","age_pit","age_bat","n_thruorder_pitcher","n_priorpa_thisgame_player_at_bat","pitcher_days_since_prev_game","batter_days_since_prev_game","pitcher_days_until_next_game","batter_days_until_next_game","api_break_z_with_gravity","api_break_x_arm","api_break_x_batter_in","arm_angle"
"SL","2024-09-28","88.6","-1.11","6.22","Beeter, Clayton",643396,690925,"strikeout","swinging_strike",,,,,9,"Isiah Kiner-Falefa strikes out swinging.","R","R","R","NYY","PIT","S",2,,0,2,2024,"0.02","-0.09","0.5","1.4",,,,2,7,"Top",,,,,,,3.872467167879522,-129.08811147611073,-5.5737955689914145,-0.45660433143884555,24.053634337102057,-32.387029004769346,"3.23","1.48",,,,"88.5",2815,"5.9",745685,669224,519203,542932,665862,665828,691176,592450,665742,"54.55",,0,"0",1,0,0,,53,4,"Slider",2,6,6,2,6,2,6,2,"Strategic","Standard",24,"0.003","-0.061","70.0","7.5",,"0.061",,-4,4,"0.061","0.939",25,29,26,29,1,3,3,1,,,"2.97","-0.02","-0.02","57.8"
"FF","2024-09-28","96.9","-1.05","6.24","Beeter, Clayton",643396,690925,,"foul",,,,,11,"Isiah Kiner-Falefa strikes out swinging.","R","R","R","NYY","PIT","S",,,0,2,2024,"-0.39","1.56","-0.39","3.47",,,,2,7,"Top",,,,,,,2.616207135853845,-141.03142212574377,-5.30517064515605,-5.763624262050889,35.03422936168713,-10.4494367762436,"3.23","1.48",166,"75.5",62,"95.7",2499,"5.8",745685,669224,519203,542932,665862,665828,691176,592450,665742,"54.68",,,,,,,,53,3,"4-Seam Fastball",2,6,6,2,6,2,6,2,"Standard","Standard",199,"0","0","55.4","5.7",,"0","88.0",-4,4,"0.061","0.939",25,29,26,29,1,3,3,1,,,"0.89","0.39","0.39","52.1"
"FF","2024-09-28","95.4","-1","6.13","Beeter, Clayton",643396,690925,,"foul",,,,,12,"Isiah Kiner-Falefa strikes out swinging.","R","R","R","NYY","PIT","S",,,0,1,2024,"-0.26","1.56","0.38","3.67",,,,2,7,"Top",,,,,,,4.202079547493779,-138.86532842897293,-4.296653711290568,-4.341307763047257,32.972987255827746,-11.280289345570681,"3.23","1.48",237,"79",26,"94.5",2454,"5.9",745685,669224,519203,542932,665862,665828,691176,592450,665742,"54.63",,,,,,,,53,2,"4-Seam Fastball",2,6,6,2,6,2,6,2,"Standard","Standard",193,"0","-0.022","67.5","6.1",,"0.022","88.0",-4,4,"0.061","0.939",25,29,26,29,1,3,3,1,,,"0.96","0.26","0.26","56.8"
"FF","2024-09-28","94.8","-0.93","6.18","Beeter, Clayton",643396,690925,,"foul",,,,,3,"Isiah Kiner-Falefa strikes out swinging.","R","R","R","NYY","PIT","S",,,0,0,2024,"-0.58","1.74","0.66","2.86",,,,2,7,"Top",,,,,,,5.403459551767817,-137.80562345214665,-6.795231012691724,-8.591487605247696,33.0153960357171,-8.699022492927574,"3.23","1.48",218,"78.1",23,"93.7",2413,"5.9",745685,669224,519203,542932,665862,665828,691176,592450,665742,"54.6",,,,,,,,53,1,"4-Seam Fastball",2,6,6,2,6,2,6,2,"Standard","Standard",200,"0","-0.016","64.5","6.7",,"0.016","88.0",-4,4,"0.061","0.939",25,29,26,29,1,3,3,1,,,"0.82","0.58","0.58","52.5"
"FF","2024-09-28","97.1","-1.1","6.15","Beeter, Clayton",695257,690925,"field_out","hit_into_play",,,,,2,"Billy Cook pops out to first baseman Anthony Rizzo.","R","R","R","NYY","PIT","X",3,"popup",1,1,2024,"-0.58","1.24","-0.05","3.27",,,,1,7,"Top",148.47,165.63,,,,,4.102812724319152,-141.28930702804607,-4.981057319713618,-8.740825541614365,32.35030939072256,-14.568666892649892,"3.56","1.68",106,"96.3",69,"96.3",2429,"5.9",745685,669224,519203,542932,665862,665828,691176,592450,665742,"54.64",0.003,0.003,"0",1,0,0,3,52,3,"4-Seam Fastball",2,6,6,2,6,2,6,2,"Standard","Standard",199,"0.003","-0.154","74.6","7.5",0.003,"0.154","96.3",-4,4,"0.058","0.942",25,25,26,25,1,2,3,1,,1,"1.17","0.58","0.58","50.9"
"FF","2024-09-28","95.2","-1","6.23","Beeter, Clayton",695257,690925,,"swinging_strike",,,,,2,"Billy Cook pops out to first baseman Anthony Rizzo.","R","R","R","NYY","PIT","S",,,1,0,2024,"-0.56","1.64","0.07","3.05",,,,1,7,"Top",,,,,,,4.0404273733207585,-138.35013912325553,-6.24050136112027,-8.180736287017025,35.16669821616329,-9.915802840875982,"3.56","1.68",,,,"93.6",2430,"5.8",745685,669224,519203,542932,665862,665828,691176,592450,665742,"54.75",,,,,,,,52,2,"4-Seam Fastball",2,6,6,2,6,2,6,2,"Standard","Standard",201,"0","-0.032","75.9","7.3",,"0.032",,-4,4,"0.058","0.942",25,25,26,25,1,2,3,1,,1,"0.91","0.56","0.56","52.5"
"SL","2024-09-28","84.5","-1.1","6.23","Beeter, Clayton",695257,690925,,"ball",,,,,14,"Billy Cook pops out to first baseman Anthony Rizzo.","R","R","R","NYY","PIT","B",,,0,0,2024,"-0.07","-0.27","1.01","1.16",,,,1,7,"Top",,,,,,,5.018240520874206,-122.94074313850466,-4.863552322577709,-1.7711039921593266,24.933898661022027,-34.158892225280184,"3.67","1.79",,,,"83.8",2738,"5.9",745685,669224,519203,542932,665862,665828,691176,592450,665742,"54.62",,,,,,,,52,1,"Slider",2,6,6,2,6,2,6,2,"Standard","Standard",32,"0","0.025",,,,"-0.025",,-4,4,"0.058","0.942",25,25,26,25,1,2,3,1,,1,"3.47","0.07","0.07","53.5"
"SL","2024-09-28","86.1","-1.16","6.23","Beeter, Clayton",694377,690925,"strikeout","swinging_strike",,,,,13,"Nick Yorke strikes out swinging.","R","R","R","NYY","PIT","S",2,,2,2,2024,"-0.1","-0.25","-0.45","1.51",,,,0,7,"Top",,,,,,,1.863058813841523,-125.28660976590089,-4.3414737062136375,-1.5098843087379437,29.187596562615717,-33.9863818923782,"3.54","1.63",,,,"84.7",2738,"5.7",745685,669224,519203,542932,665862,665828,691176,592450,665742,"54.76",,0,"0",1,0,0,,51,5,"Slider",2,6,6,2,6,2,6,2,"Standard","Standard",47,"0.005","-0.203","72.4","8.3",,"0.203",,-4,4,"0.053","0.947",25,22,26,22,1,2,3,1,,1,"3.36","0.1","0.1","55.1"
"SL","2024-09-28","88","-1.18","6.32","Beeter, Clayton",694377,690925,,"ball",,,,,12,"Nick Yorke strikes out swinging.","R","R","R","NYY","PIT","B",,,1,2,2024,"0.33","0.17","1.47","5.4",,,,0,7,"Top",,,,,,,5.6728435760667555,-128.12956215211022,3.4294730923045433,2.541651337919384,25.02685926856966,-31.167694749933332,"3.62","1.68",,,,"87.5",2787,"5.8",745685,669224,519203,542932,665862,665828,691176,592450,665742,"54.71",,,,,,,,51,4,"Slider",2,6,6,2,6,2,6,2,"Standard","Standard",67,"0","0.036",,,,"-0.036",,-4,4,"0.053","0.947",25,22,26,22,1,2,3,1,,1,"2.76","-0.33","-0.33","53.6"
"FF","2024-09-28","94.7","-1.03","6.29","Beeter, Clayton",694377,690925,,"foul",,,,,6,"Nick Yorke strikes out swinging.","R","R","R","NYY","PIT","S",,,1,1,2024,"-0.44","1.56","0.47","2.74",,,,0,7,"Top",,,,,,,4.8646989836106185,-137.66925118172028,-7.00301414120816,-6.77448828500215,32.38764014420416,-10.964653645768658,"3.54","1.63",255,"88.5",51,"93.9",2533,"6",745685,669224,519203,542932,665862,665828,691176,592450,665742,"54.51",,,,,,,,51,3,"4-Seam Fastball",2,6,6,2,6,2,6,2,"Standard","Standard",200,"0","-0.051","75.1","7.2",,"0.051","88.5",-4,4,"0.053","0.947",25,22,26,22,1,2,3,1,,1,"1","0.44","0.44","53.4"
"FF","2024-09-28","95","-0.93","6.28","Beeter, Clayton",694377,690925,,"swinging_strike",,,,,2,"Nick Yorke strikes out swinging.","R","R","R","NYY","PIT","S",,,1,0,2024,"-0.63","1.92","0.25","3.17",,,,0,7,"Top",,,,,,,4.465676597628426,-138.05187885310622,-6.660833459464102,-9.120464467647855,33.58546548996107,-6.425837544037763,"3.54","1.63",,,,"93.7",2501,"5.8",745685,669224,519203,542932,665862,665828,691176,592450,665742,"54.68",,,,,,,,51,2,"4-Seam Fastball",2,6,6,2,6,2,6,2,"Standard","Standard",199,"0","-0.044","74.8","7.4",,"0.044",,-4,4,"0.053","0.947",25,22,26,22,1,2,3,1,,1,"0.63","0.63","0.63","51.0"
"FF","2024-09-28","94.8","-1.13","6.29","Beeter, Clayton",694377,690925,,"ball",,,,,12,"Nick Yorke strikes out swinging.","R","R","R","NYY","PIT","B",,,0,0,2024,"-0.55","1.83","0.99","3.17",,,,0,7,"Top",,,,,,,6.712465547688759,-137.71989482355968,-6.466964746878138,-8.57211542572382,33.17842606149434,-7.646135672472395,"3.67","1.76",,,,"93.7",2454,"5.9",745685,669224,519203,542932,665862,665828,691176,592450,665742,"54.6",,,,,,,,51,1,"4-Seam Fastball",2,6,6,2,6,2,6,2,"Standard","Standard",199,"0","0.034",,,,"-0.034",,-4,4,"0.053","0.947",25,22,26,22,1,2,3,1,,1,"0.73","0.55","0.55","58.3"
"FF","2024-09-28","95.1","-1.07","6.14","Beeter, Clayton",518735,690925,"strikeout","called_strike",,,,,4,"Yasmani Grandal called out on strikes.","R","L","R","NYY","PIT","S",2,,3,2,2024,"-0.15","1.61","-0.28","2.26",,,,2,6,"Top",,,,,,,2.3890821823138975,-138.23705782933308,-8.006323208641135,-2.468528286245175,33.57887189327797,-10.00145248098215,"3.26","1.58",,,,"94",2414,"5.9",745685,669224,519203,542932,665862,665828,691176,592450,665742,"54.59",,0,"0",1,0,0,,43,6,"4-Seam Fastball",1,6,6,1,6,1,6,1,"Infield shade","Standard",205,"0.002","-0.125",,,,"0.125",,-5,5,"0.048","0.952",25,35,26,36,1,2,3,3,,,"0.94","0.15","-0.15","51.0"
"SL","2024-09-28","87.6","-1.19","6.22","Beeter, Clayton",518735,690925,,"ball",,,,,13,"Yasmani Grandal called out on strikes.","R","L","R","NYY","PIT","B",,,2,2,2024,"0.02","0.11","-0.34","0.7",,,,2,6,"Top",,,,,,,1.978848501769898,-127.39683994450873,-7.354424581004281,-0.15258360805538632,26.83921093042918,-29.67376939233905,"3.1","1.57",,,,"86.8",2753,"5.9",745685,669224,519203,542932,665862,665828,691176,592450,665742,"54.61",,,,,,,,43,5,"Slider",1,6,6,1,6,1,6,1,"Infield shade","Standard",352,"0","0.041",,,,"-0.041",,-5,5,"0.048","0.952",25,35,26,36,1,2,3,3,,,"2.87","-0.02","0.02","55.6"
"FF","2024-09-28","95.6","-1.25","6.14","Beeter, Clayton",518735,690925,,"called_strike",,,,,7,"Yasmani Grandal called out on strikes.","R","L","R","NYY","PIT","S",,,2,1,2024,"-0.24","1.68","-0.52","2.01",,,,2,6,"Top",,,,,,,2.4550473143033256,-138.9457519796707,-8.887900426067668,-3.6431711310103623,33.9337733778027,-8.67106960999642,"3.15","1.54",,,,"94.4",2369,"5.9",745685,669224,519203,542932,665862,665828,691176,592450,665742,"54.65",,,,,,,,43,4,"4-Seam Fastball",1,6,6,1,6,1,6,1,"Infield shade","Standard",206,"0","-0.032",,,,"0.032",,-5,5,"0.048","0.952",25,35,26,36,1,2,3,3,,,"0.84","0.24","-0.24","51.4"
"FF","2024-09-28","95.4","-1.27","6.27","Beeter, Clayton",518735,690925,,"called_strike",,,,,2,"Yasmani Grandal called out on strikes.","R","L","R","NYY","PIT","S",,,2,0,2024,"-0.17","1.86","-0.05","2.85",,,,2,6,"Top",,,,,,,3.542874356362397,-138.6178816908671,-7.354608695002533,-3.110656243673408,36.454387315409036,-6.837342155860262,"3.1","1.49",,,,"93.7",2346,"5.8",745685,669224,519203,542932,665862,665828,691176,592450,665742,"54.72",,,,,,,,43,3,"4-Seam Fastball",1,6,6,1,6,1,6,1,"Infield shade","Standard",209,"0","-0.023",,,,"0.023",,-5,5,"0.048","0.952",25,35,26,36,1,2,3,3,,,"0.69","0.17","-0.17","52.8"
"SL","2024-09-28","85.1","-1.34","6.23","Beeter, Clayton",518735,690925,,"ball",,,,,13,"Yasmani Grandal called out on strikes.","R","L","R","NYY","PIT","B",,,1,0,2024,"0.16","-0.24","-0.27","1.18",,,,2,6,"Top",,,,,,,2.1542935870218947,-123.9266532323373,-5.016748600939294,1.2391922139582778,25.185474060744827,-33.825535529572875,"3.1","1.5",,,,"84.3",2663,"5.8",745685,669224,519203,542932,665862,665828,691176,592450,665742,"54.74",,,,,,,,43,2,"Slider",1,6,6,1,6,1,6,1,"Infield shade","Standard",33,"0","0.026",,,,"-0.026",,-5,5,"0.048","0.952",25,35,26,36,1,2,3,3,,,"3.39","-0.16","0.16","54.5"
"FF","2024-09-28","95.2","-1.24","6.21","Beeter, Clayton",518735,690925,,"ball",,,,,12,"Yasmani Grandal called out on strikes.","R","L","R","NYY","PIT","B",,,0,0,2024,"-0.23","1.85","0.89","3.2",,,,2,6,"Top",,,,,,,6.029659647759244,-138.35046064795847,-6.286750670376662,-4.445549124582141,33.9161492109293,-7.221665285533438,"3.23","1.59",,,,"93.8",2425,"5.8",745685,669224,519203,542932,665862,665828,691176,592450,665742,"54.75",,,,,,,,43,1,"4-Seam Fastball",1,6,6,1,6,1,6,1,"Infield shade","Standard",200,"0","0.015",,,,"-0.015",,-5,5,"0.048","0.952",25,35,26,36,1,2,3,3,,,"0.69","0.23","-0.23","51.5"
"SL","2024-09-25","87.6","-1.02","6.14","Beeter, Clayton",543510,690925,"single","hit_into_play",,,,,14,"James McCann singles on a line drive to right fielder Juan Soto.   Cedric Mullins scores.","R","R","R","NYY","BAL","X",9,"line_drive",1,2,2024,"0.14","-0.31","0.64","1.18",,656775,,2,5,"Top",158.56,112.94,,,,,3.6768740889817133,-127.58796551088346,-5.232855244713889,0.8064044788490519,24.843412932326284,-34.698345283905596,"3.42","1.55",181,"71.1",17,"87.2",2819,"5.8",745690,669224,519203,650402,665862,683011,691176,592450,665742,"54.66",0.669,0.605,"0.9",1,1,0,4,43,4,"Slider",1,7,7,1,8,1,8,1,"Standard","Standard",33,"-0.014","0.843","59.0","7.6",0.714,"-0.843","88.0",-6,6,"0.034","0.966",25,34,26,34,1,2,180,5,3,1,"3.26","-0.14","-0.14","53.5"
"FF","2024-09-25","95.3","-1.07","6.19","Beeter, Clayton",543510,690925,,"ball",,,,,11,"James McCann singles on a line drive to right fielder Juan Soto.   Cedric Mullins scores.","R","R","R","NYY","BAL","B",,,0,2,2024,"-0.05","1.29","-0.48","3.88",,656775,,2,5,"Top",,,,,,,1.6529877773914279,-138.93333609296087,-3.392604493799226,-1.0299617341150353,28.457307017706043,-14.805789907659026,"3.2","1.45",,,,"94.9",2314,"5.8",745690,669224,519203,650402,665862,683011,691176,592450,665742,"54.73",,,,,,,,43,3,"4-Seam Fastball",1,7,7,1,7,1,7,1,"Standard","Standard",192,"0","0.02",,,,"-0.02",,-6,6,"0.034","0.966",25,34,26,34,1,2,180,5,3,1,"1.19","0.05","0.05","56.8"
"SL","2024-09-25","87.2","-1.35","6.09","Beeter, Clayton",543510,690925,,"foul",,,,,6,"James McCann singles on a line drive to right fielder Juan Soto.   Cedric Mullins scores.","R","R","R","NYY","BAL","S",,,0,1,2024,"0.24","-0.4","0.51","2.45",,656775,,2,5,"Top",,,,,,,3.9696697219847406,-126.96910859169466,-1.7866955315687276,1.8185064395867987,25.4596945558859,-36.35957417952632,"3.42","1.55",203,"71.6",44,"86.7",2863,"5.9",745690,669224,519203,650402,665862,683011,691176,592450,665742,"54.58",,,,,,,,43,2,"Slider",1,7,7,1,7,1,7,1,"Standard","Standard",37,"0","-0.074","70.8","7.0",,"0.074","88.0",-6,6,"0.034","0.966",25,34,26,34,1,2,180,5,3,1,"3.39","-0.24","-0.24","52.4"
"FF","2024-09-25","95.2","-1.1","6.07","Beeter, Clayton",543510,690925,,"called_strike",,,,,3,"James McCann singles on a line drive to right fielder Juan Soto.   Cedric Mullins scores.","R","R","R","NYY","BAL","S",,,0,0,2024,"-0.46","1.55","0.36","3.35",,,656775,2,5,"Top",,,,,,,4.834265437045636,-138.42844307762704,-4.907617679076473,-7.049096985922271,32.84581489864064,-11.354519706512779,"3.32","1.45",,,,"94.2",2471,"5.9",745690,669224,519203,650402,665862,683011,691176,592450,665742,"54.63",,,,,,,,43,1,"4-Seam Fastball",1,7,7,1,7,1,7,1,"Standard","Standard",205,"-0.002","-0.039",,,,"0.039",,-6,6,"0.036","0.964",25,34,26,34,1,2,180,5,3,1,"0.98","0.46","0.46","50.4"
"FF","2024-09-25","94.9","-0.98","6.18","Beeter, Clayton",656775,690925,"walk","ball",,,,,11,"Cedric Mullins walks.","R","L","R","NYY","BAL","B",,,3,0,2024,"-0.17","1.6","-0.95","4.06",,,,2,5,"Top",,,,,,,0.4571589196711115,-138.12406277916597,-3.3933642994188595,-2.2334053189101173,32.92144966548276,-11.191823585474417,"3.32","1.6",,,,"93.7",2396,"5.7",745690,669224,519203,650402,665862,683011,691176,592450,665742,"54.76",,0.689131,"0.7",1,0,0,,42,4,"4-Seam Fastball",1,7,7,1,7,1,7,1,"Standard","Standard",200,"-0.002","0.046",,,,"-0.046",,-6,6,"0.038","0.962",25,29,26,30,1,2,180,1,3,1,"0.94","0.17","-0.17","52.5"
"FF","2024-09-25","97.2","-1.07","6.19","Beeter, Clayton",656775,690925,,"ball",,,,,11,"Cedric Mullins walks.","R","L","R","NYY","BAL","B",,,2,0,2024,"-0.06","1.6","-1.23","3.89",,,,2,5,"Top",,,,,,,-0.2863419998214121,-141.46832683558182,-4.22662072546723,-0.7154518570425631,35.83320127283892,-10.093259586394094,"3.37","1.68",,,,"96",2447,"5.9",745690,669224,519203,650402,665862,683011,691176,592450,665742,"54.64",,,,,,,,42,3,"4-Seam Fastball",1,7,7,1,7,1,7,1,"Standard","Standard",197,"0","0.042",,,,"-0.042",,-6,6,"0.038","0.962",25,29,26,30,1,2,180,1,3,1,"0.84","0.06","-0.06","52.7"
"FF","2024-09-25","96.4","-1.28","6.04","Beeter, Clayton",656775,690925,,"ball",,,,,11,"Cedric Mullins walks.","R","L","R","NYY","BAL","B",,,1,0,2024,"-0.19","1.47","-0.54","3.89",,,,2,5,"Top",,,,,,,2.398512664475674,-140.36993529239456,-3.4176095325294145,-3.136602560920178,34.67799045614312,-12.197150361371762,"3.37","1.65",,,,"95.1",2314,"5.7",745690,669224,519203,650402,665862,683011,691176,592450,665742,"54.81",,,,,,,,42,2,"4-Seam Fastball",1,7,7,1,7,1,7,1,"Standard","Standard",202,"0","0.026",,,,"-0.026",,-6,6,"0.038","0.962",25,29,26,30,1,2,180,1,3,1,"0.99","0.19","-0.19","51.0"
"FF","2024-09-25","96.6","-1.06","6.12","Beeter, Clayton",656775,690925,,"ball",,,,,13,"Cedric Mullins walks.","R","L","R","NYY","BAL","B",,,0,0,2024,"-0.22","1.48","-1.27","1.88",,,,2,5,"Top",,,,,,,-0.05395815027060368,-140.53229367371276,-9.069598528492289,-2.8667794945347467,31.29508946691193,-10.660554175572075,"3.3","1.55",,,,"96.3",2459,"6.1",745690,669224,519203,650402,665862,683011,691176,592450,665742,"54.42",,,,,,,,42,1,"4-Seam Fastball",1,7,7,1,7,1,7,1,"Standard","Standard",199,"0","0.015",,,,"-0.015",,-6,6,"0.038","0.962",25,29,26,30,1,2,180,1,3,1,"0.96","0.22","-0.22","51.6"
"SL","2024-09-25","86.5","-1.11","6.22","Beeter, Clayton",602104,690925,"field_out","hit_into_play",,,,,4,"Ramón Urías grounds out sharply, third baseman Jazz Chisholm Jr.  to first baseman Anthony Rizzo.","R","R","R","NYY","BAL","X",5,"ground_ball",0,1,2024,"0.36","-0.26","-0.65","2.23",,,,1,5,"Top",87.01,157.31,,,,,0.3677692350805564,-126.15043405604395,-2.85578581317408,3.848770489108083,23.041648213298863,-34.68085283509218,"3.18","1.54",12,"90.5",-11,"86.1",2830,"5.7",745690,669224,519203,650402,665862,683011,691176,592450,665742,"54.83",0.14,0.124,"0",1,0,0,2,41,2,"Slider",1,7,7,1,7,1,7,1,"Standard","Standard",41,"0.002","-0.138","67.9","7.8",0.157,"0.138","90.5",-6,6,"0.036","0.964",25,30,26,30,1,2,180,1,3,1,"3.27","-0.36","-0.36","54.6"
"SL","2024-09-25","87.4","-1.22","6.2","Beeter, Clayton",602104,690925,,"called_strike",,,,,12,"Ramón Urías grounds out sharply, third baseman Jazz Chisholm Jr.  to first baseman Anthony Rizzo.","R","R","R","NYY","BAL","S",,,0,0,2024,"0.43","-0.04","0.3","3.26",,,,1,5,"Top",,,,,,,2.7440607920257514,-127.32048808322799,-0.8588003697287068,4.099510553063,26.457177144698395,-32.69998787829766,"3.07","1.42",,,,"86.6",2776,"5.8",745690,669224,519203,650402,665862,683011,691176,592450,665742,"54.74",,,,,,,,41,1,"Slider",1,7,7,1,7,1,7,1,"Standard","Standard",41,"0","-0.023",,,,"0.023",,-6,6,"0.036","0.964",25,30,26,30,1,2,180,1,3,1,"3.03","-0.43","-0.43","52.1"
"FF","2024-09-25","93.4","-0.76","6.23","Beeter, Clayton",656811,690925,"field_out","hit_into_play",,,,,9,"Ryan O'Hearn pops out to third baseman Jazz Chisholm Jr.","R","L","R","NYY","BAL","X",5,"popup",1,1,2024,"-0.27","1.56","0.67","1.55",,,,0,5,"Top",79.06,143.92,,,,,4.231465115242733,-135.72380941234516,-9.612400236192187,-4.250691406391375,31.316298609618777,-10.907719638836538,"3.45","1.63",182,"84.7",59,"92.3",2411,"5.8",745690,669224,519203,650402,665862,683011,691176,592450,665742,"54.66",0.034,0.041,"0",1,0,0,3,40,3,"4-Seam Fastball",1,7,7,1,7,1,7,1,"Infield shade","Standard",201,"0.003","-0.218","72.9","7.7",0.055,"0.218","88.0",-6,6,"0.033","0.967",25,30,26,31,1,2,180,1,3,1,"1.07","0.27","-0.27","55.3"
"FF","2024-09-25","95.7","-1.1","6.19","Beeter, Clayton",656811,690925,,"called_strike",,,,,4,"Ryan O'Hearn pops out to third baseman Jazz Chisholm Jr.","R","L","R","NYY","BAL","S",,,1,0,2024,"-0.3","1.42","-0.69","2.4",,,,0,5,"Top",,,,,,,1.7549497332133739,-139.185626582867,-7.435630640784083,-4.362961745449375,32.55226825329982,-12.280800992929217,"3.45","1.65",,,,"94.2",2370,"5.5",745690,669224,519203,650402,665862,683011,691176,592450,665742,"54.95",,,,,,,,40,2,"4-Seam Fastball",1,7,7,1,7,1,7,1,"Infield shade","Standard",199,"0","-0.044",,,,"0.044",,-6,6,"0.033","0.967",25,30,26,31,1,2,180,1,3,1,"1.08","0.3","-0.3","52.1"
"FF","2024-09-25","94.8","-1.08","6.22","Beeter, Clayton",656811,690925,,"ball",,,,,11,"Ryan O'Hearn pops out to third baseman Jazz Chisholm Jr.","R","L","R","NYY","BAL","B",,,0,0,2024,"-0.14","1.57","-0.75","4.42",,,,0,5,"Top",,,,,,,1.1730525405383128,-138.05189803563823,-2.469823550665941,-2.0764458298902575,34.496100679365924,-11.919442237491573,"3.45","1.6",,,,"93.6",2393,"5.8",745690,669224,519203,650402,665862,683011,691176,592450,665742,"54.7",,,,,,,,40,1,"4-Seam Fastball",1,7,7,1,7,1,7,1,"Infield shade","Standard",198,"0","0.034",,,,"-0.034",,-6,6,"0.033","0.967",25,30,26,31,1,2,180,1,3,1,"0.99","0.14","-0.14","53.6"
"SL","2024-09-25","87.4","-1.22","6.21","Beeter, Clayton",663624,690925,"strikeout","foul_tip",,,,,14,"Ryan Mountcastle strikes out on a foul tip.","R","R","R","NYY","BAL","S",2,,2,2,2024,"0.18","-0.1","0.31","1.39",,681297,,2,4,"Top",,,,,,,3.2799469624255138,-127.21030027707575,-5.236221147300454,1.2747083988393455,24.85296760225179,-32.44075254946767,"3.63","1.82",,,,"86.6",2773,"5.6",745690,669224,519203,650402,665862,683011,691176,592450,665742,"54.86",,0,"0",1,0,0,,36,5,"Slider",1,7,7,1,7,1,7,1,"Standard","Standard",43,"0.006","-0.277","75.0","8.5",,"0.277",,-6,6,"0.045","0.955",25,27,26,27,1,2,180,1,3,1,"3.07","-0.18","-0.18","51.9"
"SL","2024-09-25","87.6","-1.13","6.2","Beeter, Clayton",663624,690925,,"blocked_ball",,,,,14,"Ryan Mountcastle strikes out on a foul tip.","R","R","R","NYY","BAL","B",,,1,2,2024,"0.04","-0.23","0.08","0.1",,681297,,2,4,"Top",,,,,,,2.81294503933904,-127.46773539667271,-8.138522469140588,-0.09250854076903006,23.541371943512328,-33.35376138796713,"3.45","1.65",,,,"87.2",2848,"5.8",745690,669224,519203,650402,665862,683011,691176,592450,665742,"54.66",,,,,,,,36,4,"Slider",1,7,7,1,7,1,7,1,"Standard","Standard",21,"0","0.041",,,,"-0.041",,-6,6,"0.045","0.955",25,27,26,27,1,2,180,1,3,1,"3.17","-0.04","-0.04","53.1"
"FF","2024-09-25","94.1","-1.12","6.17","Beeter, Clayton",663624,690925,,"swinging_strike",,,,,8,"Ryan Mountcastle strikes out on a foul tip.","R","R","R","NYY","BAL","S",,,1,1,2024,"-0.27","1.21","-0.14","2.15",,681297,,2,4,"Top",,,,,,,3.125802496217635,-136.88872582460024,-7.371937719197101,-4.127385334211671,29.193868866459535,-15.52432336652461,"3.63","1.82",,,,"93.6",2404,"5.9",745690,669224,519203,650402,665862,683011,691176,592450,665742,"54.56",,,,,,,,36,3,"4-Seam Fastball",1,7,7,1,7,1,7,1,"Standard","Standard",195,"0","-0.066","75.0","7.0",,"0.066",,-6,6,"0.045","0.955",25,27,26,27,1,2,180,1,3,1,"1.36","0.27","0.27","58.5"
"SL","2024-09-25","86.1","-1.22","6.18","Beeter, Clayton",663624,690925,,"swinging_strike",,,,,8,"Ryan Mountcastle strikes out on a foul tip.","R","R","R","NYY","BAL","S",,,1,0,2024,"0.09","-0.16","-0.03","1.87",,681297,,2,4,"Top",,,,,,,2.6260106830716925,-125.55326893311971,-3.7517816640287633,0.49654028906667175,21.97604440143644,-33.380442157742735,"3.63","1.82",,,,"86",2780,"5.8",745690,669224,519203,650402,665862,683011,691176,592450,665742,"54.71",,,,,,,,36,2,"Slider",1,7,7,1,7,1,7,1,"Standard","Standard",42,"0","-0.048","72.0","8.7",,"0.048",,-6,6,"0.045","0.955",25,27,26,27,1,2,180,1,3,1,"3.19","-0.09","-0.09","52.7"
"FF","2024-09-25","94.8","-0.98","6.3","Beeter, Clayton",663624,690925,,"ball",,,,,14,"Ryan Mountcastle strikes out on a foul tip.","R","R","R","NYY","BAL","B",,,0,0,2024,"-0.23","1.37","0.92","1.09",,681297,,2,4,"Top",,,,,,,5.417965757842278,-137.68150992926238,-10.905448171816197,-4.034060605616431,27.65260649555803,-12.621641167513856,"3.5","1.7",,,,"94.3",2367,"5.9",745690,669224,519203,650402,665862,683011,691176,592450,665742,"54.64",,,,,,,,36,1,"4-Seam Fastball",1,7,7,1,7,1,7,1,"Standard","Standard",197,"0","0.016",,,,"-0.016",,-6,6,"0.045","0.955",25,27,26,27,1,2,180,1,3,1,"1.16","0.23","0.23","57.1"
"FF","2024-09-25","95.9","-1.13","6.16","Beeter, Clayton",681297,690925,"double","hit_into_play",,,,,11,"Colton Cowser doubles (24) on a sharp line drive to center fielder Aaron Judge, deflected by right fielder Juan Soto.   Anthony Santander scores.","R","L","R","NYY","BAL","X",9,"line_drive",1,2,2024,"-0.24","1.5","-0.28","3.66",,623993,,2,4,"Top",156.14,69.72,,,,,2.7556513438400057,-139.60528796748193,-4.359386378852743,-3.7558912211990174,30.456010670823908,-11.773922688666802,"3.34","1.6",265,"103.6",13,"95",2401,"5.7",745690,669224,519203,650402,665862,683011,691176,592450,665742,"54.81",0.894,0.917,"1.25",1,1,1,4,35,4,"4-Seam Fastball",1,6,6,1,7,1,7,1,"Standard","Standard",203,"-0.03","1.096","71.4","6.4",1.224,"-1.096","103.6",-5,5,"0.075","0.925",25,24,26,24,1,2,180,1,3,1,"0.97","0.24","-0.24","52.7"
"FF","2024-09-25","94.1","-1.01","6.22","Beeter, Clayton",681297,690925,,"foul",,,,,1,"Colton Cowser doubles (24) on a sharp line drive to center fielder Aaron Judge, deflected by right fielder Juan Soto.   Anthony Santander scores.","R","L","R","NYY","BAL","S",,,1,1,2024,"-0.19","1.62","-0.4","3.03",,623993,,2,4,"Top",,,,,,,1.970906914853377,-136.88014870600216,-6.059885275592849,-2.831330994191943,33.230334231747754,-10.662270196471686,"3.34","1.6",232,"73.8",30,"92.7",2258,"5.7",745690,669224,519203,650402,665862,683011,691176,592450,665742,"54.82",,,,,,,,35,3,"4-Seam Fastball",1,6,6,1,6,1,6,1,"Standard","Standard",199,"0","-0.066","75.8","7.1",,"0.066","88.0",-5,5,"0.075","0.925",25,24,26,24,1,2,180,1,3,1,"0.97","0.19","-0.19","52.4"
"FF","2024-09-25","94.4","-1.14","6.01","Beeter, Clayton",681297,690925,,"blocked_ball",,,,,13,"Colton Cowser doubles (24) on a sharp line drive to center fielder Aaron Judge, deflected by right fielder Juan Soto.   Anthony Santander scores.","R","L","R","NYY","BAL","B",,,0,1,2024,"-0.37","1.77","-0.61","-0.95",,623993,,2,4,"Top",,,,,,,2.173275735615193,-136.72112776184645,-16.275794712382535,-5.106020093971484,27.556811242674186,-6.680464540533836,"3.32","1.45",,,,"94.3",2129,"6.3",745690,669224,519203,650402,665862,683011,691176,592450,665742,"54.18",,,,,,,,35,2,"4-Seam Fastball",1,6,6,1,6,1,6,1,"Standard","Standard",206,"0","0.013",,,,"-0.013",,-5,5,"0.075","0.925",25,24,26,24,1,2,180,1,3,1,"0.79","0.37","-0.37","50.7"
"FF","2024-09-25","95.7","-1.26","6.24","Beeter, Clayton",681297,690925,,"foul",,,,,12,"Colton Cowser doubles (24) on a sharp line drive to center fielder Aaron Judge, deflected by right fielder Juan Soto.   Anthony Santander scores.","R","L","R","NYY","BAL","S",,,0,0,2024,"0.23","1.5","0.33","3.49",,623993,,2,4,"Top",,,,,,,3.6550887363456703,-139.31445181194255,-4.987575080512088,2.180885679984308,30.46394052422458,-11.711720950852703,"3.34","1.6",65,"60.4",81,"95",2289,"5.8",745690,669224,519203,650402,665862,683011,691176,592450,665742,"54.69",,,,,,,,35,1,"4-Seam Fastball",1,6,6,1,6,1,6,1,"Standard","Standard",197,"0","-0.045","73.0","6.9",,"0.045","88.0",-5,5,"0.075","0.925",25,24,26,24,1,2,180,1,3,1,"0.98","-0.23","0.23","51.9"
"SL","2024-09-25","85.4","-1.15","6.34","Beeter, Clayton",623993,690925,"double","hit_into_play",,,,,7,"Anthony Santander doubles (25) on a sharp line drive to right fielder Juan Soto.   Gunnar Henderson scores.","R","L","R","NYY","BAL","X",9,"line_drive",2,2,2024,"0.04","-0.61","-0.55","2.02",,,683002,2,4,"Top",200.92,96.85,,,,,1.329856770704028,-124.48338029049457,-2.736328984357171,0.16262377293012434,21.944858545013016,-38.27584238755685,"3.28","1.59",312,"106.1",16,"84.9",2815,"5.6",745690,669224,519203,650402,665862,683011,691176,592450,665742,"54.92",0.617,0.736,"1.25",1,1,1,5,34,5,"Slider",1,5,5,1,6,1,6,1,"Infield shade","Standard",41,"-0.049","0.758","75.9","7.5",1.114,"-0.758","106.1",-4,4,"0.124","0.876",25,29,26,30,1,2,180,1,3,1,"3.69","-0.04","0.04","57.2"
"SL","2024-09-25","86.4","-0.97","6.26","Beeter, Clayton",623993,690925,,"blocked_ball",,,,,13,"Anthony Santander doubles (25) on a sharp line drive to right fielder Juan Soto.   Gunnar Henderson scores.","R","L","R","NYY","BAL","B",,,1,2,2024,"-0.07","-0.5","-0.14","-0.89",,,683002,2,4,"Top",,,,,,,2.111776945370107,-125.59450154670924,-9.709579198141443,-1.1998228714876462,25.48415679597347,-35.71691428181015,"3.12","1.57",,,,"85.7",2720,"5.9",745690,669224,519203,650402,665862,683011,691176,592450,665742,"54.59",,,,,,,,34,4,"Slider",1,5,5,1,5,1,5,1,"Infield shade","Standard",17,"0","0.032",,,,"-0.032",,-4,4,"0.124","0.876",25,29,26,30,1,2,180,1,3,1,"3.56","0.07","-0.07","54.8"
"FF","2024-09-25","95.8","-1.01","6.33","Beeter, Clayton",623993,690925,,"ball",,,,,12,"Anthony Santander doubles (25) on a sharp line drive to right fielder Juan Soto.   Gunnar Henderson scores.","R","L","R","NYY","BAL","B",,,0,2,2024,"-0.12","1.48","0.38","4.8",,,683002,2,4,"Top",,,,,,,3.9313976152577506,-139.4938709185698,-1.7606058600487868,-2.5248417290662943,31.944137945606457,-12.746705577871504,"3.2","1.55",,,,"95.1",2306,"5.9",745690,669224,519203,650402,665862,683011,691176,592450,665742,"54.59",,,,,,,,34,3,"4-Seam Fastball",1,5,5,1,5,1,5,1,"Infield shade","Standard",193,"0","0.023",,,,"-0.023",,-4,4,"0.124","0.876",25,29,26,30,1,2,180,1,3,1,"1.01","0.12","-0.12","54.7"
"SL","2024-09-25","86.6","-0.95","6.29","Beeter, Clayton",623993,690925,,"swinging_strike",,,,,14,"Anthony Santander doubles (25) on a sharp line drive to right fielder Juan Soto.   Gunnar Henderson scores.","R","L","R","NYY","BAL","S",,,0,1,2024,"0.02","-0.38","0.33","0.91",,,683002,2,4,"Top",,,,,,,3.0027989360758776,-126.10584854088279,-5.894322488632327,-0.3880008708184747,23.26417167394911,-35.40761583878842,"3.28","1.59",,,,"86.4",2637,"5.9",745690,669224,519203,650402,665862,683011,691176,592450,665742,"54.55",,,,,,,,34,2,"Slider",1,5,5,1,5,1,5,1,"Infield shade","Standard",30,"0","-0.046","69.7","8.3",,"0.046",,-4,4,"0.124","0.876",25,29,26,30,1,2,180,1,3,1,"3.4","-0.02","0.02","54.5"
"FF","2024-09-25","95","-1.03","6.26","Beeter, Clayton",623993,690925,,"called_strike",,,,,2,"Anthony Santander doubles (25) on a sharp line drive to right fielder Juan Soto.   Gunnar Henderson scores.","R","L","R","NYY","BAL","S",,,0,0,2024,"0.06","1.36","0.06","3.25",,,683002,2,4,"Top",,,,,,,2.6823309388786236,-138.2924407046808,-5.278902839420527,0.1555946554511649,28.865505289495584,-13.757922955756351,"3.42","1.68",,,,"94.4",2207,"5.8",745690,669224,519203,650402,665862,683011,691176,592450,665742,"54.74",,,,,,,,34,1,"4-Seam Fastball",1,5,5,1,5,1,5,1,"Infield shade","Standard",207,"0","-0.039",,,,"0.039",,-4,4,"0.124","0.876",25,29,26,30,1,2,180,1,3,1,"1.15","-0.06","0.06","52.8"
"SL","2024-09-25","83.5","-1.01","6.35","Beeter, Clayton",676059,690925,"strikeout","called_strike",,,,,2,"Jordan Westburg called out on strikes.","R","R","R","NYY","BAL","S",2,,0,2,2024,"0.4","-0.56","0.13","2.91",,,683002,1,4,"Top",,,,,,,1.8223740120734422,-121.76006314050028,-0.4636776020321911,3.7019473060394277,22.222642178825136,-37.885898848625544,"3.35","1.47",,,,"82.9",2632,"5.6",745690,669224,519203,650402,665862,683011,691176,592450,665742,"54.86",,0,"0",1,0,0,,33,3,"Slider",1,5,5,1,5,1,5,1,"Standard","Standard",28,"0.011","-0.188",,,,"0.188",,-4,4,"0.113","0.887",25,25,26,25,1,2,180,1,3,1,"3.8","-0.4","-0.4","56.7"
"FF","2024-09-25","93","-1.24","6.27","Beeter, Clayton",676059,690925,,"foul",,,,,5,"Jordan Westburg called out on strikes.","R","R","R","NYY","BAL","S",,,0,1,2024,"-0.21","1.59","-0.04","2.61",,,683002,1,4,"Top",,,,,,,3.4841249456968084,-135.35033076485965,-7.035961609221212,-3.2455735840387474,27.550594948444978,-11.32456494793908,"3.47","1.62",225,"75.9",52,"92",2235,"5.5",745690,669224,519203,650402,665862,683011,691176,592450,665742,"54.95",,,,,,,,33,2,"4-Seam Fastball",1,5,5,1,5,1,5,1,"Standard","Standard",198,"0","-0.061","65.5","6.7",,"0.061","88.0",-4,4,"0.113","0.887",25,25,26,25,1,2,180,1,3,1,"1.03","0.21","0.21","50.0"
"FF","2024-09-25","93.1","-1.01","6.38","Beeter, Clayton",676059,690925,,"called_strike",,,,,9,"Jordan Westburg called out on strikes.","R","R","R","NYY","BAL","S",,,0,0,2024,"-0.22","1.5","0.28","1.9",,,683002,1,4,"Top",,,,,,,3.763896186655583,-135.4203141695192,-8.960088715326611,-3.5318804524004945,26.891010421185438,-12.049351411330301,"3.35","1.52",,,,"92.4",2209,"5.7",745690,669224,519203,650402,665862,683011,691176,592450,665742,"54.83",,,,,,,,33,1,"4-Seam Fastball",1,5,5,1,5,1,5,1,"Standard","Standard",199,"0","-0.047",,,,"0.047",,-4,4,"0.113","0.887",25,25,26,25,1,2,180,1,3,1,"1.12","0.22","0.22","54.6"
"FF","2024-03-29","95.9","-0.93","6.26","Beeter, Clayton",663656,690925,"field_out","hit_into_play",,,,,5,"Kyle Tucker flies out to center fielder Aaron Judge.","R","L","R","HOU","NYY","X",8,"fly_ball",0,0,2024,"-0.27","1.65","-0.06","2.76",,,,2,9,"Bot",132.98,43.56,,,,,2.890368505228486,-139.46908787438264,-7.274082756799414,-4.2726147615579535,34.44615988537771,-9.172816975644922,"3.53","1.68",385,"99.3",30,"94.6",2380,"5.8",746412,669224,519203,663330,665828,683011,657077,592450,665742,"54.72",0.446,0.859,"0",1,0,0,6,84,1,"4-Seam Fastball",1,7,1,7,7,1,1,7,"Infield shade","Standard",196,"0","-0.099",,,1.619,"0.099","99.3",-6,-6,"0","0",25,27,26,27,1,4,,1,180,1,"0.85","0.27","-0.27","52.5"
"FF","2024-03-29","95.6","-1.1","6.24","Beeter, Clayton",670541,690925,"force_out","hit_into_play",,,,,3,"Yordan Alvarez grounds into a force out, third baseman Oswaldo Cabrera to shortstop Anthony Volpe.   Jose Altuve out at 2nd.    Yordan Alvarez out at 2nd.  Yordan Alvarez out at 2nd, first baseman Anthony Rizzo.","R","L","R","HOU","NYY","X",5,"ground_ball",0,0,2024,"-0.17","1.75","0.79","3.14",,,514888,0,9,"Bot",111.4,160.61,,,,,5.319895273440478,-138.93158800162607,-6.35351930284058,-3.5421931898584673,35.01233378050168,-8.324443983446077,"3.54","1.75",55,"63.5",4,"94.3",2332,"5.9",746412,669224,519203,663330,665828,683011,657077,592450,665742,"54.64",0.169,0.135,"0",1,0,0,2,83,1,"4-Seam Fastball",1,7,1,7,7,1,1,7,"Infield shade","Standard",196,"-0.007","-0.529",,,0.206,"0.529","88.0",-6,-6,"0.007","0.007",25,27,26,27,1,4,,1,180,1,"0.78","0.17","-0.17","51.8"
"FF","2024-03-29","95.9","-1.06","6.21","Beeter, Clayton",514888,690925,"single","hit_into_play",,,,,9,"Jose Altuve singles on a ground ball to right fielder Juan Soto.","R","R","R","HOU","NYY","X",9,"ground_ball",0,0,2024,"-0.5","1.5","0.34","1.31",,,,0,9,"Bot",129.95,190.76,,,,,4.771794723531448,-139.15203035013562,-10.56432852670499,-7.627660332960101,32.70590784097477,-10.472751797573038,"2.85","1.26",33,"93.5",0,"94.7",2198,"5.9",746412,669224,519203,663330,665828,683011,657077,592450,665742,"54.62",0.343,0.319,"0.9",1,1,0,2,82,1,"4-Seam Fastball",1,7,1,7,7,1,1,7,"Standard","Standard",203,"0.004","0.403",,,0.373,"-0.403","93.5",-6,-6,"0.003","0.003",25,34,26,34,1,4,,1,180,1,"1","0.5","0.5","53.2"