﻿"pitch_type","game_date","release_speed","release_pos_x","release_pos_z","player_name","batter","pitcher","events","description","spin_dir","spin_rate_deprecated","break_angle_deprecated","break_length_deprecated","zone","des","game_type","stand","p_throws","home_team","away_team","type","hit_location","bb_type","balls","strikes","game_year","pfx_x","pfx_z","plate_x","plate_z","on_3b","on_2b","on_1b","outs_when_up","inning","inning_topbot","hc_x","hc_y","tfs_deprecated","tfs_zulu_deprecated","umpire","sv_id","vx0","vy0","vz0","ax","ay","az","sz_top","sz_bot","hit_distance_sc","launch_speed","launch_angle","effective_speed","release_spin_rate","release_extension","game_pk","fielder_2","fielder_3","fielder_4","fielder_5","fielder_6","fielder_7","fielder_8","fielder_9","release_pos_y","estimated_ba_using_speedangle","estimated_woba_using_speedangle","woba_value","woba_denom","babip_value","iso_value","launch_speed_angle","at_bat_number","pitch_number","pitch_name","home_score","away_score","bat_score","fld_score","post_away_score","post_home_score","post_bat_score","post_fld_score","if_fielding_alignment","of_fielding_alignment","spin_axis","delta_home_win_exp","delta_run_exp","bat_speed","swing_length","estimated_slg_using_speedangle","delta_pitcher_run_exp","hyper_speed","home_score_diff","bat_score_diff","home_win_exp","bat_win_exp","age_pit_legacy","age_bat_legacy","age_pit","age_bat","n_thruorder_pitcher","n_priorpa_thisgame_player_at_bat","pitcher_days_since_prev_game","batter_days_since_prev_game","pitcher_days_until_next_game","batter_days_until_next_game","api_break_z_with_gravity","api_break_x_arm","api_break_x_batter_in","arm_angle"
"CH","2024-09-29","90.2","-1.99","5.7","Guerrero, Luis",680700,692285,"field_out","hit_into_play",,,,,11,"Richie Palacios grounds out, second baseman Vaughn Grissom to first baseman Triston Casas.","R","L","R","BOS","TB","X",4,"ground_ball",0,0,2024,"-1.32","0.82","-1","2.98",,,,2,7,"Top",148.07,146.15,,,,,5.179291513038593,-131.3038738662173,-2.55254402786774,-16.369683182204163,26.752186306813673,-22.33638289653436,"3.33","1.57",5,"65.6",-28,"89.2",1971,"5.6",746901,657136,671213,687093,665839,686765,680776,678882,677800,"54.92",0.06,0.062,"0",1,0,0,2,54,1,"Changeup",3,1,1,3,1,3,1,3,"Standard","Standard",241,"0.013","-0.099","64.0","7.0",0.065,"0.099","88.0",2,-2,"0.88","0.12",23,27,24,27,1,3,2,2,,,"1.97","1.32","-1.32","28.1"
"CH","2024-09-29","89.7","-2.07","5.63","Guerrero, Luis",686482,692285,"field_out","hit_into_play",,,,,4,"Logan Driscoll grounds out, second baseman Vaughn Grissom to first baseman Triston Casas.","R","L","R","BOS","TB","X",4,"ground_ball",3,2,2024,"-1.43","0.5","-0.75","2.4",,,,1,7,"Top",148.07,148.17,,,,,6.200971989957541,-130.46767707216011,-3.0236871141871626,-17.585121715058385,27.634434991458335,-25.97500685147867,"3.32","1.51",7,"74.3",-19,"88.8",1832,"5.8",746901,657136,671213,687093,665839,686765,680776,678882,677800,"54.73",0.043,0.039,"0",1,0,0,2,53,6,"Changeup",3,1,1,3,1,3,1,3,"Infield shade","Standard",241,"0.023","-0.21","68.7","7.6",0.046,"0.21","88.0",2,-2,"0.857","0.143",23,26,24,27,1,2,2,2,,,"2.33","1.43","-1.43","27.0"
"CH","2024-09-29","87.7","-2.11","5.67","Guerrero, Luis",686482,692285,,"foul",,,,,5,"Logan Driscoll grounds out, second baseman Vaughn Grissom to first baseman Triston Casas.","R","L","R","BOS","TB","S",,,3,1,2024,"-1.4","0.34","-0.04","2.46",,,,1,7,"Top",,,,,,,7.778831384347081,-127.51154352347287,-2.2982714683546757,-16.885124459182332,26.47197292710698,-28.241123250505485,"3.32","1.51",,,,"86.4",1935,"5.5",746901,657136,671213,687093,665839,686765,680776,678882,677800,"54.96",,,,,,,,53,5,"Changeup",3,1,1,3,1,3,1,3,"Infield shade","Standard",239,"0","-0.058","66.9","7.9",,"0.058",,2,-2,"0.857","0.143",23,26,24,27,1,2,2,2,,,"2.64","1.4","-1.4","28.0"
"FF","2024-09-29","98.6","-2.02","5.99","Guerrero, Luis",686482,692285,,"ball",,,,,11,"Logan Driscoll grounds out, second baseman Vaughn Grissom to first baseman Triston Casas.","R","L","R","BOS","TB","B",,,2,1,2024,"-0.75","1.25","-1.13","2.4",,,,1,7,"Top",,,,,,,4.145638856690208,-143.38029250262912,-7.145571246727483,-11.329926597113541,33.474690073166315,-13.4465608354212,"3.23","1.38",,,,"97.7",2259,"5.8",746901,657136,671213,687093,665839,686765,680776,678882,677800,"54.67",,,,,,,,53,4,"4-Seam Fastball",3,1,1,3,1,3,1,3,"Infield shade","Standard",222,"0","0.077",,,,"-0.077",,2,-2,"0.857","0.143",23,26,24,27,1,2,2,2,,,"1.1","0.75","-0.75","36.1"
"FF","2024-09-29","98.4","-1.84","5.91","Guerrero, Luis",686482,692285,,"foul",,,,,3,"Logan Driscoll grounds out, second baseman Vaughn Grissom to first baseman Triston Casas.","R","L","R","BOS","TB","S",,,2,0,2024,"-0.83","1.22","0.6","2.79",,,,1,7,"Top",,,,,,,8.427719688270612,-143.00438167514122,-5.7387447666511555,-13.319275128426355,33.38252289741102,-14.285915184398545,"3.32","1.51",160,"65.9",63,"97.3",2255,"5.8",746901,657136,671213,687093,665839,686765,680776,678882,677800,"54.74",,,,,,,,53,3,"4-Seam Fastball",3,1,1,3,1,3,1,3,"Infield shade","Standard",220,"0","-0.041","69.0","7.0",,"0.041","88.0",2,-2,"0.857","0.143",23,26,24,27,1,2,2,2,,,"1.14","0.83","-0.83","37.1"
"CH","2024-09-29","87.8","-1.97","5.72","Guerrero, Luis",686482,692285,,"ball",,,,,13,"Logan Driscoll grounds out, second baseman Vaughn Grissom to first baseman Triston Casas.","R","L","R","BOS","TB","B",,,1,0,2024,"-1.45","0.42","-0.69","0.95",,,,1,7,"Top",,,,,,,5.989588682381538,-127.61200240886991,-6.190977378849361,-17.0338611168977,27.262422401488205,-26.49950177874573,"3.15","1.29",,,,"86.6",1875,"5.7",746901,657136,671213,687093,665839,686765,680776,678882,677800,"54.84",,,,,,,,53,2,"Changeup",3,1,1,3,1,3,1,3,"Infield shade","Standard",241,"0","0.046",,,,"-0.046",,2,-2,"0.857","0.143",23,26,24,27,1,2,2,2,,,"2.56","1.45","-1.45","29.5"
"CH","2024-09-29","89.2","-1.97","5.73","Guerrero, Luis",686482,692285,,"ball",,,,,14,"Logan Driscoll grounds out, second baseman Vaughn Grissom to first baseman Triston Casas.","R","L","R","BOS","TB","B",,,0,0,2024,"-1.35","0.43","0.54","0.65",,,,1,7,"Top",,,,,,,8.864621828174544,-129.43542135900236,-7.276650255558245,-16.956581897279655,26.240570576471544,-25.976071047245373,"3.3","1.45",,,,"88.1",1792,"5.7",746901,657136,671213,687093,665839,686765,680776,678882,677800,"54.81",,,,,,,,53,1,"Changeup",3,1,1,3,1,3,1,3,"Infield shade","Standard",242,"0","0.025",,,,"-0.025",,2,-2,"0.857","0.143",23,26,24,27,1,2,2,2,,,"2.44","1.35","-1.35","28.7"
"SL","2024-09-29","86.1","-1.79","5.8","Guerrero, Luis",676609,692285,"field_out","hit_into_play",,,,,2,"José Caballero pops out to first baseman Triston Casas.","R","R","R","BOS","TB","X",3,"popup",0,2,2024,"0.86","0.4","0.21","2.82",,,,0,7,"Top",165.78,145.14,,,,,2.9707124268118346,-125.35384500745138,-1.634299235001842,8.494027371724153,25.706710946925924,-27.861876157124833,"3.05","1.39",160,"81",61,"85.2",2618,"5.7",746901,657136,671213,687093,665839,686765,680776,678882,677800,"54.79",0.014,0.013,"0",1,0,0,3,52,4,"Slider",3,1,1,3,1,3,1,3,"Standard","Standard",66,"0.033","-0.146","65.6","6.4",0.015,"0.146","88.0",2,-2,"0.824","0.176",23,27,24,28,1,2,2,2,,,"2.68","-0.86","-0.86","35.2"
"FF","2024-09-29","98.5","-1.59","6.14","Guerrero, Luis",676609,692285,,"foul",,,,,12,"José Caballero pops out to first baseman Triston Casas.","R","R","R","BOS","TB","S",,,0,2,2024,"-0.88","1.49","0.13","3.3",,,,0,7,"Top",,,,,,,6.642693986710345,-143.27119638064033,-5.63521625101398,-13.661315981820094,33.80484345344168,-10.596859073572084,"3.05","1.39",152,"78.1",67,"97.4",2256,"5.7",746901,657136,671213,687093,665839,686765,680776,678882,677800,"54.76",,,,,,,,52,3,"4-Seam Fastball",3,1,1,3,1,3,1,3,"Standard","Standard",214,"0","0","62.8","6.3",,"0","88.0",2,-2,"0.824","0.176",23,27,24,28,1,2,2,2,,,"0.87","0.88","0.88","38.8"
"FF","2024-09-29","98.1","-1.52","6.19","Guerrero, Luis",676609,692285,,"swinging_strike",,,,,12,"José Caballero pops out to first baseman Triston Casas.","R","R","R","BOS","TB","S",,,0,1,2024,"-0.93","1.4","0.51","3.4",,,,0,7,"Top",,,,,,,7.559508102504407,-142.59741138197614,-5.2533216936431195,-14.382950681663397,32.97911135740126,-12.039002219602661,"3.05","1.39",,,,"97.2",2225,"5.9",746901,657136,671213,687093,665839,686765,680776,678882,677800,"54.63",,,,,,,,52,2,"4-Seam Fastball",3,1,1,3,1,3,1,3,"Standard","Standard",220,"0","-0.049","65.0","6.2",,"0.049",,2,-2,"0.824","0.176",23,27,24,28,1,2,2,2,,,"0.97","0.93","0.93","42.6"
"FF","2024-09-29","98.6","-1.65","6.12","Guerrero, Luis",676609,692285,,"called_strike",,,,,12,"José Caballero pops out to first baseman Triston Casas.","R","R","R","BOS","TB","S",,,0,0,2024,"-0.95","1.27","0.87","2.76",,,,0,7,"Top",,,,,,,8.923158328936026,-143.2330916621901,-6.550041447377801,-15.06509549066708,31.943073522630296,-13.37917496811166,"3.17","1.38",,,,"97.5",2227,"5.7",746901,657136,671213,687093,665839,686765,680776,678882,677800,"54.82",,,,,,,,52,1,"4-Seam Fastball",3,1,1,3,1,3,1,3,"Standard","Standard",222,"0","-0.033",,,,"0.033",,2,-2,"0.824","0.176",23,27,24,28,1,2,2,2,,,"1.08","0.95","0.95","37.6"
"FF","2024-09-27","97.3","-1.7","6.14","Guerrero, Luis",676356,692285,"truncated_pa","ball",,,,,3,"Taylor Walls caught stealing 2nd base, catcher Connor Wong to second baseman Vaughn Grissom.","R","R","R","BOS","TB","B",2,,0,2,2024,"-0.81","1.38","0.76","2.94",,,670764,2,8,"Top",,,,,,,8.373195374963535,-141.31823734725623,-6.165086851931168,-12.744886877070185,32.71232470348937,-12.443500122123929,"3.24","1.58",,,,"96.3",2348,"5.8",746904,657136,671213,687093,686765,596115,680776,678882,663853,"54.66",,,"0",0,0,0,,60,3,"4-Seam Fastball",1,2,2,1,2,1,2,1,"Infield shade","Standard",218,"0.024","-0.143",,,,"0.143",,-1,1,"0.273","0.727",23,25,24,26,1,3,3,2,2,2,"1.04","0.81","0.81","40.2"
"FF","2024-09-27","97.4","-1.74","6.11","Guerrero, Luis",676356,692285,,"foul",,,,,11,"Taylor Walls caught stealing 2nd base, catcher Connor Wong to second baseman Vaughn Grissom.","R","R","R","BOS","TB","S",,,0,1,2024,"-0.9","1.36","-0.76","3.51",,,670764,2,8,"Top",,,,,,,4.652472222196434,-141.69213142325464,-4.518559427550326,-13.243957566761141,33.71163098363706,-13.02819870281646,"3.22","1.52",12,"81.7",-15,"96.2",2280,"5.7",746904,657136,671213,687093,686765,596115,680776,678882,663853,"54.81",,,,,,,,60,2,"4-Seam Fastball",1,2,2,1,2,1,2,1,"Infield shade","Standard",218,"0","-0.046",,,,"0.046","88.0",-1,1,"0.273","0.727",23,25,24,26,1,3,3,2,2,2,"1.05","0.9","0.9","39.2"
"FF","2024-09-27","98.4","-1.78","6.05","Guerrero, Luis",676356,692285,,"swinging_strike",,,,,2,"Taylor Walls caught stealing 2nd base, catcher Connor Wong to second baseman Vaughn Grissom.","R","R","R","BOS","TB","S",,,0,0,2024,"-0.92","1.4","-0.17","3.28",,,670764,2,8,"Top",,,,,,,6.409552175880382,-143.1076158690645,-5.206393607529463,-14.122504829839203,35.0672953129793,-11.987781386823757,"3.22","1.52",,,,"97.1",2296,"5.7",746904,657136,671213,687093,686765,596115,680776,678882,663853,"54.76",,,,,,,,60,1,"4-Seam Fastball",1,2,2,1,2,1,2,1,"Infield shade","Standard",219,"0","-0.039","72.6","8.2",,"0.039",,-1,1,"0.273","0.727",23,25,24,26,1,3,3,2,2,2,"0.97","0.92","0.92","37.7"
"CH","2024-09-27","89.9","-2.28","5.75","Guerrero, Luis",666018,692285,"single","hit_into_play",,,,,5,"Jonathan Aranda singles on a fly ball to left fielder Jarren Duran.","R","L","R","BOS","TB","X",7,"fly_ball",0,0,2024,"-1.36","0.69","0.27","2.59",,,,2,8,"Top",98.36,108.27,,,,,9.060357629902756,-130.57620781472704,-3.2388534544433973,-17.512024748442897,28.57627036670693,-23.76685407668663,"3.22","1.5",205,"72.6",27,"88.5",1948,"5.6",746904,657136,671213,687093,686765,596115,680776,678882,663853,"54.87",0.823,0.773,"0.9",1,1,0,4,59,1,"Changeup",1,2,2,1,2,1,2,1,"Infield shade","Standard",247,"-0.012","0.128","76.3","7.6",0.913,"-0.128","88.0",-1,1,"0.285","0.715",23,26,24,26,1,3,3,1,2,1,"2.15","1.36","-1.36","28.5"
"FF","2024-09-27","97.9","-1.98","6.11","Guerrero, Luis",691406,692285,"strikeout","called_strike",,,,,9,"Junior Caminero called out on strikes.","R","R","R","BOS","TB","S",2,,2,2,2024,"-1","1.31","0.4","1.98",,,,1,8,"Top",,,,,,,8.613656290577714,-142.14101421600355,-8.545868854813792,-15.497343301619116,33.57430564319545,-12.600088845385102,"3.48","1.64",,,,"96.7",2301,"5.8",746904,657136,671213,687093,686765,596115,680776,678882,663853,"54.72",,0,"0",1,0,0,,58,5,"4-Seam Fastball",1,2,2,1,2,1,2,1,"Standard","Standard",220,"0.016","-0.142",,,,"0.142",,-1,1,"0.269","0.731",23,20,24,21,1,3,3,1,2,1,"1.09","1","1","37.4"
"FF","2024-09-27","98.3","-2.04","5.92","Guerrero, Luis",691406,692285,,"called_strike",,,,,6,"Junior Caminero called out on strikes.","R","R","R","BOS","TB","S",,,2,1,2024,"-0.98","1.37","0.37","2.78",,,,1,8,"Top",,,,,,,8.690980732457609,-142.74242605424104,-6.10809589410598,-15.446069948281327,34.38887167088968,-12.207518979614386,"3.56","1.64",,,,"97",2389,"5.7",746904,657136,671213,687093,686765,596115,680776,678882,663853,"54.75",,,,,,,,58,4,"4-Seam Fastball",1,2,2,1,2,1,2,1,"Standard","Standard",222,"0","-0.049",,,,"0.049",,-1,1,"0.269","0.731",23,20,24,21,1,3,3,1,2,1,"1.01","0.98","0.98","33.8"
"CH","2024-09-27","88.6","-2.26","5.73","Guerrero, Luis",691406,692285,,"ball",,,,,13,"Junior Caminero called out on strikes.","R","R","R","BOS","TB","B",,,1,1,2024,"-1.12","0.62","-1.62","0.7",,,,1,8,"Top",,,,,,,3.839942815123911,-128.79419411387045,-7.409880976142267,-13.3048041311944,26.89778067040226,-23.951856405368886,"3.52","1.6",,,,"87.5",1710,"5.7",746904,657136,671213,687093,686765,596115,680776,678882,663853,"54.84",,,,,,,,58,3,"Changeup",1,2,2,1,2,1,2,1,"Standard","Standard",240,"0","0.037",,,,"-0.037",,-1,1,"0.269","0.731",23,20,24,21,1,3,3,1,2,1,"2.29","1.12","1.12","28.7"
"SL","2024-09-27","85.9","-2.16","5.86","Guerrero, Luis",691406,692285,,"called_strike",,,,,12,"Junior Caminero called out on strikes.","R","R","R","BOS","TB","S",,,1,0,2024,"1.3","0.44","0.97","3.13",,,,1,8,"Top",,,,,,,4.748314105059422,-125.05180632162164,-1.0922265459581741,12.629038491525561,25.584466929871926,-27.566574058303516,"3.61","1.74",,,,"85",2659,"5.7",746904,657136,671213,687093,686765,596115,680776,678882,663853,"54.77",,,,,,,,58,2,"Slider",1,2,2,1,2,1,2,1,"Standard","Standard",69,"0","-0.032",,,,"0.032",,-1,1,"0.269","0.731",23,20,24,21,1,3,3,1,2,1,"2.65","-1.3","-1.3","34.7"
"FF","2024-09-27","98","-2.1","6.09","Guerrero, Luis",691406,692285,,"ball",,,,,11,"Junior Caminero called out on strikes.","R","R","R","BOS","TB","B",,,0,0,2024,"-0.67","1.44","-1.6","3.57",,,,1,8,"Top",,,,,,,2.8567812736394163,-142.75522033910184,-4.60916754247815,-9.789556552039812,32.49291235051362,-11.609441548565592,"3.6","1.75",,,,"97",2127,"5.6",746904,657136,671213,687093,686765,596115,680776,678882,663853,"54.88",,,,,,,,58,1,"4-Seam Fastball",1,2,2,1,2,1,2,1,"Standard","Standard",221,"0","0.025",,,,"-0.025",,-1,1,"0.269","0.731",23,20,24,21,1,3,3,1,2,1,"0.93","0.67","0.67","33.9"
"CH","2024-09-27","88.4","-2.24","5.89","Guerrero, Luis",664040,692285,"field_out","hit_into_play",,,,,11,"Brandon Lowe pops out to shortstop Trevor Story.","R","L","R","BOS","TB","X",6,"popup",2,2,2024,"-0.97","0.83","-1.08","3.02",,,,0,8,"Top",107,129.78,,,,,4.795627939032078,-128.63829709343185,-2.5780691899251287,-11.754867265100716,28.067702468075407,-22.680425669830754,"3.25","1.47",183,"69.4",52,"87.1",1715,"5.6",746904,657136,671213,687093,686765,596115,680776,678882,663853,"54.89",0.091,0.082,"0",1,0,0,3,57,5,"Changeup",1,2,2,1,2,1,2,1,"Infield shade","Standard",238,"0.022","-0.203","71.5","6.8",0.104,"0.203","88.0",-1,1,"0.247","0.753",23,29,24,30,1,3,3,1,2,1,"2.1","0.97","-0.97","31.4"
"FF","2024-09-27","96.7","-2.25","6.08","Guerrero, Luis",664040,692285,,"ball",,,,,11,"Brandon Lowe pops out to shortstop Trevor Story.","R","L","R","BOS","TB","B",,,1,2,2024,"-0.47","1.36","-1.67","4.24",,,,0,8,"Top",,,,,,,2.582287763873881,-140.87042190336422,-2.427903579696671,-6.862399177220714,32.800403435406544,-13.786136799709881,"3.18","1.48",,,,"95.4",2225,"5.5",746904,657136,671213,687093,686765,596115,680776,678882,663853,"54.96",,,,,,,,57,4,"4-Seam Fastball",1,2,2,1,2,1,2,1,"Infield shade","Standard",215,"0","0.036",,,,"-0.036",,-1,1,"0.247","0.753",23,29,24,30,1,3,3,1,2,1,"1.08","0.47","-0.47","36.0"
"FF","2024-09-27","96.4","-2.21","6.11","Guerrero, Luis",664040,692285,,"foul",,,,,3,"Brandon Lowe pops out to shortstop Trevor Story.","R","L","R","BOS","TB","S",,,1,1,2024,"-0.77","1.39","0.35","2.97",,,,0,8,"Top",,,,,,,8.432381504935305,-140.13083263906913,-5.837080399327297,-12.112843260629873,31.653540820398714,-12.684691571692797,"3.25","1.47",114,"85",74,"95",2173,"5.5",746904,657136,671213,687093,686765,596115,680776,678882,663853,"54.96",,,,,,,,57,3,"4-Seam Fastball",1,2,2,1,2,1,2,1,"Infield shade","Standard",221,"0","-0.051","79.0","7.3",,"0.051","88.0",-1,1,"0.247","0.753",23,29,24,30,1,3,3,1,2,1,"1.07","0.77","-0.77","35.5"
"CH","2024-09-27","88.2","-2.33","5.88","Guerrero, Luis",664040,692285,,"ball",,,,,13,"Brandon Lowe pops out to shortstop Trevor Story.","R","L","R","BOS","TB","B",,,0,1,2024,"-1.46","0.4","-0.8","0.87",,,,0,8,"Top",,,,,,,6.617086678980802,-128.1789917887315,-6.795575279860993,-17.422419847291447,26.61724484118388,-26.582600542578138,"3.16","1.41",,,,"86.8",1893,"5.5",746904,657136,671213,687093,686765,596115,680776,678882,663853,"55.02",,,,,,,,57,2,"Changeup",1,2,2,1,2,1,2,1,"Infield shade","Standard",245,"0","0.023",,,,"-0.023",,-1,1,"0.247","0.753",23,29,24,30,1,3,3,1,2,1,"2.54","1.46","-1.46","29.1"
"CH","2024-09-27","87.9","-2.31","5.85","Guerrero, Luis",664040,692285,,"swinging_strike",,,,,14,"Brandon Lowe pops out to shortstop Trevor Story.","R","L","R","BOS","TB","S",,,0,0,2024,"-1.47","0.34","0.14","0.93",,,,0,8,"Top",,,,,,,8.81073857051033,-127.66948516979285,-6.420016285228917,-17.933821184666478,25.685188600499202,-27.31117738232419,"3.25","1.47",,,,"86.4",1778,"5.4",746904,657136,671213,687093,686765,596115,680776,678882,663853,"55.1",,,,,,,,57,1,"Changeup",1,2,2,1,2,1,2,1,"Infield shade","Standard",247,"0","-0.033","75.8","8.1",,"0.033",,-1,1,"0.247","0.753",23,29,24,30,1,3,3,1,2,1,"2.62","1.47","-1.47","29.0"
"SL","2024-09-27","88","-2.17","5.85","Guerrero, Luis",650490,692285,"force_out","hit_into_play",,,,,8,"Yandy Díaz grounds into a force out, shortstop Trevor Story to second baseman Vaughn Grissom.   Christopher Morel out at 2nd.","R","R","R","BOS","TB","X",6,"ground_ball",1,2,2024,"0.62","0.31","0.12","1.96",680700,676609,666624,2,7,"Top",108.42,151.07,,,,,4.222130060585436,-127.9948344065983,-3.8669017099749037,5.794640029142918,29.354896011410045,-28.0853773969919,"3.38","1.58",140,"111.5",5,"86.7",2584,"5.7",746904,657136,671213,687093,686765,596115,680776,678882,677800,"54.77",0.706,0.675,"0",1,0,0,4,50,4,"Slider",0,2,2,0,2,0,2,0,"Infield shade","Standard",89,"0.046","-0.627","79.0","8.1",0.827,"0.627","111.5",-2,2,"0.163","0.837",23,32,24,33,1,3,3,3,2,1,"2.66","-0.62","-0.62","32.2"
"FF","2024-09-27","97.6","-2","6.05","Guerrero, Luis",650490,692285,,"called_strike",,,,,14,"Yandy Díaz grounds into a force out, shortstop Trevor Story to second baseman Vaughn Grissom.   Christopher Morel out at 2nd.","R","R","R","BOS","TB","S",,,1,1,2024,"-0.99","1.37","0.89","1.62",680700,676609,666624,2,7,"Top",,,,,,,9.933533577313833,-141.5561158924872,-9.383898258184713,-15.703944520231982,34.14152908065633,-11.668365274297491,"3.41","1.64",,,,"96.1",2405,"5.7",746904,657136,671213,687093,686765,596115,680776,678882,677800,"54.78",,,,,,,,50,3,"4-Seam Fastball",0,2,2,0,2,0,2,0,"Infield shade","Standard",225,"0","-0.146",,,,"0.146",,-2,2,"0.163","0.837",23,32,24,33,1,3,3,3,2,1,"1.05","0.99","0.99","34.8"
"SL","2024-09-27","86.3","-2.1","5.84","Guerrero, Luis",650490,692285,,"ball",,,,,14,"Yandy Díaz grounds into a force out, shortstop Trevor Story to second baseman Vaughn Grissom.   Christopher Morel out at 2nd.","R","R","R","BOS","TB","B",,,0,1,2024,"0.9","-0.07","0.93","1.04",680700,676609,666624,2,7,"Top",,,,,,,5.322917959921002,-125.44528613546508,-4.903531341521521,8.130341875715123,29.14174226175608,-32.01462958166649,"3.31","1.39",,,,"84.7",2569,"5.6",746904,657136,671213,687093,686765,596115,680776,678882,677800,"54.86",,,,,,,,50,2,"Slider",0,2,2,0,2,0,2,0,"Standard","Standard",68,"0","0.092",,,,"-0.092",,-2,2,"0.163","0.837",23,32,24,33,1,3,3,3,2,1,"3.18","-0.9","-0.9","30.5"
"FF","2024-09-27","97.7","-1.97","6.1","Guerrero, Luis",650490,692285,,"called_strike",,,,,6,"Yandy Díaz grounds into a force out, shortstop Trevor Story to second baseman Vaughn Grissom.   Christopher Morel out at 2nd.","R","R","R","BOS","TB","S",,,0,0,2024,"-0.93","1.47","0.78","2.42",680700,676609,666624,2,7,"Top",,,,,,,9.408794535978465,-141.69494161197093,-7.64255877041869,-14.755302912220339,34.57573149822566,-10.796588220423176,"3.34","1.53",,,,"96.1",2212,"5.7",746904,657136,671213,687093,686765,596115,680776,678882,677800,"54.82",,,,,,,,50,1,"4-Seam Fastball",0,2,2,0,2,0,2,0,"Standard","Standard",220,"0","-0.129",,,,"0.129",,-2,2,"0.163","0.837",23,32,24,33,1,3,3,3,2,1,"0.95","0.93","0.93","34.6"
"SL","2024-09-24","86","-1.96","5.79","Guerrero, Luis",672386,692285,"field_out","hit_into_play",,,,,3,"Alejandro Kirk lines out to center fielder Jarren Duran.","R","R","R","TOR","BOS","X",8,"line_drive",1,2,2024,"0.82","0.11","0.35","2.79",,,,2,8,"Bot",116.68,73.36,,,,,3.769190866908074,-125.24353359263755,-1.0823234122768628,7.895412475938935,25.719618802239605,-31.04485681687754,"3.01","1.46",313,"98",15,"85.3",2589,"5.8",744876,643376,671213,687093,686765,596115,663853,680776,678882,"54.67",0.769,0.77,"0",1,0,0,4,66,4,"Slider",3,3,3,3,3,3,3,3,"Standard","Standard",60,"-0.025","-0.069","64.7","7.0",1.003,"0.069","98.0",0,0,"0.525","0.525",23,25,24,26,1,3,1,1,3,1,"2.97","-0.82","-0.82","31.0"
"SL","2024-09-24","86.4","-1.95","5.72","Guerrero, Luis",672386,692285,,"ball",,,,,14,"Alejandro Kirk lines out to center fielder Jarren Duran.","R","R","R","TOR","BOS","B",,,0,2,2024,"0.91","0.27","1","1.76",,,,2,8,"Bot",,,,,,,5.121641682350183,-125.73190641365835,-3.71163405876991,8.580176714666928,26.358550398751934,-28.731212055678185,"3.22","1.53",,,,"85.5",2551,"5.8",744876,643376,671213,687093,686765,596115,663853,680776,678882,"54.75",,,,,,,,66,3,"Slider",3,3,3,3,3,3,3,3,"Standard","Standard",59,"0","0.009",,,,"-0.009",,0,0,"0.525","0.525",23,25,24,26,1,3,1,1,3,1,"2.79","-0.91","-0.91","31.2"
"FF","2024-09-24","98.2","-1.81","5.93","Guerrero, Luis",672386,692285,,"foul",,,,,11,"Alejandro Kirk lines out to center fielder Jarren Duran.","R","R","R","TOR","BOS","S",,,0,1,2024,"-0.68","1.25","-0.24","3.41",,,,2,8,"Bot",,,,,,,5.786395653379974,-142.80831504847387,-4.1510097126636225,-10.756827619121998,36.722017048892766,-14.324815329333655,"3.01","1.46",251,"90.9",54,"96.8",2298,"5.8",744876,643376,671213,687093,686765,596115,663853,680776,678882,"54.69",,,,,,,,66,2,"4-Seam Fastball",3,3,3,3,3,3,3,3,"Standard","Standard",220,"0","-0.022","68.8","6.4",,"0.022","90.9",0,0,"0.525","0.525",23,25,24,26,1,3,1,1,3,1,"1.14","0.68","0.68","33.2"
"SL","2024-09-24","85.7","-2.12","5.61","Guerrero, Luis",672386,692285,,"called_strike",,,,,4,"Alejandro Kirk lines out to center fielder Jarren Duran.","R","R","R","TOR","BOS","S",,,0,0,2024,"1","0.04","-0.44","2.1",,,,2,8,"Bot",,,,,,,1.944697785683857,-124.74725914482518,-2.0409524548510074,9.94993413465711,27.642362831501977,-31.581022140709138,"3.19","1.45",,,,"84.8",2598,"5.9",744876,643376,671213,687093,686765,596115,663853,680776,678882,"54.61",,,,,,,,66,1,"Slider",3,3,3,3,3,3,3,3,"Standard","Standard",65,"0","-0.016",,,,"0.016",,0,0,"0.525","0.525",23,25,24,26,1,3,1,1,3,1,"3.09","-1","-1","30.2"
"CH","2024-09-24","89.3","-2.02","5.62","Guerrero, Luis",687462,692285,"grounded_into_double_play","hit_into_play",,,,,4,"Spencer Horwitz grounds into a double play, second baseman Vaughn Grissom to shortstop Trevor Story to first baseman Triston Casas.   Vladimir Guerrero Jr.  out at 2nd.    Spencer Horwitz out at 1st.","R","L","R","TOR","BOS","X",4,"ground_ball",0,2,2024,"-0.94","0.47","-0.35","2.47",,,665489,0,8,"Bot",149.12,144.48,,,,,6.0283757618545195,-129.92075811793006,-2.6942473149318027,-11.880305642190214,27.717879845547024,-26.52559727565632,"3.52","1.68",42,"101",-1,"88.7",1697,"6",744876,643376,671213,687093,686765,596115,663853,680776,678882,"54.54",0.394,0.355,"0",1,0,0,4,65,3,"Changeup",3,3,3,3,3,3,3,3,"Infield shade","Standard",242,"-0.144","-0.393","72.0","7.1",0.42,"0.393","101.0",0,0,"0.669","0.669",23,26,24,27,1,3,1,1,3,3,"2.4","0.94","-0.94","24.9"
"FF","2024-09-24","95.8","-1.89","5.92","Guerrero, Luis",687462,692285,,"foul",,,,,5,"Spencer Horwitz grounds into a double play, second baseman Vaughn Grissom to shortstop Trevor Story to first baseman Triston Casas.   Vladimir Guerrero Jr.  out at 2nd.    Spencer Horwitz out at 1st.","R","L","R","TOR","BOS","S",,,0,1,2024,"-0.54","1.42","-0.27","2.84",,,665489,0,8,"Bot",,,,,,,5.424990526849942,-139.28809587930573,-5.647277717411093,-8.299659167838964,32.03429500385865,-12.584654819824323,"3.52","1.68",203,"73",51,"94.4",2229,"5.6",744876,643376,671213,687093,686765,596115,663853,680776,678882,"54.93",,,,,,,,65,2,"4-Seam Fastball",3,3,3,3,3,3,3,3,"Infield shade","Standard",221,"0","-0.073","68.6","6.8",,"0.073","88.0",0,0,"0.669","0.669",23,26,24,27,1,3,1,1,3,3,"1.07","0.54","-0.54","34.0"
"CH","2024-09-24","87.9","-1.9","5.69","Guerrero, Luis",687462,692285,,"called_strike",,,,,9,"Spencer Horwitz grounds into a double play, second baseman Vaughn Grissom to shortstop Trevor Story to first baseman Triston Casas.   Vladimir Guerrero Jr.  out at 2nd.    Spencer Horwitz out at 1st.","R","L","R","TOR","BOS","S",,,0,0,2024,"-1.35","0.66","0.56","1.89",,,665489,0,8,"Bot",,,,,,,8.636368577820575,-127.6938845005817,-4.3918927252066045,-16.587767434213383,26.558707536660826,-24.216296196726926,"3.61","1.66",,,,"86.7",1772,"5.6",744876,643376,671213,687093,686765,596115,663853,680776,678882,"54.85",,,,,,,,65,1,"Changeup",3,3,3,3,3,3,3,3,"Standard","Standard",239,"0","-0.063",,,,"0.063",,0,0,"0.669","0.669",23,26,24,27,1,3,1,1,3,3,"2.3","1.35","-1.35","28.0"
"FF","2024-09-24","96.8","-1.87","5.85","Guerrero, Luis",665489,692285,"walk","ball",,,,,11,"Vladimir Guerrero Jr.  walks.","R","R","R","TOR","BOS","B",,,3,1,2024,"-0.76","1.27","-0.39","4.13",,,,0,8,"Bot",,,,,,,5.654160699794612,-140.9129031306631,-1.9111293828463662,-11.495594414916381,33.8307137716837,-15.114039461074041,"3.56","1.47",,,,"96",2149,"5.9",744876,643376,671213,687093,686765,596115,663853,680776,678882,"54.58",,0.689131,"0.7",1,0,0,,64,5,"4-Seam Fastball",3,3,3,3,3,3,3,3,"Standard","Standard",223,"0.064","0.257",,,,"-0.257",,0,0,"0.605","0.605",23,25,24,25,1,3,1,1,3,1,"1.17","0.76","0.76","30.8"
"FF","2024-09-24","96.9","-1.88","5.92","Guerrero, Luis",665489,692285,,"swinging_strike",,,,,1,"Vladimir Guerrero Jr.  walks.","R","R","R","TOR","BOS","S",,,3,0,2024,"-0.83","1.28","-0.29","3.3",,,,0,8,"Bot",,,,,,,6.096738041905505,-140.99725487379519,-4.314744195065061,-12.438572848279678,33.750571527904995,-14.364245452851101,"3.6","1.67",,,,"95.9",2268,"5.8",744876,643376,671213,687093,686765,596115,663853,680776,678882,"54.68",,,,,,,,64,4,"4-Seam Fastball",3,3,3,3,3,3,3,3,"Standard","Standard",223,"0","-0.081","81.6","7.5",,"0.081",,0,0,"0.605","0.605",23,25,24,25,1,3,1,1,3,1,"1.16","0.83","0.83","33.7"
"SL","2024-09-24","85.2","-2.07","5.77","Guerrero, Luis",665489,692285,,"ball",,,,,11,"Vladimir Guerrero Jr.  walks.","R","R","R","TOR","BOS","B",,,2,0,2024,"0.72","0.38","-1.24","3.54",,,,0,8,"Bot",,,,,,,0.49691283225936744,-124.19184898136653,0.2521851942333506,7.41305395724392,24.377079800926836,-28.47945330500695,"3.59","1.58",,,,"84.3",2598,"5.6",744876,643376,671213,687093,686765,596115,663853,680776,678882,"54.93",,,,,,,,64,3,"Slider",3,3,3,3,3,3,3,3,"Standard","Standard",76,"0","0.132",,,,"-0.132",,0,0,"0.605","0.605",23,25,24,25,1,3,1,1,3,1,"2.74","-0.72","-0.72","31.1"
"FF","2024-09-24","96.6","-1.95","5.95","Guerrero, Luis",665489,692285,,"ball",,,,,11,"Vladimir Guerrero Jr.  walks.","R","R","R","TOR","BOS","B",,,1,0,2024,"-0.68","1.35","-1.01","5.14",,,,0,8,"Bot",,,,,,,4.000792905406627,-140.56564074627082,0.36639863576890125,-9.92020660169371,34.06457395601879,-14.739262266797594,"3.53","1.47",,,,"95.3",2287,"5.7",744876,643376,671213,687093,686765,596115,663853,680776,678882,"54.8",,,,,,,,64,2,"4-Seam Fastball",3,3,3,3,3,3,3,3,"Standard","Standard",221,"0","0.062",,,,"-0.062",,0,0,"0.605","0.605",23,25,24,25,1,3,1,1,3,1,"1.11","0.68","0.68","32.9"
"FF","2024-09-24","97.2","-1.81","6","Guerrero, Luis",665489,692285,,"ball",,,,,11,"Vladimir Guerrero Jr.  walks.","R","R","R","TOR","BOS","B",,,0,0,2024,"-0.73","1.49","-1.25","4.64",,,,0,8,"Bot",,,,,,,3.1558432115003443,-141.45468668117192,-1.4934061348512535,-10.549037297242789,34.78276750167441,-12.174417795907209,"3.69","1.53",,,,"96",2259,"5.7",744876,643376,671213,687093,686765,596115,663853,680776,678882,"54.75",,,,,,,,64,1,"4-Seam Fastball",3,3,3,3,3,3,3,3,"Standard","Standard",219,"0","0.034",,,,"-0.034",,0,0,"0.605","0.605",23,25,24,25,1,3,1,1,3,1,"0.94","0.73","0.73","35.0"
"SL","2024-09-23","86.2","-2.06","5.74","Guerrero, Luis",543807,692285,"field_out","hit_into_play",,,,,6,"George Springer flies out to right fielder Wilyer Abreu.","R","R","R","TOR","BOS","X",9,"fly_ball",1,2,2024,"1.14","0.26","0.28","2.77",,,,2,8,"Bot",189.8,112.02,,,,,3.236582864854171,-125.5557830153415,-1.347654935183106,11.328633265559231,26.23085452950199,-29.334890139642674,"3.69","1.68",268,"81.7",38,"85.3",2717,"5.7",744885,657136,671213,687093,686765,596115,680776,678882,677800,"54.77",0.006,0.005,"0",1,0,0,3,66,4,"Slider",0,4,0,4,4,0,0,4,"Standard","Standard",69,"-0.004","-0.069","63.8","7.0",0.008,"0.069","88.0",-4,-4,"0.017","0.017",23,34,24,35,1,3,3,2,1,1,"2.81","-1.14","-1.14","31.9"
"SL","2024-09-23","85.5","-1.97","5.67","Guerrero, Luis",543807,692285,,"ball",,,,,14,"George Springer flies out to right fielder Wilyer Abreu.","R","R","R","TOR","BOS","B",,,0,2,2024,"1.05","0.29","1.25","1.84",,,,2,8,"Bot",,,,,,,5.426946826924811,-124.33388369064919,-3.2643261168231,9.656827346627647,26.657311842036375,-28.719669156218973,"3.8","1.68",,,,"84.8",2714,"6",744885,657136,671213,687093,686765,596115,680776,678882,677800,"54.49",,,,,,,,66,3,"Slider",0,4,0,4,4,0,0,4,"Standard","Standard",56,"0","0.009",,,,"-0.009",,-4,-4,"0.017","0.017",23,34,24,35,1,3,3,2,1,1,"2.85","-1.05","-1.05","32.8"
"FF","2024-09-23","97.3","-1.91","5.92","Guerrero, Luis",543807,692285,,"swinging_strike",,,,,12,"George Springer flies out to right fielder Wilyer Abreu.","R","R","R","TOR","BOS","S",,,0,1,2024,"-0.71","1.4","0.83","2.8",,,,2,8,"Bot",,,,,,,8.86320754305195,-141.31036772085017,-5.919693369687136,-11.653525137509742,35.109310161111914,-12.269236960886312,"3.69","1.68",,,,"95.7",2266,"5.7",744885,657136,671213,687093,686765,596115,680776,678882,677800,"54.81",,,,,,,,66,2,"4-Seam Fastball",0,4,0,4,4,0,0,4,"Standard","Standard",218,"0","-0.022","70.0","7.3",,"0.022",,-4,-4,"0.017","0.017",23,34,24,35,1,3,3,2,1,1,"1.04","0.71","0.71","34.3"
"SL","2024-09-23","86.3","-2.02","5.67","Guerrero, Luis",543807,692285,,"swinging_strike",,,,,2,"George Springer flies out to right fielder Wilyer Abreu.","R","R","R","TOR","BOS","S",,,0,0,2024,"1.03","0.28","0.23","3.48",,,,2,8,"Bot",,,,,,,3.2314846771757217,-125.63992436274214,0.4510560115760277,10.176043173657645,26.698057780098942,-29.562435521422852,"3.69","1.68",,,,"85.2",2752,"5.6",744885,657136,671213,687093,686765,596115,680776,678882,677800,"54.86",,,,,,,,66,1,"Slider",0,4,0,4,4,0,0,4,"Standard","Standard",63,"0","-0.016","70.6","7.5",,"0.016",,-4,-4,"0.017","0.017",23,34,24,35,1,3,3,2,1,1,"2.79","-1.03","-1.03","32.6"
"FF","2024-09-23","98.3","-1.7","5.98","Guerrero, Luis",677870,692285,"strikeout","swinging_strike",,,,,3,"Leo Jiménez strikes out swinging.","R","R","R","TOR","BOS","S",2,,1,2,2024,"-0.61","1.53","0.69","3.27",,,,1,8,"Bot",,,,,,,7.800016509893533,-142.82538587039002,-5.301000920690377,-10.219832426552932,36.01268109657166,-10.267654831282487,"3.28","1.58",,,,"96.8",2317,"5.8",744885,657136,671213,687093,686765,596115,680776,678882,677800,"54.75",,0,"0",1,0,0,,65,4,"4-Seam Fastball",0,4,0,4,4,0,0,4,"Standard","Standard",217,"-0.008","-0.115","64.4","6.8",,"0.115",,-4,-4,"0.025","0.025",23,23,24,23,1,2,3,1,1,1,"0.86","0.61","0.61","37.0"
"SL","2024-09-23","85.2","-2.18","5.73","Guerrero, Luis",677870,692285,,"swinging_strike",,,,,12,"Leo Jiménez strikes out swinging.","R","R","R","TOR","BOS","S",,,1,1,2024,"1.19","0.27","0.34","3.41",,,,1,8,"Bot",,,,,,,3.482258886908282,-124.0770337697763,0.34507220855441967,11.439332984069019,26.853205871506027,-29.725630338001142,"3.28","1.58",,,,"83.8",2686,"5.5",744885,657136,671213,687093,686765,596115,680776,678882,677800,"55.01",,,,,,,,65,3,"Slider",0,4,0,4,4,0,0,4,"Standard","Standard",65,"0","-0.039","68.3","6.5",,"0.039",,-4,-4,"0.025","0.025",23,23,24,23,1,2,3,1,1,1,"2.89","-1.19","-1.19","31.2"
"FF","2024-09-23","98.5","-1.81","5.95","Guerrero, Luis",677870,692285,,"swinging_strike",,,,,3,"Leo Jiménez strikes out swinging.","R","R","R","TOR","BOS","S",,,1,0,2024,"-0.7","1.48","0.54","3.21",,,,1,8,"Bot",,,,,,,7.909836078048451,-143.11995737840172,-5.302537023742768,-11.63608697724478,36.88504295810335,-10.842209601768205,"3.28","1.58",,,,"96.9",2242,"5.7",744885,657136,671213,687093,686765,596115,680776,678882,677800,"54.76",,,,,,,,65,2,"4-Seam Fastball",0,4,0,4,4,0,0,4,"Standard","Standard",220,"0","-0.032","67.6","6.9",,"0.032",,-4,-4,"0.025","0.025",23,23,24,23,1,2,3,1,1,1,"0.9","0.7","0.7","35.6"
"FF","2024-09-23","98.6","-1.74","5.94","Guerrero, Luis",677870,692285,,"ball",,,,,14,"Leo Jiménez strikes out swinging.","R","R","R","TOR","BOS","B",,,0,0,2024,"-0.65","1.46","1.19","1.75",,,,1,8,"Bot",,,,,,,9.364770860071658,-143.0387160641223,-9.142122691968664,-11.22910113250241,35.9558695552426,-10.136801728958755,"3.28","1.66",,,,"97",2273,"5.7",744885,657136,671213,687093,686765,596115,680776,678882,677800,"54.76",,,,,,,,65,1,"4-Seam Fastball",0,4,0,4,4,0,0,4,"Standard","Standard",218,"0","0.025",,,,"-0.025",,-4,-4,"0.025","0.025",23,23,24,23,1,2,3,1,1,1,"0.92","0.65","0.65","34.7"
"FF","2024-09-23","97","-1.81","5.89","Guerrero, Luis",676391,692285,"field_out","hit_into_play",,,,,5,"Ernie Clement flies out to right fielder Wilyer Abreu.","R","R","R","TOR","BOS","X",9,"fly_ball",1,0,2024,"-0.98","1.4","-0.24","2.41",,,672386,2,7,"Bot",148.08,117.92,,,,,6.339343802288201,-140.98966977133372,-6.860588891606458,-14.500659467163054,34.58461126895327,-12.05999821672314,"3.36","1.58",212,"96",58,"95.5",2384,"5.7",744885,657136,671213,687093,686765,596115,680776,678882,677800,"54.81",0.014,0.017,"0",1,0,0,3,58,2,"4-Seam Fastball",0,3,0,3,3,0,0,3,"Standard","Standard",221,"-0.024","-0.256","70.0","7.4",0.026,"0.256","96.0",-3,-3,"0.089","0.089",23,28,24,28,1,2,3,1,1,1,"1.04","0.98","0.98","32.6"
"SL","2024-09-23","86.5","-2.14","5.61","Guerrero, Luis",676391,692285,,"ball",,,,,14,"Ernie Clement flies out to right fielder Wilyer Abreu.","R","R","R","TOR","BOS","B",,,0,0,2024,"0.9","0.1","0.84","0.96",,,672386,2,7,"Bot",,,,,,,5.212683620709173,-125.78157208451175,-4.942237385248877,8.282742876934003,28.06009955158031,-30.244017827901867,"3.36","1.57",,,,"85",2738,"5.5",744885,657136,671213,687093,686765,596115,680776,678882,677800,"54.95",,,,,,,,58,1,"Slider",0,3,0,3,3,0,0,3,"Infield shade","Standard",70,"0","0.028",,,,"-0.028",,-3,-3,"0.089","0.089",23,28,24,28,1,2,3,1,1,1,"2.98","-0.9","-0.9","29.3"
"CH","2024-09-20","87.3","-2.07","5.64","Guerrero, Luis",467793,692285,"field_out","hit_into_play",,,,,7,"Carlos Santana flies out to right fielder Wilyer Abreu.","R","L","R","BOS","MIN","X",9,"fly_ball",1,0,2024,"-1.9","0.22","-0.42","1.95",668904,,669304,2,6,"Top",169.24,112.89,,,,,7.735190187786565,-126.77450681162891,-3.039876110313687,-22.03775540690139,28.89400313444236,-29.354136476305648,"3.36","1.65",240,"74.1",36,"85.4",1785,"5.4",746905,657136,671213,665839,646240,596115,680776,678882,677800,"55.07",0.217,0.195,"0",1,0,0,3,47,2,"Changeup",1,0,0,1,0,1,0,1,"Infield shade","Standard",244,"0.08","-0.553","71.8","7.7",0.239,"0.553","88.0",1,-1,"0.666","0.334",23,38,24,38,1,2,5,1,3,2,"2.81","1.9","-1.9","29.1"
"CH","2024-09-20","88.1","-2.06","5.64","Guerrero, Luis",467793,692285,,"ball",,,,,13,"Carlos Santana flies out to right fielder Wilyer Abreu.","R","L","R","BOS","MIN","B",,,0,0,2024,"-1.61","0.45","-1.29","2.6",668904,,669304,2,6,"Top",,,,,,,5.114250134634427,-128.13463298444083,-2.1472121344851516,-18.774417479430902,28.933868069184282,-26.948836707668903,"3.49","1.87",,,,"86.2",1731,"5.3",746905,657136,671213,665839,646240,596115,680776,678882,677800,"55.16",,,,,,,,47,1,"Changeup",1,0,0,1,0,1,0,1,"Infield shade","Standard",242,"0","0.05",,,,"-0.05",,1,-1,"0.666","0.334",23,38,24,38,1,2,5,1,3,2,"2.51","1.61","-1.61","28.7"
"FF","2024-09-20","97.4","-1.48","6.06","Guerrero, Luis",669304,692285,"force_out","hit_into_play",,,,,2,"Jose Miranda grounds into a force out, second baseman Enmanuel Valdez to shortstop Trevor Story.   Willi Castro out at 2nd.    Jose Miranda to 1st.","R","R","R","BOS","MIN","X",4,"ground_ball",1,1,2024,"-0.98","1.5","0.1","2.73",668904,,650489,1,6,"Top",149.48,159.18,,,,,6.43487989929319,-141.56302708762414,-6.741459905877166,-14.713773973168509,36.086649786309536,-10.686189771992751,"3.04","1.44",128,"90.3",61,"96",2222,"5.8",746905,657136,671213,665839,646240,596115,680776,678882,677800,"54.7",0.011,0.013,"0",1,0,0,3,46,3,"4-Seam Fastball",1,0,0,1,0,1,0,1,"Standard","Standard",213,"0.105","-0.532","67.8","7.7",0.02,"0.532","90.3",1,-1,"0.561","0.439",23,26,24,26,1,2,5,2,3,2,"0.93","0.98","0.98","39.8"
"SL","2024-09-20","85.2","-1.98","5.63","Guerrero, Luis",669304,692285,,"foul",,,,,5,"Jose Miranda grounds into a force out, second baseman Enmanuel Valdez to shortstop Trevor Story.   Willi Castro out at 2nd.    Jose Miranda to 1st.","R","R","R","BOS","MIN","S",,,1,0,2024,"0.46","0.37","0.2","2.13",668904,,650489,1,6,"Top",,,,,,,4.154283857636592,-124.09038423981183,-2.6864835778088505,3.9824106004840907,23.19197154751874,-28.01679672234961,"3.04","1.44",165,"68.3",33,"84.5",2596,"5.7",746905,657136,671213,665839,646240,596115,680776,678882,677800,"54.85",,,,,,,,46,2,"Slider",1,0,0,1,0,1,0,1,"Standard","Standard",62,"0","-0.111","68.8","8.1",,"0.111","88.0",1,-1,"0.561","0.439",23,26,24,26,1,2,5,2,3,2,"2.75","-0.46","-0.46","30.7"
"FF","2024-09-20","97","-1.81","6.01","Guerrero, Luis",669304,692285,,"ball",,,,,11,"Jose Miranda grounds into a force out, second baseman Enmanuel Valdez to shortstop Trevor Story.   Willi Castro out at 2nd.    Jose Miranda to 1st.","R","R","R","BOS","MIN","B",,,0,0,2024,"-0.94","1.35","-1.15","3.62",668904,,650489,1,6,"Top",,,,,,,3.8448958919744745,-141.13980489161813,-3.875919998490242,-13.46490454149196,34.27858587067483,-13.484687613360494,"3.06","1.39",,,,"95.4",2122,"5.5",746905,657136,671213,665839,646240,596115,680776,678882,677800,"54.98",,,,,,,,46,1,"4-Seam Fastball",1,0,0,1,0,1,0,1,"Standard","Standard",218,"0","0.042",,,,"-0.042",,1,-1,"0.561","0.439",23,26,24,26,1,2,5,2,3,2,"1.09","0.94","0.94","36.5"
"FF","2024-09-20","96","-2.03","5.94","Guerrero, Luis",650489,692285,"single","hit_into_play",,,,,8,"Willi Castro singles on a sharp line drive to right fielder Wilyer Abreu.   Royce Lewis to 3rd.","R","L","R","BOS","MIN","X",9,"line_drive",0,0,2024,"-0.6","1.25","0.06","1.89",,668904,,1,6,"Top",194.14,102.38,,,,,6.7749279801626585,-139.6159530567866,-7.8952145883427765,-9.293066012248406,26.69458528369382,-14.286686056081672,"3.48","1.63",234,"108.1",12,"95",2152,"5.4",746905,657136,671213,665839,646240,596115,680776,678882,677800,"55.08",0.9,0.916,"0.9",1,1,0,5,45,1,"4-Seam Fastball",1,0,0,1,0,1,0,1,"Standard","Standard",221,"-0.074","0.68","73.1","7.2",1.222,"-0.68","108.1",1,-1,"0.635","0.365",23,27,24,27,1,2,5,1,3,2,"1.2","0.6","-0.6","31.6"
"SL","2024-09-20","85.7","-2.19","5.6","Guerrero, Luis",668904,692285,"double","hit_into_play",,,,,8,"Royce Lewis doubles (16) on a fly ball to left fielder Jarren Duran.","R","R","R","BOS","MIN","X",7,"fly_ball",1,2,2024,"0.86","0.22","0.18","1.94",,,,1,6,"Top",82.01,87.04,,,,,3.814665485800492,-124.78226746620491,-2.8214498929298832,8.278824031610059,24.29869024669913,-29.56705246703605,"3.45","1.65",366,"99.5",25,"84.8",2586,"5.6",746905,657136,671213,665839,646240,596115,680776,678882,677800,"54.91",0.449,0.699,"1.25",1,1,1,6,44,5,"Slider",1,0,0,1,0,1,0,1,"Standard","Standard",57,"-0.068","0.462","70.8","8.4",1.222,"-0.462","99.5",1,-1,"0.703","0.297",23,25,24,25,1,2,5,1,3,2,"2.88","-0.86","-0.86","30.0"
"FF","2024-09-20","97.1","-1.78","6.15","Guerrero, Luis",668904,692285,,"foul",,,,,14,"Royce Lewis doubles (16) on a fly ball to left fielder Jarren Duran.","R","R","R","BOS","MIN","S",,,1,2,2024,"-0.56","1.21","1.33","2.11",,,,1,6,"Top",,,,,,,9.42666080914303,-140.94267944452096,-7.915705695422704,-9.566812755697576,31.362681676186273,-14.322080809665632,"3.45","1.65",161,"64.1",56,"95.5",2230,"5.5",746905,657136,671213,665839,646240,596115,680776,678882,677800,"55.02",,,,,,,,44,4,"4-Seam Fastball",1,0,0,1,0,1,0,1,"Standard","Standard",216,"0","0","57.7","8.2",,"0","88.0",1,-1,"0.703","0.297",23,25,24,25,1,2,5,1,3,2,"1.21","0.56","0.56","36.5"
"SL","2024-09-20","84.7","-2.18","5.7","Guerrero, Luis",668904,692285,,"foul",,,,,4,"Royce Lewis doubles (16) on a fly ball to left fielder Jarren Duran.","R","R","R","BOS","MIN","S",,,1,1,2024,"1.41","0.28","-0.29","2.52",,,,1,6,"Top",,,,,,,1.567887349097516,-123.39576493840228,-1.6184945776647663,13.96143354247808,26.563467450413615,-29.188844672346736,"3.45","1.65",,,,"83.1",2660,"5.3",746905,657136,671213,665839,646240,596115,680776,678882,677800,"55.18",,,,,,,,44,3,"Slider",1,0,0,1,0,1,0,1,"Standard","Standard",68,"0","-0.039","72.0","8.1",,"0.039",,1,-1,"0.703","0.297",23,25,24,25,1,2,5,1,3,2,"2.91","-1.41","-1.41","31.4"
"SL","2024-09-20","85.2","-2.09","5.8","Guerrero, Luis",668904,692285,,"ball",,,,,13,"Royce Lewis doubles (16) on a fly ball to left fielder Jarren Duran.","R","R","R","BOS","MIN","B",,,0,1,2024,"1.06","0.19","0","1.53",,,,1,6,"Top",,,,,,,2.732254691139183,-123.99163357510574,-4.037095391358534,10.32279488368008,26.389238504448265,-29.573582868899067,"3.45","1.66",,,,"83.6",2586,"5.4",746905,657136,671213,665839,646240,596115,680776,678882,677800,"55.14",,,,,,,,44,2,"Slider",1,0,0,1,0,1,0,1,"Standard","Standard",46,"0","0.015",,,,"-0.015",,1,-1,"0.703","0.297",23,25,24,25,1,2,5,1,3,2,"2.96","-1.06","-1.06","30.8"
"FF","2024-09-20","97.7","-1.96","5.87","Guerrero, Luis",668904,692285,,"called_strike",,,,,8,"Royce Lewis doubles (16) on a fly ball to left fielder Jarren Duran.","R","R","R","BOS","MIN","S",,,0,0,2024,"-1.01","1.31","-0.15","2.15",,,,1,6,"Top",,,,,,,7.080593526730436,-141.95314991452415,-7.435922902300308,-15.255917100330848,32.138731808558475,-12.932603554430864,"3.45","1.69",,,,"96.3",2333,"5.6",746905,657136,671213,665839,646240,596115,680776,678882,677800,"54.93",,,,,,,,44,1,"4-Seam Fastball",1,0,0,1,0,1,0,1,"Standard","Standard",225,"0","-0.023",,,,"0.023",,1,-1,"0.703","0.297",23,25,24,25,1,2,5,1,3,2,"1.08","1.01","1.01","33.8"
"FF","2024-09-20","95.7","-1.83","5.92","Guerrero, Luis",670242,692285,"field_out","hit_into_play",,,,,6,"Matt Wallner grounds out to first baseman Triston Casas.","R","L","R","BOS","MIN","X",3,"ground_ball",0,0,2024,"-0.64","1.18","0.41","2.61",,,,0,6,"Top",149.48,170.34,,,,,7.22667099174574,-139.0719499760173,-5.6509408090298106,-10.012673337978283,33.73321690954583,-15.721293562945283,"3.66","1.8",13,"79",-10,"93.9",2240,"5.5",746905,657136,671213,665839,646240,596115,680776,678882,677800,"55.03",0.057,0.067,"0",1,0,0,2,43,1,"4-Seam Fastball",1,0,0,1,0,1,0,1,"Infield shade","Standard",221,"0.036","-0.228","73.5","6.5",0.057,"0.228","88.0",1,-1,"0.667","0.333",23,26,24,27,1,2,5,1,3,2,"1.33","0.64","-0.64","34.0"
"SL","2024-09-15","86.2","-2.01","5.77","Guerrero, Luis",592450,692285,"walk","ball",,,,,1,"Aaron Judge walks.   Gleyber Torres to 2nd.","R","R","R","NYY","BOS","B",,,3,1,2024,"0.55","0.85","-0.63","4.09",,,650402,1,7,"Bot",,,,,,,2.1385047978303717,-125.49095387612434,0.6065060417275063,5.190521292352482,29.651267432434977,-23.735122760497106,"4.03","1.68",,,,"84.8",2464,"5.8",745693,643376,657136,663853,646240,596115,680776,678882,641933,"54.74",,0.689131,"0.7",1,0,0,,59,5,"Slider",4,2,4,2,2,4,4,2,"Standard","Standard",75,"0.014","0.196",,,,"-0.196",,2,2,"0.894","0.894",23,32,24,32,1,3,2,1,5,2,"2.26","-0.55","-0.55","33.7"
"CH","2024-09-15","88.7","-2","5.72","Guerrero, Luis",592450,692285,,"ball",,,,,13,"Aaron Judge walks.   Gleyber Torres to 2nd.","R","R","R","NYY","BOS","B",,,2,1,2024,"-1.68","0.48","-1.39","2.57",,,650402,1,7,"Bot",,,,,,,4.974825378029501,-129.1021644197486,-2.5834736098487805,-19.81484594237335,28.5907726191076,-26.53098661476807,"4.04","1.73",,,,"87.8",1869,"5.8",745693,643376,657136,663853,646240,596115,680776,678882,641933,"54.67",,,,,,,,59,4,"Changeup",4,2,4,2,2,4,4,2,"Standard","Standard",240,"0","0.132",,,,"-0.132",,2,2,"0.894","0.894",23,32,24,32,1,3,2,1,5,2,"2.44","1.68","1.68","31.0"
"CH","2024-09-15","89.5","-1.95","5.67","Guerrero, Luis",592450,692285,,"ball",,,,,13,"Aaron Judge walks.   Gleyber Torres to 2nd.","R","R","R","NYY","BOS","B",,,1,1,2024,"-1.39","0.28","-0.99","2.23",,,650402,1,7,"Bot",,,,,,,5.255781382982656,-130.26781069999404,-3.052573846232388,-16.891999702282433,27.88928571750413,-28.560967397042607,"4.05","1.78",,,,"88.9",1835,"5.9",745693,643376,657136,663853,646240,596115,680776,678882,641933,"54.57",,,,,,,,59,3,"Changeup",4,2,4,2,2,4,4,2,"Standard","Standard",241,"0","0.054",,,,"-0.054",,2,2,"0.894","0.894",23,32,24,32,1,3,2,1,5,2,"2.57","1.39","1.39","31.6"
"SL","2024-09-15","87.1","-2.05","5.68","Guerrero, Luis",592450,692285,,"foul",,,,,6,"Aaron Judge walks.   Gleyber Torres to 2nd.","R","R","R","NYY","BOS","S",,,1,0,2024,"0.43","0.43","0.38","2.94",,,650402,1,7,"Bot",,,,,,,4.898366687536187,-126.6136159553388,-1.1736718065746137,3.37950009059925,30.748273792512084,-27.545729233664698,"3.99","1.8",144,"73",71,"85.7",2538,"5.9",745693,643376,657136,663853,646240,596115,680776,678882,641933,"54.63",,,,,,,,59,2,"Slider",4,2,4,2,2,4,4,2,"Standard","Standard",70,"0","-0.056","82.2","8.7",,"0.056","88.0",2,2,"0.894","0.894",23,32,24,32,1,3,2,1,5,2,"2.62","-0.43","-0.43","33.8"
"SL","2024-09-15","87.2","-2","5.72","Guerrero, Luis",592450,692285,,"ball",,,,,14,"Aaron Judge walks.   Gleyber Torres to 2nd.","R","R","R","NYY","BOS","B",,,0,0,2024,"0.62","0.44","0.89","2.78",,,650402,1,7,"Bot",,,,,,,5.633273475870376,-126.85778085529304,-1.7561034779556217,5.384379864703532,28.412943446295532,-27.2741662028388,"4.01","1.81",,,,"86.4",2669,"6",745693,643376,657136,663853,646240,596115,680776,678882,641933,"54.5",,,,,,,,59,1,"Slider",4,2,4,2,2,4,4,2,"Standard","Standard",74,"0","0.043",,,,"-0.043",,2,2,"0.894","0.894",23,32,24,32,1,3,2,1,5,2,"2.58","-0.62","-0.62","33.7"
"CH","2024-09-15","89.9","-2.05","5.64","Guerrero, Luis",665742,692285,"strikeout","swinging_strike",,,,,13,"Juan Soto strikes out swinging.","R","L","R","NYY","BOS","S",2,,2,2,2024,"-1.72","0.05","-0.78","0.75",,,650402,0,7,"Bot",,,,,,,6.709916313604664,-130.67805081970116,-6.143471820555204,-21.129929774140667,29.80040816085981,-30.410370521202648,"3.08","1.48",,,,"88.7",1805,"5.8",745693,643376,657136,663853,646240,596115,680776,678882,641933,"54.7",,0,"0",1,0,0,,58,6,"Changeup",4,2,4,2,2,4,4,2,"Infield shade","Standard",245,"-0.014","-0.342","38.9","6.8",,"0.342",,2,2,"0.908","0.908",23,25,24,26,1,3,2,1,5,2,"2.8","1.72","-1.72","29.1"
"FF","2024-09-15","98.6","-1.6","6.05","Guerrero, Luis",665742,692285,,"foul",,,,,4,"Juan Soto strikes out swinging.","R","L","R","NYY","BOS","S",,,2,2,2024,"-0.86","1.46","-0.44","2.44",,,650402,0,7,"Bot",,,,,,,5.07868288698938,-143.37909263220527,-7.714620586721784,-12.95912997810862,31.151113583827353,-10.386121985377898,"3.08","1.48",126,"81.4",24,"97.7",2161,"5.7",745693,643376,657136,663853,646240,596115,680776,678882,641933,"54.79",,,,,,,,58,5,"4-Seam Fastball",4,2,4,2,2,4,4,2,"Infield shade","Standard",209,"0","0","77.1","6.9",,"0","88.0",2,2,"0.908","0.908",23,25,24,26,1,3,2,1,5,2,"0.87","0.86","-0.86","39.3"
"CH","2024-09-15","88.7","-2.09","5.7","Guerrero, Luis",665742,692285,,"foul",,,,,4,"Juan Soto strikes out swinging.","R","L","R","NYY","BOS","S",,,2,1,2024,"-1.66","0.44","-0.65","2.11",,,650402,0,7,"Bot",,,,,,,6.895195741589318,-128.92507476042877,-3.539554390393449,-19.974699699792126,29.656894658973062,-26.68594914060758,"3.08","1.48",207,"79.8",60,"87.2",1772,"5.6",745693,643376,657136,663853,646240,596115,680776,678882,641933,"54.88",,,,,,,,58,4,"Changeup",4,2,4,2,2,4,4,2,"Infield shade","Standard",246,"0","-0.072","71.2","7.3",,"0.072","88.0",2,2,"0.908","0.908",23,25,24,26,1,3,2,1,5,2,"2.49","1.66","-1.66","30.4"
"FF","2024-09-15","97.3","-1.75","6.06","Guerrero, Luis",665742,692285,,"ball",,,,,11,"Juan Soto strikes out swinging.","R","L","R","NYY","BOS","B",,,1,1,2024,"-0.96","1.31","-0.87","3.95",,,650402,0,7,"Bot",,,,,,,4.528518824123525,-141.51622318865932,-3.0249531549994684,-13.986919006098784,36.449842396015946,-14.174056854095713,"3.17","1.57",,,,"95.7",2210,"5.7",745693,643376,657136,663853,646240,596115,680776,678882,641933,"54.83",,,,,,,,58,3,"4-Seam Fastball",4,2,4,2,2,4,4,2,"Infield shade","Standard",217,"0","0.065",,,,"-0.065",,2,2,"0.908","0.908",23,25,24,26,1,3,2,1,5,2,"1.12","0.96","-0.96","37.1"
"CH","2024-09-15","87.4","-2.06","5.78","Guerrero, Luis",665742,692285,,"called_strike",,,,,5,"Juan Soto strikes out swinging.","R","L","R","NYY","BOS","S",,,1,0,2024,"-1.49","0.56","-0.21","2.03",,,650402,0,7,"Bot",,,,,,,7.4748856043320195,-127.05498716061702,-4.023831885502334,-17.63129899242537,25.979010149972865,-25.47844825979671,"3.16","1.45",,,,"86.9",1786,"6",745693,643376,657136,663853,646240,596115,680776,678882,641933,"54.46",,,,,,,,58,2,"Changeup",4,2,4,2,2,4,4,2,"Infield shade","Standard",235,"0","-0.074",,,,"0.074",,2,2,"0.908","0.908",23,25,24,26,1,3,2,1,5,2,"2.43","1.49","-1.49","30.4"
"CH","2024-09-15","90.9","-2.01","5.77","Guerrero, Luis",665742,692285,,"ball",,,,,13,"Juan Soto strikes out swinging.","R","L","R","NYY","BOS","B",,,0,0,2024,"-1.57","0.42","-0.56","1.11",,,650402,0,7,"Bot",,,,,,,6.901466484329249,-132.11732454297987,-6.5536715381894135,-19.858782183597423,29.098678956530854,-26.010064834327938,"3.14","1.53",,,,"89.7",1910,"5.7",745693,643376,657136,663853,646240,596115,680776,678882,641933,"54.79",,,,,,,,58,1,"Changeup",4,2,4,2,2,4,4,2,"Infield shade","Standard",241,"0","0.062",,,,"-0.062",,2,2,"0.908","0.908",23,25,24,26,1,3,2,1,5,2,"2.35","1.57","-1.57","28.9"
"SL","2024-09-15","86.9","-2.01","5.87","Guerrero, Luis",650402,692285,"single","hit_into_play",,,,,6,"Gleyber Torres singles on a ground ball to shortstop Trevor Story.","R","R","R","NYY","BOS","X",6,"ground_ball",1,2,2024,"0.98","0.38","0.45","2.28",,,,0,7,"Bot",95.26,142.73,,,,,3.864990395795046,-126.47695271681965,-3.105091604112584,9.478909291518,29.42473472911648,-27.69889018438242,"3.21","1.5",127,"65.3",15,"85.7",2606,"5.9",745693,643376,657136,663853,646240,596115,680776,678882,641933,"54.65",0.311,0.28,"0.9",1,1,0,2,57,5,"Slider",4,2,4,2,2,4,4,2,"Standard","Standard",62,"0.015","0.463","60.3","7.9",0.32,"-0.463","88.0",2,2,"0.893","0.893",23,27,24,28,1,3,2,1,5,2,"2.68","-0.98","-0.98","33.6"
"FF","2024-09-15","96.7","-1.53","6.29","Guerrero, Luis",650402,692285,,"foul",,,,,1,"Gleyber Torres singles on a ground ball to shortstop Trevor Story.","R","R","R","NYY","BOS","S",,,1,2,2024,"-0.71","1.38","-0.51","3.03",,,,0,7,"Bot",,,,,,,4.293568975687607,-140.68631165560936,-6.214692111878776,-10.44343128874071,32.24624721441065,-12.688059927195123,"3.21","1.5",291,"89.3",42,"95.9",2097,"5.8",745693,643376,657136,663853,646240,596115,680776,678882,641933,"54.66",,,,,,,,57,4,"4-Seam Fastball",4,2,4,2,2,4,4,2,"Standard","Standard",215,"0","0","68.6","6.4",,"0","89.3",2,2,"0.893","0.893",23,27,24,28,1,3,2,1,5,2,"1.06","0.71","0.71","42.1"
"SL","2024-09-15","86.1","-1.96","5.95","Guerrero, Luis",650402,692285,,"called_strike",,,,,2,"Gleyber Torres singles on a ground ball to shortstop Trevor Story.","R","R","R","NYY","BOS","S",,,1,1,2024,"1.41","0.15","0.02","2.97",,,,0,7,"Bot",,,,,,,1.8196402216926233,-125.35694827318218,-1.0744179557948021,14.296209170418615,27.96048312061872,-30.60580483525632,"3.23","1.51",,,,"84.6",2519,"5.5",745693,643376,657136,663853,646240,596115,680776,678882,641933,"54.97",,,,,,,,57,3,"Slider",4,2,4,2,2,4,4,2,"Standard","Standard",75,"0","-0.051",,,,"0.051",,2,2,"0.893","0.893",23,27,24,28,1,3,2,1,5,2,"2.95","-1.41","-1.41","34.9"
"SL","2024-09-15","86.7","-1.8","5.9","Guerrero, Luis",650402,692285,,"ball",,,,,14,"Gleyber Torres singles on a ground ball to shortstop Trevor Story.","R","R","R","NYY","BOS","B",,,0,1,2024,"0.7","0.24","1.36","0.31",,,,0,7,"Bot",,,,,,,6.052606008728247,-125.93944378797804,-7.470566460423683,5.920790486890743,29.693953069684188,-28.05848038466989,"3.23","1.43",,,,"85.4",2488,"5.9",745693,643376,657136,663853,646240,596115,680776,678882,641933,"54.6",,,,,,,,57,2,"Slider",4,2,4,2,2,4,4,2,"Standard","Standard",60,"0","0.023",,,,"-0.023",,2,2,"0.893","0.893",23,27,24,28,1,3,2,1,5,2,"2.84","-0.7","-0.7","36.7"
"FF","2024-09-15","97.3","-1.77","6.19","Guerrero, Luis",650402,692285,,"foul",,,,,4,"Gleyber Torres singles on a ground ball to shortstop Trevor Story.","R","R","R","NYY","BOS","S",,,0,0,2024,"-0.92","1.4","-0.83","2.61",,,,0,7,"Bot",,,,,,,4.584365448304673,-141.54650635555151,-7.237307158566786,-13.437416622915178,33.27201682736788,-11.847478055030662,"3.21","1.5",164,"77.8",14,"96.3",2187,"5.8",745693,643376,657136,663853,646240,596115,680776,678882,641933,"54.69",,,,,,,,57,1,"4-Seam Fastball",4,2,4,2,2,4,4,2,"Standard","Standard",222,"0","-0.033","71.6","6.3",,"0.033","88.0",2,2,"0.893","0.893",23,27,24,28,1,3,2,1,5,2,"1.01","0.92","0.92","35.9"
"SL","2024-09-15","86.1","-1.85","5.7","Guerrero, Luis",624431,692285,"strikeout","called_strike",,,,,3,"Jose Trevino called out on strikes.","R","R","R","NYY","BOS","S",2,,2,2,2024,"0.66","0.26","0.71","3.05",,,665828,2,6,"Bot",,,,,,,4.6884980796592215,-125.28880907074509,-0.4850950953927045,5.752015257513958,29.491335594020764,-29.5602146742413,"3.13","1.45",,,,"84.6",2568,"5.7",745693,643376,657136,663853,646240,596115,680776,678882,641933,"54.79",,0,"0",1,0,0,,53,5,"Slider",4,2,4,2,2,4,4,2,"Standard","Standard",61,"-0.014","-0.197",,,,"0.197",,2,2,"0.838","0.838",23,31,24,32,1,2,2,4,5,4,"2.85","-0.66","-0.66","35.2"
"FF","2024-09-15","96.2","-1.59","6.14","Guerrero, Luis",624431,692285,,"called_strike",,,,,3,"Jose Trevino called out on strikes.","R","R","R","NYY","BOS","S",,,2,1,2024,"-0.97","1.63","0.29","2.86",,,665828,2,6,"Bot",,,,,,,7.1339824340756355,-139.62592861549592,-6.633811979176233,-14.430727285004654,37.32506937500847,-9.568222041849955,"3.2","1.44",,,,"94.6",2222,"5.9",745693,643376,657136,663853,646240,596115,680776,678882,641933,"54.57",,,,,,,,53,4,"4-Seam Fastball",4,2,4,2,2,4,4,2,"Standard","Standard",216,"0","-0.061",,,,"0.061",,2,2,"0.838","0.838",23,31,24,32,1,2,2,4,5,4,"0.88","0.97","0.97","38.5"
"SL","2024-09-15","85.6","-2.05","5.76","Guerrero, Luis",624431,692285,,"ball",,,,,12,"Jose Trevino called out on strikes.","R","R","R","NYY","BOS","B",,,1,1,2024,"1.55","0.12","1","2.45",,,665828,2,6,"Bot",,,,,,,4.003088356061368,-124.57719639717362,-1.6487917200338567,14.992541451977717,29.74375687558007,-30.770181764465477,"3.17","1.38",,,,"84",2511,"5.7",745693,643376,657136,663853,646240,596115,680776,678882,641933,"54.84",,,,,,,,53,3,"Slider",4,2,4,2,2,4,4,2,"Standard","Standard",67,"0","0.042",,,,"-0.042",,2,2,"0.838","0.838",23,31,24,32,1,2,2,4,5,4,"3.04","-1.55","-1.55","29.7"
"SL","2024-09-15","87.9","-1.9","5.74","Guerrero, Luis",624431,692285,,"ball",,,,,14,"Jose Trevino called out on strikes.","R","R","R","NYY","BOS","B",,,0,1,2024,"1.43","-0.16","1.13","2.09",,,665828,2,6,"Bot",,,,,,,4.333188492150905,-127.74118689711081,-2.22822686282768,14.333823251275875,32.453842715870344,-33.55803262711228,"3.06","1.46",,,,"86.2",2550,"5.8",745693,643376,657136,663853,646240,596115,680776,678882,641933,"54.68",,,,,,,,53,2,"Slider",4,2,4,2,2,4,4,2,"Standard","Standard",79,"0","0.027",,,,"-0.027",,2,2,"0.838","0.838",23,31,24,32,1,2,2,4,5,4,"3.17","-1.43","-1.43","33.5"
"SL","2024-09-15","86.9","-1.86","5.81","Guerrero, Luis",624431,692285,,"called_strike",,,,,12,"Jose Trevino called out on strikes.","R","R","R","NYY","BOS","S",,,0,0,2024,"0.87","0.43","0.59","3.36",,,665828,2,6,"Bot",,,,,,,4.047933419895097,-126.4707818289919,-0.5487808786294182,8.44440519246112,26.535319165144266,-27.71321475615185,"3.22","1.54",,,,"85.7",2556,"5.6",745693,643376,657136,663853,646240,596115,680776,678882,641933,"54.94",,,,,,,,53,1,"Slider",4,2,4,2,2,4,4,2,"Standard","Standard",80,"0","-0.039",,,,"0.039",,2,2,"0.838","0.838",23,31,24,32,1,2,2,4,5,4,"2.6","-0.87","-0.87","33.9"
"CH","2024-09-15","87.8","-1.94","5.89","Guerrero, Luis",665828,692285,"single","hit_into_play",,,,,13,"Oswaldo Cabrera singles on a ground ball to left fielder Jarren Duran.","R","L","R","NYY","BOS","X",7,"ground_ball",2,1,2024,"-1.58","0.16","-0.99","2.02",,,,2,6,"Bot",89.73,117.68,,,,,5.489359720444001,-127.67528490145993,-3.527822299343944,-18.36511993479558,26.908260711002278,-29.872026786022822,"3.11","1.46",120,"79.2",9,"86.7",1775,"5.7",745693,643376,657136,663853,646240,596115,680776,678882,641933,"54.83",0.38,0.36,"0.9",1,1,0,4,52,4,"Changeup",4,2,4,2,2,4,4,2,"Infield shade","Standard",244,"0.007","0.11","48.6","7.0",0.441,"-0.11","88.0",2,2,"0.831","0.831",23,25,24,25,1,2,2,4,5,2,"2.8","1.58","-1.58","29.3"
"CH","2024-09-15","88","-2.03","5.83","Guerrero, Luis",665828,692285,,"ball",,,,,13,"Oswaldo Cabrera singles on a ground ball to left fielder Jarren Duran.","R","L","R","NYY","BOS","B",,,1,1,2024,"-1.37","0.32","-1.56","2.23",,,,2,6,"Bot",,,,,,,3.9345842675454716,-128.15254575211225,-3.3071681658174588,-15.954671267086844,24.90754056846966,-28.13158490049985,"3.29","1.42",,,,"87.4",1925,"5.7",745693,643376,657136,663853,646240,596115,680776,678882,641933,"54.78",,,,,,,,52,3,"Changeup",4,2,4,2,2,4,4,2,"Infield shade","Standard",244,"0","0.023",,,,"-0.023",,2,2,"0.831","0.831",23,25,24,25,1,2,2,4,5,2,"2.6","1.37","-1.37","30.7"
"CH","2024-09-15","89.3","-2","5.97","Guerrero, Luis",665828,692285,,"ball",,,,,14,"Oswaldo Cabrera singles on a ground ball to left fielder Jarren Duran.","R","L","R","NYY","BOS","B",,,0,1,2024,"-1.55","0.47","0.57","0.85",,,,2,6,"Bot",,,,,,,9.462705516745292,-129.678267021902,-7.541278535454428,-19.36197285506646,24.27648823174636,-25.489240937479547,"3.22","1.5",,,,"88.7",1898,"5.8",745693,643376,657136,663853,646240,596115,680776,678882,641933,"54.71",,,,,,,,52,2,"Changeup",4,2,4,2,2,4,4,2,"Standard","Standard",240,"0","0.011",,,,"-0.011",,2,2,"0.831","0.831",23,25,24,25,1,2,2,4,5,2,"2.37","1.55","-1.55","30.3"
"FF","2024-09-15","97.4","-1.7","6.14","Guerrero, Luis",665828,692285,,"swinging_strike",,,,,5,"Oswaldo Cabrera singles on a ground ball to left fielder Jarren Duran.","R","L","R","NYY","BOS","S",,,0,0,2024,"-0.81","1.26","0.09","2.34",,,,2,6,"Bot",,,,,,,6.638578519552856,-141.59145287114737,-7.493612247762405,-12.498193283589975,33.80591213859995,-13.660891505781246,"3.11","1.46",,,,"96.5",2161,"6",745693,643376,657136,663853,646240,596115,680776,678882,641933,"54.54",,,,,,,,52,1,"4-Seam Fastball",4,2,4,2,2,4,4,2,"Infield shade","Standard",217,"0","-0.016","70.3","7.2",,"0.016",,2,2,"0.831","0.831",23,25,24,25,1,2,2,4,5,2,"1.16","0.81","-0.81","36.4"
"FF","2024-09-15","98","-1.74","6.12","Guerrero, Luis",683011,692285,"strikeout","swinging_strike",,,,,8,"Anthony Volpe strikes out swinging.","R","R","R","NYY","BOS","S",2,,2,2,2024,"-0.92","1.38","0.1","2.02",,,,1,6,"Bot",,,,,,,7.058137682898015,-142.39248802283768,-8.737137423392872,-14.147230959789875,30.76965115798795,-11.530010779197394,"3.37","1.57",,,,"97.6",2268,"6",745693,643376,657136,663853,646240,596115,680776,678882,641933,"54.51",,0,"0",1,0,0,,51,5,"4-Seam Fastball",4,2,4,2,2,4,4,2,"Standard","Standard",215,"-0.009","-0.142","68.2","6.8",,"0.142",,2,2,"0.84","0.84",23,23,24,23,1,2,2,1,5,3,"0.99","0.92","0.92","36.2"
"SL","2024-09-15","85.5","-1.84","5.87","Guerrero, Luis",683011,692285,,"called_strike",,,,,6,"Anthony Volpe strikes out swinging.","R","R","R","NYY","BOS","S",,,2,1,2024,"0.64","0.18","0.73","2.25",,,,1,6,"Bot",,,,,,,4.709849302594866,-124.39969891220879,-2.5583566717568917,5.667366799522039,25.761280489548753,-30.002433779264276,"3.45","1.57",,,,"84.5",2594,"5.7",745693,643376,657136,663853,646240,596115,680776,678882,641933,"54.79",,,,,,,,51,4,"Slider",4,2,4,2,2,4,4,2,"Standard","Standard",57,"0","-0.049",,,,"0.049",,2,2,"0.84","0.84",23,23,24,23,1,2,2,1,5,3,"2.95","-0.64","-0.64","33.3"
"SL","2024-09-15","85.8","-2.01","5.84","Guerrero, Luis",683011,692285,,"called_strike",,,,,4,"Anthony Volpe strikes out swinging.","R","R","R","NYY","BOS","S",,,2,0,2024,"0.73","0.19","-0.73","2.26",,,,1,6,"Bot",,,,,,,1.5332308940027415,-125.00039629293647,-2.6035815507880553,7.381475816181237,24.705231922699962,-29.888271170695248,"3.52","1.53",,,,"85.2",2515,"5.8",745693,643376,657136,663853,646240,596115,680776,678882,641933,"54.73",,,,,,,,51,3,"Slider",4,2,4,2,2,4,4,2,"Standard","Standard",68,"0","-0.041",,,,"0.041",,2,2,"0.84","0.84",23,23,24,23,1,2,2,1,5,3,"2.9","-0.73","-0.73","32.2"
"FF","2024-09-15","96.9","-1.85","6.25","Guerrero, Luis",683011,692285,,"ball",,,,,11,"Anthony Volpe strikes out swinging.","R","R","R","NYY","BOS","B",,,1,0,2024,"-0.95","1.47","-1.19","3.24",,,,1,6,"Bot",,,,,,,3.8714119431706178,-140.95633772842663,-5.775796486633559,-13.498479756643711,32.89245942675769,-11.477640436910294,"3.46","1.51",,,,"95.7",2249,"5.7",745693,643376,657136,663853,646240,596115,680776,678882,641933,"54.82",,,,,,,,51,2,"4-Seam Fastball",4,2,4,2,2,4,4,2,"Standard","Standard",220,"0","0.046",,,,"-0.046",,2,2,"0.84","0.84",23,23,24,23,1,2,2,1,5,3,"0.96","0.95","0.95","37.1"
"FF","2024-09-15","97.9","-1.96","6.08","Guerrero, Luis",683011,692285,,"ball",,,,,11,"Anthony Volpe strikes out swinging.","R","R","R","NYY","BOS","B",,,0,0,2024,"-0.82","1.35","-1.33","3.16",,,,1,6,"Bot",,,,,,,3.562170141946631,-142.52923742277494,-5.4680583728067225,-12.035210639075306,33.00712888975447,-12.771342056349761,"3.31","1.4",,,,"96.8",2178,"5.7",745693,643376,657136,663853,646240,596115,680776,678882,641933,"54.84",,,,,,,,51,1,"4-Seam Fastball",4,2,4,2,2,4,4,2,"Standard","Standard",218,"0","0.025",,,,"-0.025",,2,2,"0.84","0.84",23,23,24,23,1,2,2,1,5,3,"1.03","0.82","0.82","34.7"
"CH","2024-09-15","88.2","-2.11","5.88","Guerrero, Luis",691176,692285,"field_out","hit_into_play",,,,,7,"Jasson Domínguez grounds out, second baseman Romy Gonzalez to first baseman Connor Wong.","R","L","R","NYY","BOS","X",4,"ground_ball",0,0,2024,"-1.34","0.41","-0.48","1.79",,,,0,6,"Bot",157.32,156.44,,,,,6.580558111958426,-128.32665389138714,-4.652115336955866,-16.142388043211703,24.934935865919375,-26.93482347002752,"3.38","1.52",4,"91.8",-24,"86.5",1924,"5.1",745693,643376,657136,663853,646240,596115,680776,678882,641933,"55.42",0.097,0.086,"0",1,0,0,2,50,1,"Changeup",4,2,4,2,2,4,4,2,"Infield shade","Standard",240,"-0.012","-0.228","79.8","7.8",0.1,"0.228","91.8",2,2,"0.852","0.852",23,21,24,21,1,2,2,1,5,2,"2.51","1.34","-1.34",
"FF","2024-09-13","97.3","-1.95","6.15","Guerrero, Luis",657077,692285,"strikeout","called_strike",,,,,13,"Alex Verdugo called out on strikes.","R","L","R","NYY","BOS","S",2,,0,2,2024,"-0.77","1.34","-0.92","2.3",,,,2,8,"Bot",,,,,,,4.488954277829265,-141.4437339030192,-7.783221351832461,-11.417894053412303,32.17903380649926,-12.665371257516776,"3.47","1.6",,,,"96.4",2146,"5.9",745696,657136,671213,678882,646240,596115,641933,680776,677800,"54.65",,0,"0",1,0,0,,70,3,"4-Seam Fastball",5,4,5,4,4,5,5,4,"Infield shade","Standard",216,"-0.007","-0.061",,,,"0.061",,1,1,"0.849","0.849",23,28,24,28,1,3,3,2,2,1,"1.08","0.77","-0.77","36.7"
"FF","2024-09-13","97.9","-2.05","6.12","Guerrero, Luis",657077,692285,,"called_strike",,,,,4,"Alex Verdugo called out on strikes.","R","L","R","NYY","BOS","S",,,0,1,2024,"-0.8","1.39","-0.68","2.56",,,,2,8,"Bot",,,,,,,5.469316298764629,-142.3011346689941,-7.243403998184238,-12.091138349769732,32.72966951496831,-11.837137975785154,"3.52","1.57",,,,"96.9",2204,"5.8",745696,657136,671213,678882,646240,596115,641933,680776,677800,"54.69",,,,,,,,70,2,"4-Seam Fastball",5,4,5,4,4,5,5,4,"Infield shade","Standard",219,"0","-0.022",,,,"0.022",,1,1,"0.849","0.849",23,28,24,28,1,3,3,2,2,1,"1","0.8","-0.8","37.4"
"SL","2024-09-13","86.9","-2.39","5.81","Guerrero, Luis",657077,692285,,"called_strike",,,,,5,"Alex Verdugo called out on strikes.","R","L","R","NYY","BOS","S",,,0,0,2024,"0.93","0.29","-0.04","2.46",,,,2,8,"Bot",,,,,,,3.6746393981400436,-126.51975301550897,-2.4096492025824388,9.222113390962466,26.425727895156076,-28.8039075955939,"3.44","1.6",,,,"86",2584,"5.8",745696,657136,671213,678882,646240,596115,641933,680776,677800,"54.74",,,,,,,,70,1,"Slider",5,4,5,4,4,5,5,4,"Infield shade","Standard",72,"0","-0.016",,,,"0.016",,1,1,"0.849","0.849",23,28,24,28,1,3,3,2,2,1,"2.73","-0.93","0.93","33.3"
"FF","2024-09-13","98.2","-1.86","6.13","Guerrero, Luis",683011,692285,"strikeout","called_strike",,,,,8,"Anthony Volpe called out on strikes.","R","R","R","NYY","BOS","S",2,,0,2,2024,"-0.69","1.4","0.09","1.82",,,,1,8,"Bot",,,,,,,6.767585414840286,-142.6487796787592,-9.33773179621353,-10.904475846338675,32.23109228174321,-11.128252402080452,"3.51","1.59",,,,"97.1",2178,"5.7",745696,657136,671213,678882,646240,596115,641933,680776,677800,"54.75",,0,"0",1,0,0,,69,4,"4-Seam Fastball",5,4,5,4,4,5,5,4,"Standard","Standard",217,"-0.009","-0.102",,,,"0.102",,1,1,"0.858","0.858",23,23,24,23,1,3,3,1,2,1,"0.97","0.69","0.69","37.0"
"SL","2024-09-13","86.5","-2.1","5.89","Guerrero, Luis",683011,692285,,"foul",,,,,14,"Anthony Volpe called out on strikes.","R","R","R","NYY","BOS","S",,,0,2,2024,"0.75","0.49","1.05","2.02",,,,1,8,"Bot",,,,,,,5.947533619810797,-125.80369299855175,-3.976626820642019,6.740347844902865,25.513036873315194,-26.412955650713037,"3.36","1.58",132,"68.4",69,"86",2728,"6",745696,657136,671213,678882,646240,596115,641933,680776,677800,"54.52",,,,,,,,69,3,"Slider",5,4,5,4,4,5,5,4,"Standard","Standard",62,"0","0","64.8","8.1",,"0","88.0",1,1,"0.858","0.858",23,23,24,23,1,3,3,1,2,1,"2.56","-0.75","-0.75","33.6"
"SL","2024-09-13","86.4","-2.17","5.94","Guerrero, Luis",683011,692285,,"called_strike",,,,,2,"Anthony Volpe called out on strikes.","R","R","R","NYY","BOS","S",,,0,1,2024,"0.66","0.09","-0.26","2.92",,,,1,8,"Bot",,,,,,,3.166044236616269,-125.81480421950141,-1.1510304671460188,6.352815980390397,25.746720832094294,-31.199933429765732,"3.44","1.61",,,,"85.5",2656,"5.7",745696,657136,671213,678882,646240,596115,641933,680776,677800,"54.82",,,,,,,,69,2,"Slider",5,4,5,4,4,5,5,4,"Standard","Standard",66,"0","-0.036",,,,"0.036",,1,1,"0.858","0.858",23,23,24,23,1,3,3,1,2,1,"2.96","-0.66","-0.66","33.4"
"FF","2024-09-13","98.5","-1.94","6.06","Guerrero, Luis",683011,692285,,"called_strike",,,,,4,"Anthony Volpe called out on strikes.","R","R","R","NYY","BOS","S",,,0,0,2024,"-0.95","1.29","-0.64","2.42",,,,1,8,"Bot",,,,,,,5.685932763605826,-143.170055070023,-7.371658989151193,-14.359760476392212,33.65959002709786,-12.94709048429714,"3.42","1.6",,,,"97.7",2232,"6",745696,657136,671213,678882,646240,596115,641933,680776,677800,"54.53",,,,,,,,69,1,"4-Seam Fastball",5,4,5,4,4,5,5,4,"Standard","Standard",221,"0","-0.023",,,,"0.023",,1,1,"0.858","0.858",23,23,24,23,1,3,3,1,2,1,"1.07","0.95","0.95","35.6"
"CH","2024-09-13","88.4","-2.15","5.79","Guerrero, Luis",519203,692285,"field_out","hit_into_play",,,,,7,"Anthony Rizzo flies out to center fielder Jarren Duran.","R","L","R","NYY","BOS","X",8,"fly_ball",1,1,2024,"-1.52","0.41","-0.39","1.83",,,,0,8,"Bot",153.87,59.29,,,,,7.365786595293808,-128.44935171433164,-4.3798387241641,-18.345792700232913,26.762977846917515,-26.87580904695618,"3.64","1.75",352,"96.1",33,"87.4",1929,"5.8",745696,657136,671213,678882,646240,596115,641933,680776,677800,"54.74",0.2,0.383,"0",1,0,0,5,68,3,"Changeup",5,4,5,4,4,5,5,4,"Infield shade","Standard",239,"-0.013","-0.218",,,0.721,"0.218","96.1",1,1,"0.871","0.871",23,34,24,35,1,3,3,1,2,1,"2.51","1.52","-1.52","27.3"
"FF","2024-09-13","97.1","-2.15","5.96","Guerrero, Luis",519203,692285,,"called_strike",,,,,6,"Anthony Rizzo flies out to center fielder Jarren Duran.","R","L","R","NYY","BOS","S",,,1,0,2024,"-0.78","1.37","0.59","2.44",,,,0,8,"Bot",,,,,,,9.05858186371196,-140.92762299697966,-6.947715424335535,-12.53500684469463,32.40671000256881,-12.427183187887639,"3.64","1.71",,,,"96.2",2169,"6",745696,657136,671213,678882,646240,596115,641933,680776,677800,"54.53",,,,,,,,68,2,"4-Seam Fastball",5,4,5,4,4,5,5,4,"Infield shade","Standard",223,"0","-0.044",,,,"0.044",,1,1,"0.871","0.871",23,34,24,35,1,3,3,1,2,1,"1.06","0.78","-0.78","31.6"
"FF","2024-09-13","97.7","-2.17","6.13","Guerrero, Luis",519203,692285,,"ball",,,,,11,"Anthony Rizzo flies out to center fielder Jarren Duran.","R","L","R","NYY","BOS","B",,,0,0,2024,"-0.93","1.25","-1.4","3.74",,,,0,8,"Bot",,,,,,,4.171738197007623,-142.17044828376268,-3.787567806595209,-13.581684242487746,33.229433752643615,-14.539988711708867,"3.64","1.78",,,,"96.6",2222,"5.7",745696,657136,671213,678882,646240,596115,641933,680776,677800,"54.79",,,,,,,,68,1,"4-Seam Fastball",5,4,5,4,4,5,5,4,"Infield shade","Standard",221,"0","0.034",,,,"-0.034",,1,1,"0.871","0.871",23,34,24,35,1,3,3,1,2,1,"1.14","0.93","-0.93","35.6"
"SL","2024-09-10","86.6","-2.19","5.64","Guerrero, Luis",543510,692285,"field_out","hit_into_play",,,,,6,"James McCann flies out to left fielder Tyler O'Neill.","R","R","R","BOS","BAL","X",7,"fly_ball",0,0,2024,"0.98","0.55","0.53","2.15",,,,2,8,"Top",81.09,80.51,,,,,4.461160570777118,-126.01080777617106,-3.2218879920823262,9.496984245993453,25.8864172324989,-25.83736177747289,"3.44","1.57",313,"84.8",34,"85.8",2477,"5.8",746907,657136,671213,663853,646240,678882,641933,680776,677800,"54.73",0.026,0.039,"0",1,0,0,3,63,1,"Slider",1,5,5,1,5,1,5,1,"Standard","Standard",72,"0.002","-0.099","71.5","7.6",0.063,"0.099","88.0",-4,4,"0.037","0.963",23,34,24,34,1,3,2,3,3,4,"2.49","-0.98","-0.98","31.5"
"CH","2024-09-10","89.6","-1.97","5.66","Guerrero, Luis",702616,692285,"strikeout","swinging_strike",,,,,13,"Jackson Holliday strikes out swinging.","R","L","R","BOS","BAL","S",2,,1,2,2024,"-1.47","0.34","-1.14","1.5",,,,1,8,"Top",,,,,,,5.079380226858941,-130.4074234981855,-4.93648562083683,-17.829222783667344,27.577159925808648,-27.42520478639436,"3.36","1.54",,,,"88.4",2000,"5.5",746907,657136,671213,663853,646240,678882,641933,680776,677800,"54.98",,0,"0",1,0,0,,62,4,"Changeup",1,5,5,1,5,1,5,1,"Infield shade","Standard",238,"0.002","-0.115","72.7","7.7",,"0.115",,-4,4,"0.035","0.965",23,20,24,21,1,3,2,1,3,1,"2.5","1.47","-1.47","28.0"
"CH","2024-09-10","90.2","-1.99","5.6","Guerrero, Luis",702616,692285,,"ball",,,,,13,"Jackson Holliday strikes out swinging.","R","L","R","BOS","BAL","B",,,0,2,2024,"-1.39","0.16","-0.28","0.73",,,,1,8,"Top",,,,,,,7.115584093670331,-131.04323078605265,-6.389851693449214,-17.560512091372335,28.222512439048103,-29.133671040405932,"3.48","1.63",,,,"88.9",2027,"5.6",746907,657136,671213,663853,646240,678882,641933,680776,677800,"54.9",,,,,,,,62,3,"Changeup",1,5,5,1,5,1,5,1,"Infield shade","Standard",240,"0","0.013",,,,"-0.013",,-4,4,"0.035","0.965",23,20,24,21,1,3,2,1,3,1,"2.66","1.39","-1.39","25.7"
"FF","2024-09-10","98.1","-1.81","5.84","Guerrero, Luis",702616,692285,,"swinging_strike",,,,,4,"Jackson Holliday strikes out swinging.","R","L","R","BOS","BAL","S",,,0,1,2024,"-0.87","1.55","-0.42","2.79",,,,1,8,"Top",,,,,,,5.69544161329285,-142.645470097098,-6.288089128461864,-13.223680881380389,35.13631966052021,-9.726216463254701,"3.36","1.54",,,,"96.8",2229,"5.8",746907,657136,671213,663853,646240,678882,641933,680776,677800,"54.72",,,,,,,,62,2,"4-Seam Fastball",1,5,5,1,5,1,5,1,"Standard","Standard",217,"0","-0.036","67.7","6.2",,"0.036",,-4,4,"0.035","0.965",23,20,24,21,1,3,2,1,3,1,"0.83","0.87","-0.87","34.0"
"FF","2024-09-10","98.2","-1.82","5.89","Guerrero, Luis",702616,692285,,"called_strike",,,,,4,"Jackson Holliday strikes out swinging.","R","L","R","BOS","BAL","S",,,0,0,2024,"-0.88","1.52","-0.51","2.98",,,,1,8,"Top",,,,,,,5.519272970940671,-142.71891052284886,-5.781077812479937,-13.37350556705225,35.6086347259644,-10.275721656992493,"3.59","1.74",,,,"96.6",2326,"5.6",746907,657136,671213,663853,646240,678882,641933,680776,677800,"54.87",,,,,,,,62,1,"4-Seam Fastball",1,5,5,1,5,1,5,1,"Standard","Standard",219,"0","-0.023",,,,"0.023",,-4,4,"0.035","0.965",23,20,24,21,1,3,2,1,3,1,"0.86","0.88","-0.88","35.1"
"SL","2024-09-10","84.5","-1.8","5.64","Guerrero, Luis",656896,692285,"strikeout","swinging_strike",,,,,14,"Emmanuel Rivera strikes out swinging.","R","R","R","BOS","BAL","S",2,,1,2,2024,"1.41","0.2","1.19","1.82",,,,0,8,"Top",,,,,,,4.114591812114677,-123.02163035840375,-2.9179769588578766,13.510415517276671,24.75527114690738,-29.80117737704203,"3.39","1.63",,,,"83.7",2650,"5.7",746907,657136,671213,663853,646240,678882,641933,680776,677800,"54.76",,0,"0",1,0,0,,61,4,"Slider",1,5,5,1,5,1,5,1,"Standard","Standard",68,"0.003","-0.167","69.9","7.8",,"0.167",,-4,4,"0.032","0.968",23,28,24,28,1,0,2,1,3,1,"3","-1.41","-1.41","30.3"
"SL","2024-09-10","85.5","-1.82","5.76","Guerrero, Luis",656896,692285,,"foul",,,,,3,"Emmanuel Rivera strikes out swinging.","R","R","R","BOS","BAL","S",,,1,1,2024,"1.22","0.02","0.33","3",,,,0,8,"Top",,,,,,,2.5970634454539314,-124.44601596485566,-0.15278823155546184,11.86571323273534,29.091287172204765,-32.200634389395006,"3.39","1.63",209,"68.3",34,"83.9",2561,"5.6",746907,657136,671213,663853,646240,678882,641933,680776,677800,"54.88",,,,,,,,61,3,"Slider",1,5,5,1,5,1,5,1,"Standard","Standard",80,"0","-0.051","68.9","6.6",,"0.051","88.0",-4,4,"0.032","0.968",23,28,24,28,1,0,2,1,3,1,"3.14","-1.22","-1.22","32.6"
"SL","2024-09-10","84.9","-1.85","5.86","Guerrero, Luis",656896,692285,,"ball",,,,,11,"Emmanuel Rivera strikes out swinging.","R","R","R","BOS","BAL","B",,,0,1,2024,"0.94","0.33","-0.13","3.6",,,,0,8,"Top",,,,,,,2.1249224580900425,-123.58543745729162,0.39618773513924055,9.138240709214585,26.20052569136615,-29.11881418938081,"3.39","1.72",,,,"83.4",2574,"5.5",746907,657136,671213,663853,646240,678882,641933,680776,677800,"55.05",,,,,,,,61,2,"Slider",1,5,5,1,5,1,5,1,"Standard","Standard",75,"0","0.023",,,,"-0.023",,-4,4,"0.032","0.968",23,28,24,28,1,0,2,1,3,1,"2.85","-0.94","-0.94","34.4"
"FF","2024-09-10","97.4","-1.72","5.97","Guerrero, Luis",656896,692285,,"swinging_strike",,,,,4,"Emmanuel Rivera strikes out swinging.","R","R","R","BOS","BAL","S",,,0,0,2024,"-0.7","1.52","-0.44","2.79",,,,0,8,"Top",,,,,,,4.9906297579778816,-141.6419597569756,-6.422771816549889,-10.624703758448721,32.77675936993901,-10.446292193208306,"3.39","1.63",,,,"96",2182,"5.6",746907,657136,671213,663853,646240,678882,641933,680776,677800,"54.93",,,,,,,,61,1,"4-Seam Fastball",1,5,5,1,5,1,5,1,"Standard","Standard",221,"0","-0.033","79.8","6.7",,"0.033",,-4,4,"0.032","0.968",23,28,24,28,1,0,2,1,3,1,"0.89","0.7","0.7","35.3"
"CH","2024-09-10","90.3","-1.97","5.79","Guerrero, Luis",681297,692285,"field_out","hit_into_play",,,,,13,"Colton Cowser grounds out to first baseman Triston Casas.","R","L","R","BOS","BAL","X",3,"ground_ball",1,2,2024,"-1.55","0.24","-0.91","1.73",,656811,668939,2,7,"Top",147.64,169.25,,,,,5.837071945144682,-131.36168275878632,-4.640213933238597,-19.1572922165902,27.829300679414498,-28.595730804518322,"3.32","1.61",3,"64.7",-31,"89.2",1902,"5.6",746907,657136,671213,665839,646240,678882,641933,680776,677800,"54.87",0.069,0.067,"0",1,0,0,2,57,5,"Changeup",1,5,5,1,5,1,5,1,"Standard","Standard",236,"0.01","-0.301","69.3","7.4",0.071,"0.301","88.0",-4,4,"0.054","0.946",23,24,24,24,1,3,2,1,3,1,"2.56","1.55","-1.55","30.8"
"FF","2024-09-10","97.4","-1.59","6.08","Guerrero, Luis",681297,692285,,"foul",,,,,1,"Colton Cowser grounds out to first baseman Triston Casas.","R","L","R","BOS","BAL","S",,,1,2,2024,"-0.76","1.3","-0.82","3.35",,656811,668939,2,7,"Top",,,,,,,3.754572609463995,-141.71117628529407,-4.705885900741563,-11.164264222631731,34.62057020771941,-13.86221646214955,"3.32","1.61",,,,"95.8",2237,"5.5",746907,657136,671213,665839,646240,678882,641933,680776,677800,"54.96",,,,,,,,57,4,"4-Seam Fastball",1,5,5,1,5,1,5,1,"Standard","Standard",219,"0","0","71.7","5.7",,"0",,-4,4,"0.054","0.946",23,24,24,24,1,3,2,1,3,1,"1.12","0.76","-0.76","35.5"
"FF","2024-09-10","97","-1.79","5.9","Guerrero, Luis",681297,692285,,"foul",,,,,2,"Colton Cowser grounds out to first baseman Triston Casas.","R","L","R","BOS","BAL","S",,,1,1,2024,"-0.78","1.35","0.11","2.87",,656811,668939,2,7,"Top",,,,,,,6.817174943227516,-141.08835745028168,-5.575466014866146,-12.026520450449297,32.099567997146494,-13.099817943649095,"3.32","1.61",,,,"96.1",2110,"5.8",746907,657136,671213,665839,646240,678882,641933,680776,677800,"54.73",,,,,,,,57,3,"4-Seam Fastball",1,5,5,1,5,1,5,1,"Standard","Standard",215,"0","-0.121","74.1","6.2",,"0.121",,-4,4,"0.054","0.946",23,24,24,24,1,3,2,1,3,1,"1.08","0.78","-0.78","35.1"
"FF","2024-09-10","97.8","-1.91","5.89","Guerrero, Luis",681297,692285,,"foul",,,,,5,"Colton Cowser grounds out to first baseman Triston Casas.","R","L","R","BOS","BAL","S",,,1,0,2024,"-0.71","1.36","0.04","2.58",,656811,668939,2,7,"Top",,,,,,,6.79415435471773,-142.30173137941404,-6.519701116761576,-11.134172718577952,30.971101582890924,-12.379996335801899,"3.32","1.61",210,"80.6",22,"96.9",2179,"5.7",746907,657136,671213,665839,646240,678882,641933,680776,677800,"54.83",,,,,,,,57,2,"4-Seam Fastball",1,5,5,1,5,1,5,1,"Standard","Standard",222,"0","-0.066","74.7","6.0",,"0.066","88.0",-4,4,"0.054","0.946",23,24,24,24,1,3,2,1,3,1,"1.01","0.71","-0.71","34.4"
"CH","2024-09-10","88.9","-2.1","5.69","Guerrero, Luis",681297,692285,,"ball",,,,,11,"Colton Cowser grounds out to first baseman Triston Casas.","R","L","R","BOS","BAL","B",,,0,0,2024,"-1.47","0.52","-1.8","3.22",,656811,668939,2,7,"Top",,,,,,,3.7496080627444472,-129.47791273607038,-1.1210019534993296,-17.355963233728378,26.959070381421707,-26.258669307608923,"3.32","1.58",,,,"87.7",1923,"5.5",746907,657136,671213,665839,646240,678882,641933,680776,677800,"55",,,,,,,,57,1,"Changeup",1,5,5,1,5,1,5,1,"Standard","Standard",236,"0","0.042",,,,"-0.042",,-4,4,"0.054","0.946",23,24,24,24,1,3,2,1,3,1,"2.35","1.47","-1.47","27.5"
"CH","2024-09-10","87.4","-1.88","5.75","Guerrero, Luis",668939,692285,"single","hit_into_play",,,,,13,"Adley Rutschman singles on a ground ball to left fielder Tyler O'Neill.   Gunnar Henderson scores.    Anthony Santander scores.    Ryan O'Hearn to 2nd.","R","L","R","BOS","BAL","X",7,"ground_ball",3,2,2024,"-1.48","-0.07","-0.84","1.98",683002,623993,656811,2,7,"Top",99.8,113.05,,,,,5.47356348107729,-127.12061709798449,-2.763451593360272,-17.21971276081803,26.364255427164185,-32.601440145921956,"3.34","1.61",142,"97.7",6,"86.2",1891,"5.6",746907,657136,671213,665839,646240,678882,641933,680776,677800,"54.93",0.594,0.587,"0.9",1,1,0,4,56,6,"Changeup",1,3,3,1,5,1,5,1,"Strategic","Standard",240,"-0.109","1.247","63.4","6.7",0.72,"-1.247","97.7",-2,2,"0.163","0.837",23,26,24,26,1,3,2,1,3,1,"3.06","1.48","-1.48","29.7"
"FF","2024-09-10","97.3","-1.74","6.03","Guerrero, Luis",668939,692285,,"ball",,,,,11,"Adley Rutschman singles on a ground ball to left fielder Tyler O'Neill.   Gunnar Henderson scores.    Anthony Santander scores.    Ryan O'Hearn to 2nd.","R","L","R","BOS","BAL","B",,,2,2,2024,"-0.95","1.3","-1.37","3.78",683002,623993,656811,2,7,"Top",,,,,,,3.130470104434485,-141.76766128216363,-3.467168206713959,-13.591232185442434,31.953533288878127,-14.064254275173012,"3.34","1.61",,,,"96.3",2192,"5.6",746907,657136,671213,665839,646240,678882,641933,680776,677800,"54.91",,,,,,,,56,5,"4-Seam Fastball",1,3,3,1,3,1,3,1,"Strategic","Standard",222,"0","0.3",,,,"-0.3",,-2,2,"0.163","0.837",23,26,24,26,1,3,2,1,3,1,"1.1","0.95","-0.95","35.0"
"FF","2024-09-10","97","-2","5.9","Guerrero, Luis",668939,692285,,"ball",,,,,11,"Adley Rutschman singles on a ground ball to left fielder Tyler O'Neill.   Gunnar Henderson scores.    Anthony Santander scores.    Ryan O'Hearn to 2nd.","R","L","R","BOS","BAL","B",,,1,2,2024,"-0.94","1.39","-1.36","3.33",683002,623993,656811,2,7,"Top",,,,,,,3.780304485575622,-141.1990345763447,-4.495499541345591,-13.393795596338903,31.205643194902056,-12.70656337007008,"3.34","1.64",,,,"95.9",2184,"5.6",746907,657136,671213,665839,646240,678882,641933,680776,677800,"54.91",,,,,,,,56,4,"4-Seam Fastball",1,3,3,1,3,1,3,1,"Strategic","Standard",222,"0","0.152",,,,"-0.152",,-2,2,"0.163","0.837",23,26,24,26,1,3,2,1,3,1,"1.02","0.94","-0.94","31.4"
"CH","2024-09-10","88.9","-1.92","5.69","Guerrero, Luis",668939,692285,,"foul",,,,,11,"Adley Rutschman singles on a ground ball to left fielder Tyler O'Neill.   Gunnar Henderson scores.    Anthony Santander scores.    Ryan O'Hearn to 2nd.","R","L","R","BOS","BAL","S",,,1,1,2024,"-1.47","0.57","-0.89","2.9",683002,623993,656811,2,7,"Top",,,,,,,5.518403194769137,-129.36087402726184,-1.9334564937386938,-17.655884813447766,28.681771783482887,-25.565893594475956,"3.34","1.61",199,"75.1",22,"87.4",1795,"5.5",746907,657136,671213,665839,646240,678882,641933,680776,677800,"55.01",,,,,,,,56,3,"Changeup",1,3,3,1,3,1,3,1,"Strategic","Standard",240,"0","-0.146","63.3","5.3",,"0.146","88.0",-2,2,"0.163","0.837",23,26,24,26,1,3,2,1,3,1,"2.33","1.47","-1.47","25.5"
"FF","2024-09-10","97.4","-1.76","5.93","Guerrero, Luis",668939,692285,,"called_strike",,,,,5,"Adley Rutschman singles on a ground ball to left fielder Tyler O'Neill.   Gunnar Henderson scores.    Anthony Santander scores.    Ryan O'Hearn to 2nd.","R","L","R","BOS","BAL","S",,,1,0,2024,"-0.86","1.3","-0.08","2.36",683002,623993,656811,2,7,"Top",,,,,,,6.412884903565855,-141.49766996978371,-6.932130664818054,-13.03311445010309,33.513364264380414,-13.250342933751275,"3.36","1.6",,,,"96",2127,"5.7",746907,657136,671213,665839,646240,678882,641933,680776,677800,"54.85",,,,,,,,56,2,"4-Seam Fastball",1,3,3,1,3,1,3,1,"Strategic","Standard",221,"0","-0.126",,,,"0.126",,-2,2,"0.163","0.837",23,26,24,26,1,3,2,1,3,1,"1.11","0.86","-0.86","34.9"
"CH","2024-09-10","87.7","-2.09","5.64","Guerrero, Luis",668939,692285,,"ball",,,,,13,"Adley Rutschman singles on a ground ball to left fielder Tyler O'Neill.   Gunnar Henderson scores.    Anthony Santander scores.    Ryan O'Hearn to 2nd.","R","L","R","BOS","BAL","B",,,0,0,2024,"-1.55","0.14","-0.91","2.12",683002,623993,656811,2,7,"Top",,,,,,,5.946847505527556,-127.62882808166516,-2.6205741349245577,-18.12954032050351,26.904621691030183,-30.331912203287786,"3.44","1.65",,,,"86.5",1773,"5.6",746907,657136,671213,665839,646240,678882,641933,680776,677800,"54.93",,,,,,,,56,1,"Changeup",1,3,3,1,3,1,3,1,"Standard","Standard",239,"0","0.089",,,,"-0.089",,-2,2,"0.163","0.837",23,26,24,26,1,3,2,1,3,1,"2.83","1.55","-1.55","28.1"
"CH","2024-09-08","88.7","-1.81","5.63","Guerrero, Luis",643217,692285,"field_out","hit_into_play",,,,,8,"Andrew Benintendi flies out to center fielder Jarren Duran.","R","L","R","BOS","CWS","X",8,"fly_ball",0,1,2024,"-1.54","0.41","-0.03","1.82",676113,,,2,9,"Top",142.63,112.14,,,,,7.419691762939733,-129.1646431950245,-4.175917846939592,-18.729689101445267,22.020367596061792,-26.994784138230433,"3.23","1.52",222,"87.2",54,"88.1",1851,"5.5",746910,657136,671213,686765,646240,596115,641933,680776,677800,"55.04",0.014,0.014,"0",1,0,0,3,69,2,"Changeup",2,7,7,2,7,2,7,2,"Infield shade","Standard",242,"0.001","-0.281","65.9","7.1",0.02,"0.281","88.0",-5,5,"0.006","0.994",23,29,24,30,1,4,,1,2,1,"2.44","1.54","-1.54","27.9"
"FF","2024-09-08","98.3","-1.62","5.88","Guerrero, Luis",643217,692285,,"called_strike",,,,,2,"Andrew Benintendi flies out to center fielder Jarren Duran.","R","L","R","BOS","CWS","S",,,0,0,2024,"-1.17","1.09","-0.28","2.86",676113,,,2,9,"Top",,,,,,,6.261239916249022,-143.02953783924485,-5.233124900420617,-17.484046187611643,29.360607467148988,-16.205650796389765,"3.39","1.55",,,,"97.6",2336,"5.6",746910,657136,671213,686765,646240,596115,641933,680776,677800,"54.86",,,,,,,,69,1,"4-Seam Fastball",2,7,7,2,7,2,7,2,"Infield shade","Standard",222,"0","-0.047",,,,"0.047",,-5,5,"0.006","0.994",23,29,24,30,1,4,,1,2,1,"1.25","1.17","-1.17","34.0"
"FF","2024-09-08","97.3","-1.53","5.84","Guerrero, Luis",673357,692285,"sac_fly","hit_into_play",,,,,6,"Luis Robert Jr.  out on a sacrifice fly to center fielder Jarren Duran.   Jacob Amaya scores.    Zach DeLoach to 3rd.","R","R","R","BOS","CWS","X",8,"fly_ball",3,2,2024,"-1.03","1.37","0.29","2.99",676070,676113,,1,9,"Top",159.42,46.89,,,,,7.1450186256519554,-141.44035482273605,-5.187917513991932,-15.4492842799651,32.327320543261834,-12.773097496430662,"3.85","1.79",385,"101.6",27,"96.3",2153,"5.8",746910,657136,671213,686765,646240,596115,641933,680776,677800,"54.74",0.683,1.266,"0",1,0,0,6,68,6,"4-Seam Fastball",2,6,6,2,7,2,7,2,"Strategic","Standard",215,"-0.002","-0.278","75.6","7.6",2.408,"0.278","101.6",-4,4,"0.008","0.992",23,26,24,27,1,4,,1,2,1,"1.04","1.03","1.03","33.4"
"FF","2024-09-08","97.8","-1.59","5.87","Guerrero, Luis",673357,692285,,"swinging_strike",,,,,1,"Luis Robert Jr.  out on a sacrifice fly to center fielder Jarren Duran.   Jacob Amaya scores.    Zach DeLoach to 3rd.","R","R","R","BOS","CWS","S",,,3,1,2024,"-1.11","1.51","-0.31","3.67",676070,676113,,1,9,"Top",,,,,,,5.939034167003218,-142.27000924296914,-3.8756371661164173,-16.460746424743586,31.827629565521644,-10.998639281299655,"3.85","1.79",,,,"96.9",2331,"5.7",746910,657136,671213,686765,646240,596115,641933,680776,677800,"54.77",,,,,,,,68,5,"4-Seam Fastball",2,6,6,2,6,2,6,2,"Strategic","Standard",217,"0","-0.258","76.9","7.0",,"0.258",,-4,4,"0.008","0.992",23,26,24,27,1,4,,1,2,1,"0.87","1.11","1.11","32.8"
"SL","2024-09-08","86.4","-1.83","5.53","Guerrero, Luis",673357,692285,,"blocked_ball",,,,,14,"Luis Robert Jr.  out on a sacrifice fly to center fielder Jarren Duran.   Jacob Amaya scores.    Zach DeLoach to 3rd.","R","R","R","BOS","CWS","B",,,2,1,2024,"0.75","0.13","1.74","0.59",676070,676113,,1,9,"Top",,,,,,,6.928987121653775,-125.51916808384657,-5.722900979580315,6.3710058617171335,27.38224956208141,-29.79311552728943,"3.85","1.76",,,,"85.5",2618,"6",746910,657136,671213,686765,646240,596115,641933,680776,677800,"54.52",,,,,,,,68,4,"Slider",2,6,6,2,6,2,6,2,"Strategic","Standard",90,"0","0.105",,,,"-0.105",,-4,4,"0.008","0.992",23,26,24,27,1,4,,1,2,1,"2.96","-0.75","-0.75","28.1"
"FF","2024-09-08","97.6","-1.57","5.92","Guerrero, Luis",673357,692285,,"ball",,,,,14,"Luis Robert Jr.  out on a sacrifice fly to center fielder Jarren Duran.   Jacob Amaya scores.    Zach DeLoach to 3rd.","R","R","R","BOS","CWS","B",,,1,1,2024,"-1.03","1.4","0.42","1.46",676070,676113,,1,9,"Top",,,,,,,7.647236104353344,-141.7922623438636,-9.628871027908136,-15.63132589943218,30.78377859371579,-11.276861672967508,"3.85","1.84",,,,"96.7",2246,"5.7",746910,657136,671213,686765,646240,596115,641933,680776,677800,"54.76",,,,,,,,68,3,"4-Seam Fastball",2,6,6,2,6,2,6,2,"Strategic","Standard",228,"0","0.073",,,,"-0.073",,-4,4,"0.008","0.992",23,26,24,27,1,4,,1,2,1,"0.99","1.03","1.03","34.3"
"SL","2024-09-08","85.6","-1.91","5.7","Guerrero, Luis",673357,692285,,"ball",,,,,13,"Luis Robert Jr.  out on a sacrifice fly to center fielder Jarren Duran.   Jacob Amaya scores.    Zach DeLoach to 3rd.","R","R","R","BOS","CWS","B",,,0,1,2024,"1.07","0.24","-0.04","1.51",676070,676113,,1,9,"Top",,,,,,,2.246460117839352,-124.73201391758576,-4.111400321380362,10.732521442438184,23.910568479685928,-29.062756198214256,"3.85","1.64",,,,"85",2637,"5.7",746910,657136,671213,686765,646240,596115,641933,680776,677800,"54.81",,,,,,,,68,2,"Slider",2,6,6,2,6,2,6,2,"Strategic","Standard",79,"0","0.031",,,,"-0.031",,-4,4,"0.008","0.992",23,26,24,27,1,4,,1,2,1,"2.85","-1.07","-1.07","31.5"
"FF","2024-09-08","97.9","-1.66","5.87","Guerrero, Luis",673357,692285,,"foul",,,,,5,"Luis Robert Jr.  out on a sacrifice fly to center fielder Jarren Duran.   Jacob Amaya scores.    Zach DeLoach to 3rd.","R","R","R","BOS","CWS","S",,,0,0,2024,"-1.09","1.3","-0.07","2.71",676070,676113,,1,9,"Top",,,,,,,6.726528416438127,-142.3989065528853,-5.963617384401821,-16.401874891263066,32.55967158923442,-13.326561119067598,"3.85","1.79",234,"73.5",50,"96.7",2326,"5.6",746910,657136,671213,686765,646240,596115,641933,680776,677800,"54.89",,,,,,,,68,1,"4-Seam Fastball",2,6,6,2,6,2,6,2,"Strategic","Standard",219,"0","-0.1","73.7","8.1",,"0.1","88.0",-4,4,"0.008","0.992",23,26,24,27,1,4,,1,2,1,"1.08","1.09","1.09","33.3"